,AATSC2c,AATSC0s,AATSC0are,BCUTv-1l,ETA_shape_y,ETA_dEpsilon_D,PEOE_VSA8,SlogP_VSA2,VSA_EState3,TopoPSA(NO),sp_h,sp_h_pre,split
0,0.0051593854331404,2.406913580246914,0.1454728888888888,14.70271053492066,0.2419354838709677,0.1043771043771043,12.393687143226153,10.891158250298714,0.0,55.98,13.1,13.393168096819384,train
1,-0.0019408493620471,0.2717373438527284,0.0596023668639052,15.58923770139086,0.2413793103448275,0.0,18.43552797237412,23.47631664038745,0.0,16.130000000000003,10.7,6.554236833878765,train
2,-0.0008864207434802,1.9820615243342523,0.1135537190082643,14.701789462593297,0.3380281690140844,0.038716049382716,12.338727669087405,34.490393034672515,20.540037422521088,74.6,12.4,12.817994051781508,train
3,-0.0017491429290219,2.4822485207100584,0.1207100591715975,14.702721421423911,0.0,0.0,6.4208216229260096,6.286160523129555,0.0,17.07,7.0,6.920420878531054,train
4,0.0423350216612915,,0.3755555555555555,14.710226951490483,0.0,0.7777777777777778,0.0,5.476191835881363,0.0,31.5,42.4,38.91178258184592,train
5,-0.0005479836423806,0.2320987654320987,0.0223999999999999,20.273157093326606,0.1428571428571428,0.0,0.0,0.0,0.0,0.0,0.0,1.9091435111494226,train
6,-0.0003369414879039,0.1565656565656565,0.0223140495867768,20.26647192171417,0.2,0.0,0.0,0.0,0.0,0.0,2.9,1.6750587809713284,train
7,0.008791386065505,3.817708333333333,0.2156249999999999,14.701218113472097,0.3333333333333333,0.1049999999999998,0.0,16.182360077633263,17.13959183673469,57.53,13.8,16.829923461998792,train
8,0.0003041684282533,5.2202498356344496,0.225992899408284,14.651598265187747,0.3506493506493506,0.0,18.77078544819892,10.965151877965631,9.50462962962963,43.14,4.1,6.377574367980067,train
9,-0.0014681858794114,1.9917355371900816,0.138181818181818,14.707202811627315,0.0,0.1183333333333334,13.213763929025836,23.42681871870725,16.606173469387755,40.46,17.8,17.898975714191998,train
10,0.0004596080768098,0.6162862492962435,0.0654244897959183,15.59610016418149,0.2430555555555555,0.1071428571428572,0.0,0.0,0.6180555555555558,26.02,9.2,11.837409054506328,train
11,-0.0007198949246511,0.209582560669952,0.0275222222222222,20.23524086592369,0.2368421052631579,0.0,4.472719515832414,0.0,2.552662037037037,0.0,4.1,1.996372725204326,train
12,0.0028822255451587,1.7694516418567638,0.1177512222222221,14.70144080492086,0.3159478435305918,0.0546604606754982,5.687386274683562,11.075832682792557,12.941774656364606,49.33,8.2,10.653038591668713,train
13,0.0013281177192777,0.4461728395061726,0.0998222222222221,14.705884795186112,0.2307692307692307,0.0,12.13273413692322,0.0,0.0,27.69,5.1,4.860113144806233,train
14,0.0032705503511391,0.9004718935756743,0.0852433593749999,15.59514486607193,0.3322784810126582,0.1738705738705737,5.687386274683562,0.0,0.5455555555555558,52.04,12.7,12.541335823551371,train
15,0.0013703567372411,1.2114496768236382,0.0850969529085872,14.708163859888886,0.28125,0.039141414141414,0.0,5.106527394840706,11.36431783824641,20.23,12.3,11.487959918533235,train
16,-0.0006028747242274,3.285481770833333,0.2310937499999999,14.701234067591008,0.1428571428571428,0.0763888888888888,6.076020106833881,24.28959661181839,8.099141156462585,46.53,13.4,12.258739760555494,train
17,-0.0002282486428222,2.3765432098765427,0.0754222222222221,15.579306338280608,0.0,0.0,6.4208216229260096,0.0,7.625,23.79,5.5,6.1643048249838275,train
18,0.0062015442318718,3.0035666554559186,0.2269338842975205,14.701470888125671,0.1735537190082644,0.0,11.600939890232516,12.0353690745091,0.0,26.3,6.8,6.822036291396411,train
19,-0.0151480701173053,10.499215892203932,0.4770234374999997,13.30235121686329,0.0,0.0,0.0,9.968834452973244,-4.22608024691358,0.0,0.0,1.1495936645214115,train
20,0.0004062999179239,1.78962757771622,0.0907479224376731,14.7027198082654,0.3,0.0,6.4208216229260096,5.783244946364939,0.0,17.07,4.1,6.4544187446626715,train
21,-0.0032181213229105,2.2131519274376408,0.1067346938775509,14.702720943036883,0.1304347826086956,0.0,5.563451491696996,6.286160523129555,0.0,17.07,6.7,6.7961931123511885,train
22,-0.0008632474603918,7.970486111111111,0.3342624999999999,13.304121175255744,0.4244288224956063,0.0,6.06636706846161,9.846622097635342,20.287091836734696,86.28,5.1,7.942472342321659,train
23,-0.0029836111430487,3.7125,0.1774409999999999,14.70816481458779,0.0,0.1055555555555555,0.0,11.713409359353625,15.5,44.02,17.6,17.020546857980857,train
24,-0.0004724141648833,1.940035273368608,0.193469387755102,14.701188065335892,0.125,0.0,13.530619164203545,25.7899511814906,0.0,35.53,10.6,7.002963583520044,train
25,0.0007667684323602,1.510190664036818,0.1207100591715975,14.701469716592712,0.3214285714285714,0.0,0.0,12.576187252464766,0.0,26.3,5.9,6.130208329553209,train
26,-0.0008383004419483,1.3196159122085047,0.0946913580246913,14.708165485504356,0.1764705882352941,0.0753968253968254,6.606881964512918,11.713409359353625,8.236666666666666,20.23,13.5,12.67380876302406,train
27,0.0002425906393858,0.9187885802469136,0.0766493055555555,14.701467522858968,0.1153846153846153,0.0,5.573104530069267,12.576187252464766,0.0,26.3,5.1,4.830192305212886,train
28,-0.0028462225175897,0.5671745152354571,0.090747922437673,14.705850280889855,0.0,0.0175697865353037,6.606881964512918,51.354701146431125,8.555235633133872,47.92,8.4,8.611075279530084,train
29,-0.0003585806141363,0.08984375,0.0193359374999999,20.387287012585965,0.0,0.0,0.0,0.0,0.0,0.0,0.0,0.9620162981875016,train
30,0.001320041012995,5.12888888888889,0.2326159999999999,14.65157823748634,0.3181818181818181,0.0609090909090909,12.13273413692322,10.029838443658376,18.7519992441421,63.370000000000005,14.7,12.732429170678103,train
31,0.0010673565738135,2.0458984375,0.1284433593749999,14.702713633259096,0.2783505154639175,0.0,20.013250011515773,24.39951784879175,0.0,20.31,8.5,7.029359488961635,train
32,0.00076427034112,2.479289940828404,0.1207100591715975,14.702720111277582,0.2142857142857142,0.0,6.4208216229260096,5.783244946364939,0.0,17.07,4.7,6.182597257931391,train
33,-0.0041579631307519,1.0551215277777777,0.1412109374999999,14.705888573875187,0.0909090909090909,0.0455128205128204,13.213763929025836,37.63802164064068,9.229614512471656,38.69,10.2,11.153550889290754,train
34,0.0017260733282366,1.250230840258541,0.0889196675900276,14.708164159809456,0.3461538461538461,0.0485185185185185,0.0,5.106527394840706,8.9375,20.23,12.9,12.193057961375382,train
35,-0.0073055960938442,3.5701508916323728,0.2788839506172838,14.704358069986394,0.5172413793103449,0.1978494623655911,0.0,115.47776764840836,76.48660504325187,189.53,19.0,23.03243061518783,train
36,-0.0017980623047644,0.4488888888888887,0.1088888888888888,14.706821675716917,0.0,0.0,13.213763929025836,13.213763929025836,0.0,9.23,5.5,6.338515109619942,train
37,0.0083446421300726,10.73053040695016,0.4715759999999998,13.30346226135212,0.0,0.0,0.0,4.840892812183238,0.0,0.0,0.0,0.8432570510255992,train
38,-0.0010353620326045,0.9719970278920896,0.0778944374999999,14.702710372667886,0.3436844313890054,0.0,22.694292703047893,24.70837754394736,0.6602796674225249,32.67,6.8,6.696328911048971,train
39,-0.0024231660332395,0.4132231404958678,0.0632975206611569,15.58950963690946,0.0,0.0,12.393687143226153,4.9839785209472085,0.0,12.89,5.9,5.193298501108261,train
40,-0.0012729854062144,1.4322916666666667,0.0505371093749999,15.579305526717684,0.1136363636363636,0.0,0.0,0.0,8.269688208616781,23.79,3.8,5.892130798774416,train
41,-0.0021977158015602,1.6283559821088125,0.1153900519031141,14.702528589828315,0.3830682881197381,0.0247165532879818,23.197208279812507,30.00096528037497,10.54018046107332,52.900000000000006,8.2,10.448549807840768,train
42,-0.0003963917014739,2.0196583518489,0.1417601832569761,13.304120702346324,0.2307692307692307,0.0201329534662867,30.096419240189483,35.42395128979385,11.548718608449065,40.540000000000006,10.8,7.43053141003547,train
43,-0.0061661317129137,1.3837429111531188,0.1824952741020793,14.705859617041613,0.0,0.0655555555555554,6.606881964512918,38.140937217405295,8.256965624212647,38.69,12.2,13.143131316417918,train
44,-0.0029751074725896,0.4651692708333333,0.0998437499999999,14.70646331742944,0.1304347826086956,0.0,0.0,7.109797541277533,0.0,9.23,5.1,5.57858351005326,train
45,-0.0002658684941528,1.8683333333333323,0.1567027499999998,14.701468056981632,0.1973684210526315,0.0,12.393687143226153,17.560165773411974,0.0,39.19,8.6,5.850298818694547,train
46,0.0019291198198258,1.428819444444444,0.0998437499999999,14.70816431761228,0.2608695652173913,0.0550925925925925,0.0,5.106527394840706,8.756666666666668,20.23,13.9,12.337806663121786,train
47,0.0169454508743577,4.359631821170281,0.2637869822485206,14.701249125557036,0.3333333333333333,0.0,13.847474399381248,11.9386105759037,0.0,43.370000000000005,10.2,8.173372764015543,train
48,-0.006797943270891,10.713927469135802,0.6838888888888887,13.29989149287408,0.1409395973154362,0.104112554112554,0.0,23.56309081747596,7.472222222222222,20.23,14.7,12.724392512613477,train
49,0.0051804775418531,0.9288194444444444,0.0794109374999999,15.59514259860617,0.2631578947368421,0.1666666666666667,11.374772549367124,0.0,0.0,52.04,13.4,12.351116575034265,train
50,-9.312551096545946e-05,1.806901298487837,0.1339504437869822,14.701783743640677,0.3143712574850299,0.0623456790123455,24.69480513267011,42.09439765787891,15.766018602858498,87.66,10.5,11.36935449814611,train
51,-0.0001948078595152,0.187307098765432,0.0218749999999999,20.267872953658674,0.2,0.0,0.0,0.0,0.0,0.0,0.6,1.0676672108888994,train
52,-0.0021148666690298,0.9913885078494136,0.0872941015089162,14.708163627600172,0.2616279069767442,0.0710317460317458,6.041840829147961,18.196040206665856,12.739694822373394,32.26,11.9,12.284359442872612,train
53,0.0011984699993508,2.44954596469748,0.1277685950413222,14.700688916321113,0.3333333333333333,0.0260526315789473,11.126902983393991,16.859077629157493,8.997030199438209,54.37,7.8,7.81412979343075,train
54,-0.0009314798786414,1.1337868480725617,0.0843990929705215,14.708165326394615,0.0,0.0636904761904761,6.606881964512918,11.713409359353625,8.292882653061223,20.23,12.6,12.050980702038112,train
55,-0.0007049331727256,1.8618098951378883,0.117769588207018,14.700407362109576,0.2424242424242424,0.0287258687258686,18.2566337152488,46.06074913360804,23.189252300158444,100.90000000000002,8.6,9.011507598316784,train
56,-0.0009832460747822,1.0663580246913589,0.0989271531886916,14.70146616929235,0.1634241245136186,0.0,0.0,37.61328177781758,0.0,29.54,7.2,5.74326657496729,train
57,-0.0038873740429954,4.585034013605442,0.1923658163265306,14.651597572982087,0.2213114754098361,0.0,12.13273413692322,4.923311048817671,10.00648148148148,43.14,4.1,6.02502003618088,train
58,-0.0005956232646397,0.092219523840629,0.0369780612244897,20.41286863799316,0.0,0.0,5.880003444970339,5.880003444970339,0.0,0.0,2.0,2.287478017024192,train
59,0.0021083751848899,3.008866246147268,0.1684230709876543,14.701030290336432,0.312883435582822,0.0477681159420289,18.80796704598726,35.76837060344178,12.83147904069035,99.6,13.6,9.949074081022323,train
60,-0.0007737932198267,0.359375,0.0224999999999999,20.2687465669995,0.125,0.0,0.0,0.0,0.0,0.0,0.0,1.8034925984480257,train
61,0.0036288808891261,3.4777729805859394,0.2169868886576482,13.30411743187157,0.234076433121019,0.0689153439153438,16.747886984954953,55.547026869906816,22.823002377774056,141.36,14.7,13.216503413689841,train
62,-0.0071778733719287,1.5224913494809684,0.1594463667820068,14.706006012587316,0.24,0.057037037037037,0.0,12.21632493611824,8.98550925925926,29.46,13.3,12.597550118152034,train
63,-0.0009747853857324,1.2971332644628095,0.138181818181818,14.706305643902004,0.0,0.0657407407407407,0.0,23.921342134850228,8.304583333333333,29.46,10.8,11.771756750786833,train
64,0.005621930594267,5.182917162108598,0.3514822829964328,13.302789218792364,0.2833243389098758,0.0621645021645019,11.884229846296638,16.059811203739763,11.541914997480474,62.22,11.7,10.812144071936709,train
65,-0.0012800022882008,1.4029836284007775,0.1063652343749999,14.708165047828524,0.2198952879581152,0.056137566137566,5.022633313741326,5.106527394840706,9.286511715797433,20.23,13.2,12.645346877100646,train
66,-0.0009351940709447,0.1508163653161874,0.0605999999999999,20.353447253007,0.0,0.0,11.415205373848552,5.880003444970339,0.0,0.0,2.9,3.0496153826530383,train
67,0.0009506457672916,3.145833333333333,0.0961249999999999,15.57930519688172,0.0,0.0,6.923737199690624,0.0,7.319444444444445,23.79,6.1,6.1643048249838275,train
68,-0.0017599406981033,0.7692780671296297,0.0930498263888888,14.706040527175135,0.3837209302325581,0.0198888888888888,24.169665021138407,41.23156682888904,12.13080666834635,45.59,11.97,10.071092943286299,train
69,0.0016226687478943,1.0551927437641726,0.0998991020408162,14.702705277096731,0.2602040816326531,0.0,39.26853843547545,67.04705412304213,0.0,26.790000000000006,9.3,7.6718242131534655,train
70,-0.000525529904054,0.2133916323731138,0.0222222222222222,20.27358550494769,0.125,0.0,0.0,0.0,0.0,0.0,0.0,1.382449271973396,train
71,0.0105241632532887,2.9981356226153326,0.1637338189386055,14.701780231974244,0.2205882352941176,0.0713725490196077,0.0,17.845473971041084,4.30124149659864,75.27000000000001,7.9,9.76177382079589,train
72,0.0045436253181025,3.070470274157903,0.1686823302469135,14.701036066725033,0.3482142857142857,0.0486956521739129,23.685114239688563,35.644435820455215,13.186689526119087,99.6,5.0,10.47196292584343,train
73,0.0019359224854241,2.3024691358024696,0.1752888888888888,14.69976974157679,0.2727272727272727,0.0,0.0,25.152374504929536,0.0,52.60000000000001,4.5,5.4402956358735794,train
74,0.0056916016160494,3.123950617283952,0.1691555555555555,14.701444692134274,0.24,0.057037037037037,0.0,11.075832682792557,8.384814814814815,37.3,9.9,10.492753606518818,train
75,-0.0005607294785253,1.894097222222222,0.0633187499999999,15.579306175365812,0.0,0.0,6.4208216229260096,0.0,7.81625,23.79,5.1,5.974613794637728,train
76,0.0003031363228025,1.3627842340639955,0.082766439909297,14.702558925569596,0.3620689655172414,0.0226984126984126,11.83581209232279,10.889772341205646,9.66558891650477,37.3,9.7,9.294247362831664,train
77,0.0002736148378754,1.776546629732225,0.090747922437673,14.702719807466291,0.15,0.0,6.4208216229260096,5.783244946364939,0.0,17.07,4.1,6.182597257931391,train
78,-0.0067327866711433,1.68359375,0.1922222222222221,14.697781206818098,0.4090909090909091,0.0,16.838815497391202,7.109797541277533,1.725508314436886,52.58,8.3,7.455826388220974,train
79,-0.001046220604626,1.3024691358024691,0.0946913580246913,14.708165484873923,0.0,0.0753968253968254,6.606881964512918,11.713409359353625,8.19736111111111,20.23,13.6,12.799393376205355,train
80,0.0008978673648384,0.7264515305308179,0.0664808962941683,14.701467015717494,0.0983606557377049,0.0,6.4208216229260096,12.073271675700152,0.0,26.3,3.7,4.560933894601508,train
81,-0.0003589572518742,0.0933412604042806,0.0192627824019024,20.3885960493813,0.0,0.0,0.0,0.0,0.0,0.0,0.0,0.9620162981875016,train
82,2.2889719517465703e-05,1.0793617998163452,0.0696330578512396,14.7025584194831,0.3134328358208955,0.0194444444444444,5.917906046161393,16.99373872895395,10.067304940379886,37.3,8.700000000000001,8.373134802004566,train
83,-0.0019684427206042,1.6535802469135803,0.1366515555555555,14.696715135403185,0.1829268292682926,0.0849206349206349,0.0,10.918938027547991,10.846342592592592,32.59,7.8,9.88421389496574,train
84,-0.0007062794163853,0.2249657064471878,0.0222222222222222,20.23541270609346,0.2,0.0,0.0,0.0,2.6203703703703707,0.0,1.9,1.488100184674793,train
85,-0.0009491191867035,2.46528642829681,0.1875653979238753,14.700426455981576,0.3513513513513514,0.1019412643106028,30.25055986824407,120.25518144124406,89.5721273895315,206.6,21.200000000000003,19.99313707851224,train
86,0.0026710833995678,0.6852484957871324,0.0882594375,14.70431825933704,0.0,0.0,0.0,19.82064589353876,0.0,44.760000000000005,4.2,5.7082502568615965,train
87,-0.0037270763937848,1.2851239669421484,0.138181818181818,14.706306163876016,0.1363636363636363,0.0657407407407407,6.606881964512918,24.927173288379457,8.254144935752079,29.46,9.6,11.771756750786833,train
88,0.0003089370341763,0.4329861111111112,0.0470227499999999,15.596101909112845,0.1470588235294117,0.1015873015873016,6.041840829147961,6.041840829147961,0.0,26.02,6.5,9.578520896508145,train
89,-0.0003615174699393,0.1193771626297577,0.0186851211072664,20.40112102553673,0.0,0.0,0.0,0.0,0.0,0.0,0.0,0.9620162981875016,train
90,-0.0049833251695221,0.9261148904006048,0.122163775510204,14.70584372106118,0.2247191011235955,0.0516290726817042,12.586597235060536,37.01085494667538,12.937754027728325,50.72,10.8,11.486733260177786,train
91,0.0029790302507091,2.082921398152387,0.1432574657941701,14.700619213546265,0.4101235552012754,0.0217728937728937,21.66623701475158,28.65990960121295,10.472007186275016,68.53,8.700000000000001,8.690139352681589,train
92,-0.0006249155350718,0.608843537414966,0.052766439909297,14.708164218496687,0.0,0.0303174603174603,6.606881964512918,11.713409359353625,8.589430255094278,20.23,9.0,8.220972701882845,train
93,-0.0037381349392907,0.55950927734375,0.1412109374999999,14.705631272162918,0.0,0.0,7.109797541277533,39.13837621031289,0.0,27.69,7.2,6.287611957571736,train
94,0.0182386376351697,4.88888888888889,0.2533472222222221,14.702713274248037,0.0,0.3155555555555556,0.0,6.410095306116121,0.0,43.09,19.0,20.927439531400335,train
95,0.0008100623158594,1.7669438145628622,0.1385487528344671,14.699769766457528,0.2142857142857143,0.0,0.0,25.152374504929536,0.0,52.60000000000001,4.1,4.681184410531534,train
96,-0.0008568551664593,1.653454122847127,0.0932098765432098,14.701789462608208,0.3043478260869565,0.0198333333333332,12.338727669087405,23.279899252083503,9.363647116398637,54.370000000000005,9.2,8.687756381689649,train
97,-0.0014036991516616,1.1278863652808866,0.086870707070707,14.702710811751423,0.3452611218568666,0.0,23.197208279812507,25.21129312071197,0.6343797241118674,32.67,8.6,7.000857866063509,train
98,0.0010403504084928,1.3847789115646256,0.113813775510204,14.699769834064789,0.0967741935483871,0.0,12.84164324585202,25.152374504929536,0.0,52.60000000000001,3.7,4.575533497830138,train
99,-0.0171891015924205,6.0,0.2849999999999999,14.70272287198206,0.0,0.0,0.0,6.78907609989417,0.0,17.07,10.1,7.043046020557897,train
100,0.001621715233445,3.895061728395061,0.1806222222222221,14.701791524496365,0.3157894736842105,0.0,0.0,11.566489892729878,0.0,34.14,4.1,6.872219545247772,train
101,-0.0015657145678979,2.355150224813291,0.1352949245541838,14.701789052335442,0.2876712328767122,0.0566312997347479,16.747886984954953,45.1979712404969,31.668515003942392,94.83,15.3,13.27476790727825,train
102,-0.007861227653542,3.5678875171467754,0.2788839506172838,14.704233338027308,0.4137931034482758,0.1978494623655911,0.0,115.47776764840836,76.66677810321659,189.53,27.8,25.34450895372418,train
103,0.0040173578599834,2.830246913580247,0.2113888888888888,14.701470871670285,0.1875,0.0,6.4208216229260096,12.576187252464766,0.0,26.3,7.4,6.9938224556597435,train
104,0.0030696851291549,1.6596963498672892,0.1155692307692307,14.70816439725592,0.2142857142857143,0.0560185185185185,4.472719515832414,5.106527394840706,8.735833333333332,20.23,13.9,12.065985176390502,train
105,-8.338176444364389e-05,0.8301921250639201,0.1098399737015121,14.70630445684984,0.2952755905511811,0.0962962962962961,17.099768503694133,35.38795150310967,12.973373776979928,61.86000000000001,11.6,12.290706683043176,train
106,0.0022656819965227,1.9704095630021548,0.1520816326530612,13.303154012464644,0.3290952099349497,0.014953981592637,25.049259687134505,34.08525711732677,0.0,41.03,11.6,7.210716810955471,train
107,-0.0014061612218306,0.0974317939338515,0.0562249999999999,20.370927619307764,0.159090909090909,0.0,5.535201928878213,0.0,0.0,0.0,5.3,3.0165578473103185,train
108,0.002153199401345,2.643663194444444,0.1476,14.702560187526691,0.1363636363636363,0.0657407407407407,6.4208216229260096,16.490823152189336,8.967222222222222,37.3,10.8,11.452063414955592,train
109,-0.0015216677575428,1.7327760421654066,0.1609621732260843,14.700272111011486,0.3830703012912482,0.0538632119514475,37.32617813183568,147.64701626875856,57.610189695505454,193.91,15.65,15.91128818245598,train
110,0.004631926385618,0.3712851675243079,0.1008848072562358,14.706821201758196,0.0,0.0,0.0,10.120465266056035,-1.3506944444444442,9.23,5.1,5.083846783116522,train
111,-4.114942145825102e-05,2.069010416666666,0.1031249999999999,14.702720271490035,0.1764705882352941,0.0,12.84164324585202,5.783244946364939,0.0,17.07,4.7,6.182597257931391,train
112,-0.0008670631549092,0.1534090909090909,0.044220867768595,15.592516973521334,0.1176470588235294,0.0,0.0,24.53417894858821,0.0,3.24,1.0,2.7572806232047853,train
113,0.0149785497564323,2.559835459507238,0.2917702422145327,14.704206173130334,0.0,0.0,21.3293926238326,21.3293926238326,0.0,44.760000000000005,10.2,8.483739067714465,train
114,-0.001108896480075,0.0381575585185185,0.0139439999999999,20.57749922628289,0.0,0.0,0.0,2.4342831816628108,0.0,0.0,5.5,3.019140675152115,train
115,0.0034697817080176,5.3016089628042495,0.2310743801652891,14.7021579962798,0.0,0.0,12.511538367022808,20.929335351351742,0.0,34.14,12.3,7.317265339650433,train
116,0.001111649403959,1.428819444444444,0.0998437499999999,14.708164300281084,0.2608695652173913,0.0550925925925925,0.0,5.106527394840706,8.91925925925926,20.23,13.9,12.337806663121786,train
117,-0.0005311509651989,2.327783003374244,0.1420908357968287,14.7004071780155,0.2962962962962963,0.036040044493882,18.75954929201341,46.06074913360804,22.75741995601934,100.90000000000002,12.6,11.001498051504422,train
118,0.0003851849614602,2.701195987654321,0.2024305555555554,14.69967917028285,0.3157894736842105,0.0,0.0,26.158205658458765,0.0,52.60000000000001,4.9,6.088441510100639,train
119,-0.0026068865902032,2.377314814814815,0.1749999999999999,14.701212214725295,0.2222222222222222,0.0572727272727271,0.0,23.78668103505377,8.64567932728647,46.53,10.2,11.794077844312717,train
120,-0.0027655716538273,1.2386176857330702,0.1030820636094674,14.702422688587912,0.2100840336134454,0.0376296296296294,12.965578028838586,36.69013350529202,13.096239347288298,58.56,9.5,10.761132238845297,train
121,0.0014834879521528,1.251000307787011,0.0889196675900276,14.708164159061418,0.2307692307692307,0.0485185185185185,0.0,5.106527394840706,8.85218820861678,20.23,12.9,11.731017226126992,train
122,-0.0046540907378207,0.0228962387169977,0.0242,20.368103304162048,0.2592592592592592,0.0,0.0,0.0,0.0,0.0,2.9,4.004004644667229,train
123,0.0007320345005408,7.959183673469387,0.3137836734693877,14.651579120326076,0.2553191489361702,0.0,4.923311048817671,11.97098303149486,8.805555555555555,43.14,5.1,5.029645116465268,train
124,-0.0015120972116076,1.251615881809788,0.0889196675900276,14.708165029879636,0.1153846153846153,0.0485185185185185,6.606881964512918,11.713409359353625,8.519688208616781,20.23,12.9,12.674530620316334,train
125,-0.0004720673598531,3.0454545454545454,0.230578512396694,14.701472067169233,0.0,0.0,0.0,13.07910282922938,0.0,26.3,7.8,7.256519729283131,train
126,0.000163399471256,0.2040816326530611,0.0220408163265305,20.261335275209177,0.3333333333333333,0.0,0.0,0.0,0.0,0.0,0.6,1.5297079461372896,train
127,0.0009379806497514,2.594487396674356,0.1521860510380622,14.700300618839217,0.2954048140043763,0.062134862134862,18.2566337152488,51.967928862959546,22.97963431503936,143.99,10.8,11.610953271758891,train
128,0.0029432977128825,1.6335365243247482,0.1197443786982248,14.708164356201952,0.2470588235294117,0.0646164021164021,5.022633313741326,5.106527394840706,9.288796296296296,20.23,14.3,12.337806663121786,train
129,-0.0024060716393524,1.3990772779700118,0.1671280276816608,14.701004064230732,0.0789473684210526,0.0,13.530619164203545,39.00371511051644,0.0,44.760000000000005,8.2,5.909629660413971,train
130,0.0003646968919667,5.12888888888889,0.2326159999999999,14.651578226589452,0.3181818181818181,0.0609090909090909,6.06636706846161,10.029838443658376,18.8050925925926,63.370000000000005,14.7,12.732429170678103,train
131,0.0007452152334154,1.0133333333333334,0.0740159999999999,14.708163828111337,0.375,0.039141414141414,0.0,5.106527394840706,9.46175925925926,20.23,11.4,11.980701683570166,train
132,0.0027314842026709,1.8802777777777773,0.1476,14.701469944147137,0.2727272727272727,0.0,6.923737199690624,12.576187252464766,0.0,26.3,6.3,6.222957827034388,train
133,0.0177453094437672,3.34,0.3035999999999999,14.70038814793686,0.2,0.0,0.0,19.369129558564595,0.0,35.53,5.1,6.197583860015009,train
134,0.000670090914011,2.3760092272203,0.1594463667820068,14.707201794983764,0.24,0.1037037037037036,0.0,10.213054789681411,17.31740740740741,40.46,19.8,16.75099738040894,train
135,-0.0027470047182058,0.820486111111111,0.0966769374999999,14.706304567609584,0.2757352941176471,0.0477861319966582,17.97282144952533,30.40397298216246,15.258388238011252,41.49,10.0,12.091028001008157,train
136,-0.0007841170419289,1.752202614351097,0.120895733610822,14.7025287990752,0.3615346778160354,0.0500865800865799,16.149536297135317,22.953293297697783,12.975129519400353,61.69,13.6,12.873279905255023,train
137,-7.713151574960443e-05,0.8179799697656842,0.0946308956916099,14.70630459415136,0.2334630350194552,0.0724867724867723,0.0,30.403972982162465,11.904624669312168,46.07,9.9,10.994600773522546,train
138,0.0025613772429219,2.8539737654321,0.2113888888888888,14.701398610386182,0.1875,0.0,6.076020106833881,13.079102829229384,0.0,26.3,9.4,6.892984934051187,train
139,-0.0008045806016233,0.2295684113865932,0.0223140495867768,20.257336449488108,0.1666666666666666,0.0,0.0,0.0,0.0,0.0,2.0,1.9091435111494226,train
140,-0.0002123405642875,2.7086795937211448,0.1947922437673129,14.701165916876434,0.3,0.0507575757575756,0.0,18.18563022407009,9.111203703703705,46.53,12.3,12.134683504560918,train
141,-0.0087228305373385,0.7142857142857143,0.193469387755102,14.705831898216625,0.0,0.0,0.0,26.427527858051672,0.0,18.46,7.4,7.703952994250381,train
142,0.0086076141703076,2.8539737654320985,0.2113888888888888,14.701470535527829,0.1875,0.0,6.923737199690624,5.969305287951849,0.0,26.3,5.9,6.352233685215817,train
143,-0.0023953797874686,0.836875,0.0952447499999999,15.593907371435687,0.0,0.2380952380952381,26.1790256236503,26.1790256236503,3.0347222222222223,64.07,14.3,16.71459079398267,train
144,-0.0187184725533849,11.230883130429811,0.5284187499999997,13.301477458180994,0.0,0.0,0.0,10.763421980277812,-9.316358024691358,0.0,0.0,1.1495936645214115,train
145,-0.0018051694934645,0.1514647157445511,0.0627839999999999,20.57307714027021,0.0,0.0,6.3829190217349545,6.3829190217349545,0.0,0.0,3.9,3.3948923531850914,train
146,-0.000360030244859,0.1030245746691872,0.019054820415879,20.39268621861541,0.0,0.0,0.0,0.0,0.0,0.0,0.0,0.9620162981875016,train
147,-0.0002264541867854,1.5076817558299034,0.1059555555555555,14.70716809832529,0.4,0.063690476190476,0.0,27.52751496001872,30.2024608686067,60.69,16.2,15.664476909110931,train
148,-0.0057454648437102,0.75,0.1031249999999999,15.486173287762572,0.2222222222222222,0.1999999999999999,14.09534396535438,19.10425648930892,1.5,29.26,11.0,16.266008344462744,train
149,0.0036121711704568,3.081267217630854,0.1772727272727272,14.701218071449768,0.2727272727272727,0.0845238095238094,0.0,16.182360077633263,17.138076892794153,57.53,15.1,13.826502858909542,train
150,-0.0098905455121559,0.9876543209876544,0.1268222222222221,15.487358112158446,0.0,0.3333333333333335,0.0,7.04767198267719,0.0,38.05,14.8,18.174111626889704,train
151,0.0040828812982785,1.3245092111875725,0.1189819262782401,14.705685651891669,0.2168674698795181,0.0,0.0,56.29728046582703,0.0,26.790000000000006,11.3,7.924625825904913,train
152,0.0168283769984114,4.898071625344353,0.2786776859504132,14.701249448685708,0.3333333333333333,0.0,0.0,11.9386105759037,0.0,43.370000000000005,16.6,8.068234625897176,train
153,-0.0060094727999202,1.882642998027613,0.1951479289940828,14.702401943869564,0.1578947368421052,0.0773809523809524,0.0,5.106527394840706,8.332731481481481,33.370000000000005,15.1,12.613895787818048,train
154,-0.0014892039026225,2.286899004393424,0.1323979591836734,14.70178905321551,0.2876712328767122,0.0566312997347479,11.83581209232279,45.1979712404969,31.72552146374241,94.83,10.2,13.169629769159883,train
155,-0.010018530406142,2.812213039485767,0.2092561983471073,14.701636811988312,0.1578947368421052,0.0,0.0,6.286160523129555,0.0,30.21,5.1,6.174584880135468,train
156,-0.0052686147432051,0.617283950617284,0.1506172839506172,14.702568527742905,0.0,0.0,0.0,0.0,0.0,13.14,5.3,5.443366021546063,train
157,-0.0007033075041896,1.7374376320454434,0.1208695109261185,14.702528724209309,0.3847915712322491,0.0501232377008773,21.172169610876644,22.953293297697783,13.434360433988411,61.69,13.8,13.61342102369344,train
158,3.440171806971905e-05,1.190100189735758,0.0751853394418991,14.702558953605172,0.2950819672131147,0.0215007215007214,6.4208216229260096,16.99373872895395,10.449210893073175,37.3,9.3,8.449602100676241,train
159,0.0022773432512017,1.703907764513825,0.0990817263544536,14.701443117828848,0.3488372093023256,0.0313888888888888,0.0,11.075832682792557,8.850157339170236,37.3,7.2,8.073250772239513,train
160,-0.006208990236679,0.0017164637631458,0.02041875,20.46158557745272,0.0,0.0,0.0,7.585071871059542,0.0,0.0,4.3,3.503126093728282,train
161,-0.0017518543676214,1.563326055253881,0.115792899408284,14.70816408954605,0.3652173913043478,0.062034632034632,5.022633313741326,5.106527394840706,9.746913580246916,20.23,13.1,13.714439083883395,train
162,-0.0004999531634157,2.631510416666667,0.1773437499999999,14.707203038431036,0.1875,0.1638888888888889,6.606881964512918,22.92390314194263,16.469027777777775,40.46,21.5,18.33139879124413,train
163,-0.0002149402112577,0.0515873015873015,0.0206632653061224,20.350551487980045,0.2,0.0,0.0,0.0,0.0,0.0,0.0,1.0676672108888994,train
164,0.0055477556875759,7.576319444444442,0.3091747499999998,14.64065934653919,0.2982456140350878,0.0,0.0,34.577587445571766,25.54724017384732,157.11,5.9,6.224448301193815,train
165,0.0117784003885335,4.266758494031221,0.230578512396694,14.70144578273649,0.2307692307692307,0.1177777777777777,6.4208216229260096,11.075832682792557,7.722222222222222,37.3,12.4,14.562254268561375,train
166,0.0194598715269392,4.727023319615912,0.2543209876543209,14.701445761314904,0.2307692307692307,0.1177777777777777,6.076020106833881,11.075832682792557,7.604166666666666,37.3,12.1,15.31298593327561,train
167,-0.001891994008252,1.6390532544378698,0.0544899408284023,15.579305598080122,0.1282051282051282,0.0,0.0,0.0,8.287592592592592,23.79,3.3,5.892130798774416,train
168,-0.0023850719724463,0.3466111771700356,0.0657550535077288,14.706820219822932,0.1363636363636363,0.0,0.0,0.0,0.0,9.23,7.4,4.9099646546391185,train
169,-0.0081479448885113,4.259040105193952,0.2744378698224851,14.70714000056758,0.4,0.2611111111111108,0.0,68.26879384906327,52.1769142101285,121.38,32.4,29.00043998472615,train
170,0.0024167412952579,1.4004718935756744,0.1063652343749999,14.708164198043836,0.3298429319371728,0.056137566137566,5.022633313741326,5.106527394840706,9.566635802469136,20.23,13.3,12.528025911638892,train
171,-0.000357309449582,0.0776,0.0195839999999999,20.38352228240742,0.0,0.0,0.0,0.0,0.0,0.0,0.0,0.9620162981875016,train
172,-0.0012591219685223,2.637152777777778,0.1773437499999999,14.707167972157212,0.375,0.1638888888888889,0.0,22.420987565178017,16.75925925925926,40.46,21.0,19.74576796855893,train
173,0.0217010289286085,5.79251700680272,0.2995918367346938,14.699772900923676,0.3,0.1566666666666665,0.0,22.15166536558511,15.798055555555557,74.6,15.0,14.536404456406885,train
174,-0.0001948355661791,1.6498010969093515,0.1641409504978462,14.700299431492567,0.3973509933774835,0.0585394932935919,30.75347544500869,134.83011288572968,66.86696110569042,203.06,17.61,15.60233854879423,train
175,0.0002591246150158,1.6776675068262967,0.1325897920604914,14.70250166805949,0.12,0.0,13.530619164203545,18.49409329862616,0.0,26.3,5.9,6.37098166568813,train
176,-0.0049265035779144,1.3961937716262975,0.1258145328719722,14.708164602180211,0.1463414634146341,0.0849206349206349,6.544756405912575,37.253419461471054,8.195,23.47,15.3,13.019085733556107,train
177,-0.0031539152095522,3.122287968441815,0.208284023668639,14.707168332986628,0.2307692307692307,0.2019047619047619,0.0,22.92390314194263,16.00462962962963,40.46,23.3,21.918996259552827,train
178,0.0347689760871441,4.5,0.2222222222222222,14.696235342034443,0.0,0.0,0.0,6.1514994233331,0.0,34.14,5.7,6.872381521712828,train
179,-0.0020098448874034,2.055555555555555,0.1949999999999999,14.701190827240946,0.3333333333333333,0.0,5.573104530069267,25.28703560472599,0.0,38.83,5.7,7.810794063883512,train
180,0.0003811729211171,1.165280927185689,0.0843990929705215,14.708165293605068,0.3,0.0636904761904761,0.0,11.210493782589008,8.722777777777779,20.23,12.6,12.091244790232663,train
181,0.0018637044005958,1.866717057193248,0.140861678004535,14.701470005279376,0.12,0.0,6.076020106833881,12.576187252464766,0.0,26.3,7.0,5.752735930120529,train
182,0.0015210574609734,1.8436235402936767,0.1359209157127991,14.701156743767248,0.375,0.0297385620915031,0.0,18.18563022407009,11.041057872235722,46.53,9.2,9.02651154382826,train
183,-0.0030729506886456,0.8489870293847563,0.1187245351239668,14.705686319579357,0.2247191011235955,0.0516290726817042,19.69639477633807,44.12065248795291,12.895984623836634,50.72,10.1,11.591871398296153,train
184,0.0611301938717486,4.298611111111111,0.2374187499999999,14.702703654035558,0.3061224489795918,0.3958333333333335,0.0,6.031114512338072,0.0,69.11,26.4,25.235452860661823,train
185,0.0002198253873548,0.3219783569577808,0.0008,20.556754817422203,0.0,0.0,4.31414416810647,4.31414416810647,0.0,0.0,0.6,0.9620162981875016,train
186,-0.0050084402059979,1.137931034482759,0.1524613555291319,14.705859666118396,0.0,0.0507575757575756,6.606881964512918,38.140937217405295,8.341196314958491,38.69,10.6,11.682297050246971,train
187,-1.9390443505878028e-05,0.7554290208953184,0.0680947983995075,14.701394503396653,0.0491803278688524,0.0,6.4208216229260096,13.079102829229384,0.0,26.3,3.1,4.560933894601508,train
188,0.0019399644725085,1.5177777777777777,0.1191039999999999,14.70146897035203,0.1621621621621621,0.0,6.076020106833881,12.576187252464766,0.0,26.3,4.1,5.75754932121337,train
189,-0.0053026418290647,4.551450438428685,0.1848122448979591,14.65159743556834,0.2928286852589641,0.0,6.06636706846161,4.923311048817671,10.316481481481482,43.14,4.1,6.296841522912162,train
190,-0.0002526375358002,0.118515035579561,0.0386437499999999,20.46854037154941,0.0,0.0,5.330089647061427,5.330089647061427,1.0625,0.0,5.1,2.053393286846098,train
191,-0.0003580156521512,0.0844875346260387,0.0194459833795013,20.385483182657552,0.0,0.0,0.0,0.0,0.0,0.0,0.0,0.9620162981875016,train
192,-0.0001309805554392,1.4992344353474414,0.1562223498994541,14.700321226662012,0.3825503355704699,0.0495396526469975,30.75347544500869,123.61961910314066,54.97889408054607,182.83,14.6,15.331926481745837,train
193,0.0082051168082888,3.047289504036909,0.1730532871972318,14.70144294084174,0.3284671532846716,0.1369230769230767,5.687386274683562,11.075832682792557,8.434890400604687,63.32000000000001,14.4,13.88765515144033,train
194,0.0005138052360073,2.5325617016774395,0.1498614958448753,14.699771165203837,0.2699999999999999,0.0438746438746437,24.67745533817481,57.13658181640059,31.80751324610677,138.2,10.2,12.567302228497729,train
195,-0.0002568042590405,0.0510641115382516,0.0338249999999999,20.37954179752547,0.1346153846153846,0.0,5.3770878682057255,5.3770878682057255,0.5081018518518519,0.0,2.0,2.053393286846098,train
196,-0.0037372532626561,1.2727272727272727,0.138181818181818,14.706306167996546,0.0,0.0657407407407407,6.606881964512918,24.927173288379457,8.240586734693878,29.46,13.2,11.771756750786833,train
197,0.0013457693006283,1.2507595486111112,0.1031249999999999,14.70146885475158,0.1764705882352941,0.0,6.923737199690624,12.576187252464766,0.0,26.3,5.1,5.422581370949862,train
198,-0.0001952763345289,0.0791131267321743,0.0199999999999999,20.36798732386828,0.1428571428571428,0.0,0.0,0.0,0.0,0.0,1.0,1.0676672108888994,train
199,-0.0007538248534505,2.23441399468316,0.1372558593749999,14.70040751932088,0.2857142857142857,0.0345833333333333,18.2566337152488,46.06074913360804,22.868181888891662,100.90000000000002,9.6,10.908748554023244,train
200,-0.0003124346324477,3.097240786119156,0.2238004009801736,13.30315461888754,0.2829341317365269,0.0171390778533636,23.671624184645577,64.68573449334221,11.460099652515328,99.13,9.8,9.286594451505353,train
201,-0.0016037984605594,0.6888234998239523,0.0776278859212313,14.70630470294173,0.1090909090909091,0.0240350877192981,0.0,17.817375747101927,9.826250169833774,29.46,8.4,8.611075279530084,train
202,0.0004331989973994,1.0843484561524337,0.0805785123966941,14.707201505943162,0.3620689655172414,0.0433333333333332,0.0,16.317021177429716,20.0496733276644,40.46,13.1,14.283716942959508,train
203,0.0001225934969194,1.3053825006922204,0.0712353150587397,14.701789637429886,0.3134328358208955,0.0,12.338727669087405,11.566489892729878,0.0,34.14,3.7,5.816979554118686,train
204,0.0003311443256417,0.4273356401384084,0.0987543252595155,14.705858772455166,0.0,0.0,0.0,24.41586555099321,0.0,18.46,8.2,5.98915568070242,train
205,-0.0005592815705187,1.5674538789736197,0.0990599242833964,14.701778475055589,0.3009118541033434,0.0,0.0,11.814359458703011,3.0237962962962963,40.620000000000005,10.7,6.364293059731302,train
206,0.0022779556839028,0.6485260770975056,0.056263775510204,15.596100318830992,0.1470588235294117,0.1015873015873016,5.687386274683562,0.0,0.0,26.02,9.6,9.856672843560833,train
207,0.0046340406781176,2.559992283950617,0.1721388888888888,14.70177584599697,0.5106382978723404,0.0,21.143015948031568,18.68527746432128,0.0,61.82,12.9,8.032182845023321,train
208,0.0109429153964955,3.058197912537986,0.1627498216409036,14.701780231974238,0.2564102564102564,0.061300309597523,0.0,17.845473971041084,4.280408163265307,75.27000000000001,6.7,9.943319646632482,train
209,0.0005184275772815,1.7071990865933535,0.1327203893996755,14.699769766398612,0.2307692307692307,0.0,0.0,18.545492540416618,0.0,52.60000000000001,3.1,4.681184410531534,train
210,-0.0012302731393274,2.3950617283950617,0.1632098765432098,14.708165908556165,0.0,0.1638888888888888,6.606881964512918,11.713409359353625,7.569444444444445,20.23,19.4,16.111636714379898,train
211,-0.0187251891665616,9.646502835538753,0.5420037807183361,13.299888773901678,0.0,0.0,0.0,41.96524287535984,0.0,0.0,0.0,1.6193962707020058,train
212,-0.0005507629112797,0.2126316703077105,0.0370687499999999,20.27959696450236,0.1346153846153846,0.0,5.022633313741326,0.0,0.7939814814814818,0.0,2.0,1.8034925984480257,train
213,-0.000674271392234,0.2259296172458466,0.0312749999999999,20.280207028593,0.1153846153846153,0.0,4.472719515832414,0.0,0.0,0.0,4.1,1.8034925984480257,train
214,0.0044117894685563,0.0014647157445511,0.017424,20.55402935148893,0.0,0.0,0.0,3.2517177575741014,0.0,0.0,0.6,2.439778974441972,train
215,0.0005254712690422,1.96078431372549,0.0979238754325259,14.702719793290242,0.3,0.0,0.0,5.783244946364939,0.0,17.07,6.1,6.4544187446626715,train
216,0.0008072781279458,1.1652249134948092,0.0984169550173009,14.699769834052528,0.081081081081081,0.0,12.84164324585202,25.152374504929536,0.0,52.60000000000001,5.1,4.0583563495455905,train
217,0.0002127896333522,1.2146209570451991,0.0998530762167125,14.699769766424184,0.2249999999999999,0.0,0.0,25.152374504929536,0.0,52.60000000000001,3.1,4.1640072622469875,train
218,-0.001239774899078,0.1683681181436512,0.0409407024793388,20.256210811742545,0.3070175438596491,0.0,5.563451491696996,0.0,1.3716674540186458,0.0,4.1,2.5262419684127577,train
219,0.0066717755236589,3.092977019085845,0.1675315555555555,14.701444489778437,0.3073170731707317,0.0565367965367964,5.022633313741326,11.075832682792557,8.97891912320484,37.3,9.4,10.66427758578125,train
220,-0.0018527384338616,0.3298731257208766,0.048070588235294,15.589508929651656,0.2040816326530612,0.0,12.393687143226153,4.9839785209472085,2.4467592592592595,12.89,6.5,4.871189447414294,train
221,-7.732959897196508e-05,0.1468665897731641,0.0186851211072664,20.38362667181952,0.2,0.0,0.0,0.0,0.0,0.0,0.0,1.0676672108888994,train
222,-0.0002374084103558,1.9265667051134177,0.0979238754325259,14.702720127196832,0.15,0.0,12.84164324585202,5.783244946364939,0.0,17.07,4.4,6.182597257931391,train
223,0.0052324353856004,2.634444444444444,0.1476,14.701444983477796,0.1363636363636363,0.0657407407407407,6.4208216229260096,11.075832682792557,8.140104875283447,37.3,9.0,10.100465775728745,train
224,0.0027994816732952,1.8711111111111112,0.1476,14.701469949877795,0.1363636363636363,0.0,6.923737199690624,12.576187252464766,0.0,26.3,6.3,5.845485427601706,train
225,0.0192377089803,6.3125,0.3542499999999999,13.304122451289096,0.399746192893401,0.1423761423761423,6.196843571613076,9.967957041894415,0.0,65.72,11.0,12.47775612256368,train
226,-0.0004726104770267,1.658286179698216,0.0932098765432098,14.701789235346563,0.2608695652173913,0.0198333333333332,11.83581209232279,22.27406809855428,11.139025707887992,54.37,9.2,8.687756381689649,train
227,-0.0015725900384122,0.041579027587258,0.0692639999999999,20.57105291357523,0.0,0.0,0.0,4.789271469105758,0.0,0.0,3.5,4.02874322175212,train
228,0.00890270419985,3.56588561350466,0.2189569160997731,14.69977176788666,0.3428571428571429,0.0454212454212453,6.923737199690624,17.045137970744406,8.687243008314436,63.60000000000001,11.0,10.867675387955062,train
229,3.754419047552789e-05,0.8599999999999998,0.0655555555555555,14.708164870933274,0.3103448275862068,0.0433333333333332,0.0,11.210493782589008,9.39,20.23,10.8,11.030270478389928,train
230,-0.0005105274563684,0.1079875282486672,0.0176888888888888,20.468015927233992,0.0,0.1222222222222222,0.0,5.752853606746789,0.0,0.0,7.2,9.106878237667345,train
231,-0.0001597095864016,0.2167352537722908,0.0222222222222222,20.26596371042092,0.25,0.0,0.0,0.0,0.0,0.0,3.1,1.5258369412279844,train
232,-0.0014657691526871,0.6828472222222223,0.0836672399999999,14.706304515999822,0.1986754966887417,0.0427881297446514,12.08368165829592,29.901057405397847,13.340178020282188,41.49,9.6,11.714068376158503,train
233,0.0001829955938378,1.5578512396694206,0.0815702479338842,14.70271965446456,0.1304347826086956,0.0,6.4208216229260096,5.783244946364939,0.0,17.07,4.1,6.076946345229995,train
234,0.0118263263438886,1.092739704189171,0.1260396559529198,14.70432124988518,0.2337662337662337,0.0,0.0,0.0,0.0,44.760000000000005,4.5,5.003617850940667,train
235,0.0019505365872953,1.668639053254437,0.1146745562130177,14.708164475920867,0.15,0.0636904761904761,0.0,5.106527394840706,8.632222222222222,20.23,14.9,12.065985176390502,train
236,-0.0077030479670272,2.640138408304498,0.2294117647058822,14.706173054135617,0.0,0.161904761904762,0.0,36.64058264773308,16.1725,49.69,20.7,18.37372067561602,train
237,0.0159629185306079,6.136621315192744,0.3196371882086166,14.699772380345744,0.28125,0.1912518853695323,0.0,43.93507625420205,33.81098922902494,132.13,17.3,18.170900080054125,train
238,-0.0009356100260994,0.2177734375,0.0530683593749999,15.59451929457412,0.0,0.0799999999999999,0.0,13.08951281182515,3.111111111111111,12.03,5.5,9.265533379335164,train
239,-0.0017522717361758,0.0476751828989483,0.0676687499999999,20.473509932801143,0.0,0.0,11.760006889940678,11.760006889940678,0.0,0.0,3.1,4.019212309278497,train
240,0.0023398217107477,2.624808240192856,0.1840236686390531,14.697381109575842,0.4347826086956521,0.0432592592592592,6.4208216229260096,22.286326465381563,21.25558962165113,96.97,17.83,14.230392396901884,train
241,0.0003196764542561,0.1538564266929651,0.019171597633136,20.35323705510688,0.125,0.0,0.0,0.0,0.0,0.0,0.0,0.9620162981875016,train
242,-0.0007900541760821,0.9039780521262,0.0704801097393689,14.708165009591848,0.0,0.0485185185185185,6.606881964512918,11.713409359353625,8.42278195074326,20.23,11.2,11.746451747023572,train
243,-0.0020010364945093,2.3025,0.1475999999999999,14.708165795517656,0.0,0.1183333333333334,0.0,11.713409359353625,7.756944444444445,20.23,16.8,16.185372326963787,train
244,-8.978019041038109e-05,1.2174515235457066,0.0907479224376731,14.708165349293308,0.15,0.0636904761904761,0.0,11.210493782589008,8.909166666666668,20.23,13.5,12.001632501522419,train
245,-0.0085456031425201,0.6956521739130435,0.1824952741020793,14.705534661905288,0.0,0.0,14.219595082555069,40.647122940606735,0.0,27.69,9.2,7.429156711057676,train
246,-0.0046428833223269,0.5570672713529857,0.1358276643990929,14.705887126287047,0.1935483870967742,0.0,0.0,19.31773031677414,0.0,21.76,6.7,6.674168294113957,train
247,0.0035146561837425,3.008866246147268,0.1684230709876543,14.701036053931029,0.312883435582822,0.0477681159420289,18.80796704598726,35.644435820455215,12.765711215041572,99.6,6.6,9.949074081022323,train
248,-0.0033737766657476,2.7210884353741487,0.1812244897959183,14.707149342615674,0.2727272727272727,0.1183333333333334,0.0,10.213054789681411,17.33851851851852,40.46,21.8,18.737913984693293,train
249,-0.0018495014777871,1.506730364761733,0.1429138994050838,14.70103800465114,0.4299674267100978,0.0242424242424242,24.925324904147946,60.02587718237396,9.557785546317293,62.3,12.3,12.305460507942371,train
250,-0.0002149402112577,0.0515873015873015,0.0206632653061224,20.350551487980045,0.2,0.0,0.0,0.0,0.0,0.0,0.0,1.0676672108888994,train
251,-0.0003551908418742,0.0555555555555555,0.0199999999999999,20.38052627611552,0.0,0.0,0.0,0.0,0.0,0.0,0.2,0.9620162981875016,train
252,-0.0010719815535975,1.149785840262031,0.0843990929705215,14.70816531668655,0.15,0.0636904761904761,6.606881964512918,11.713409359353625,8.52601851851852,20.23,13.5,12.59797233499669,train
253,-0.0008018410599279,2.76530612244898,0.0827632653061224,15.579306292136382,0.0,0.0,6.076020106833881,0.0,7.506944444444445,23.79,6.8,6.398389555161919,train
254,-0.0004788388419478,3.3258219954648527,0.1918320153061224,14.701781242842976,0.4769585253456221,0.1106837606837605,17.408916622392056,73.64445193262142,55.036209694953385,181.62,22.25,21.627842182519608,train
255,0.0064647125581005,3.817708333333333,0.2156249999999999,14.70121876923848,0.3333333333333334,0.1049999999999998,0.0,16.182360077633263,17.30574074074074,57.53,17.400000000000002,16.953516768125,train
256,-0.0003568857280404,0.0733610822060353,0.0196670135275754,20.382532576257915,0.0,0.0,0.0,0.0,0.0,0.0,0.0,0.9620162981875016,train
257,0.0018349633452467,1.2264590434283675,0.095795567867036,14.708164040279591,0.3962264150943396,0.0495670995670994,5.022633313741326,5.106527394840706,9.793765432098766,20.23,12.4,12.980245839063446,train
258,-0.0015022671753094,1.9818732782369133,0.1135537190082643,14.70178905327611,0.2535211267605633,0.038716049382716,11.83581209232279,33.9874774579079,20.539131157619963,74.6,12.5,12.97305177379645,train
259,-0.001418122753404,1.868055555555556,0.1297222222222221,14.708165800774925,0.0,0.1183333333333334,6.606881964512918,11.713409359353625,7.875,20.23,17.400000000000002,16.092622829482607,train
260,4.959803088859493e-05,6.369166666666668,0.2660409999999999,14.651598639500724,0.1935483870967742,0.0,11.847048248508294,11.468067454730246,9.17361111111111,43.14,4.5,4.89088141890076,train
261,0.0021912560727713,3.093333333333333,0.1475999999999999,14.702719951130373,0.2727272727272727,0.0,0.0,5.783244946364939,0.0,17.07,7.0,6.547168242143849,train
262,-0.004611546798473,1.0779320987654324,0.160895061728395,14.705626707343988,0.2368421052631579,0.0412698412698412,7.109797541277533,50.348869992901896,8.977072086563428,47.92,10.4,11.562104031752725,train
263,0.02659598834071,3.705293936595876,0.2211689750692519,14.701775866756073,0.5178571428571429,0.1312499999999998,7.04767198267719,24.62556260547369,8.925483749055179,103.76999999999998,13.7,14.903646910511736,train
264,0.0036997370906789,4.056120116084843,0.1932122448979591,14.702720303786284,0.2441860465116279,0.0,6.923737199690624,5.242426768409271,-0.3611111111111109,17.07,3.9,7.415365130492946,train
265,0.0007987387744932,1.2817569635751451,0.1004591368227731,14.701468910632611,0.1621621621621621,0.0,6.076020106833881,12.576187252464766,0.0,26.3,3.4,5.422581370949862,train
266,0.0045472932953851,3.032598714416896,0.230578512396694,14.701398560831636,0.2307692307692307,0.0,6.923737199690624,13.079102829229384,0.0,26.3,7.6,7.027248390197878,train
267,-0.00194722802414,2.337191358024691,0.1796609374999999,14.701231896487508,0.2542372881355932,0.0434065934065933,12.393687143226153,28.770659556000982,8.855310059208868,59.42,14.1,12.310731848735179,train
268,0.0105405957876281,1.8248827260826703,0.2119082840236686,14.7043273728564,0.0,0.0,0.0,19.82064589353876,0.0,44.760000000000005,9.2,7.4936058087351665,train
269,-0.0003621394191654,0.1326530612244898,0.0183673469387754,20.40931307717743,0.0,0.0,0.0,0.0,0.0,0.0,0.0,0.9620162981875016,train
270,-0.0003616322811503,0.6597633136094673,0.0604544378698224,15.596102579013849,0.0,0.1666666666666667,0.0,6.544756405912575,0.0,26.02,8.6,12.03385383365356,train
271,0.0020852863526819,0.9288194444444444,0.0794109374999999,15.595071287411848,0.2631578947368421,0.1666666666666667,0.0,0.0,0.0,52.04,13.4,12.351116575034265,train
272,-0.0036219363890713,2.4669421487603302,0.1753966942148759,14.708164850266405,0.0,0.2964285714285715,6.544756405912575,18.2581657652662,7.75,46.25,21.2,22.61837159620503,train
273,0.0053443289883474,1.1613002442667728,0.1398898760330577,14.70432427816712,0.0,0.0,0.0,19.82064589353876,0.0,44.760000000000005,4.3,5.8409930476128,train
274,0.0006190676877467,1.5984321916578954,0.1201171597633136,14.708164222686396,0.315,0.0637566137566136,5.022633313741326,5.106527394840706,9.658950617283953,20.23,13.6,12.337806663121786,train
275,0.0132085039629408,2.194101508916324,0.2166666666666666,14.70037924497114,0.1428571428571428,0.0,0.0,19.369129558564595,0.0,35.53,6.1,5.644833859106022,train
276,-0.0001240195010088,1.2762188208616778,0.0688775510204081,14.702719665952046,0.3103448275862068,0.0,12.84164324585202,5.783244946364939,0.0,17.07,4.1,6.1194507943991665,train
277,0.000700498064387,2.425432098765431,0.1806222222222221,14.701398302088892,0.3157894736842105,0.0,5.573104530069267,13.079102829229384,0.0,26.3,5.4,6.970569354424384,train
278,-0.0026961046585963,1.6428571428571423,0.1934693877551019,14.701004321587732,0.09375,0.0,13.530619164203545,39.00371511051644,0.0,44.760000000000005,9.2,6.862040114875918,train
279,-0.0018922411724976,0.0164823388203017,0.049275,20.47559558880652,0.1578947368421052,0.0,0.0,7.472884188864462,0.0,0.0,8.2,4.550545975745597,train
280,0.0014376927901846,1.0503117913832205,0.0688775510204081,14.701441780261556,0.0517241379310344,0.0226984126984126,6.4208216229260096,11.075832682792557,8.51732177827958,37.3,5.5,6.587789271265507,train
281,0.0146383931068742,2.7912557527942146,0.2637869822485206,14.700388030239344,0.3333333333333333,0.0,0.0,18.86621398179998,0.0,35.53,4.1,6.241138050501101,train
282,-0.0012924583024148,0.25,0.0224999999999999,20.28052627611552,0.0,0.0,0.0,0.0,0.0,0.0,0.0,2.1487695689800743,train
283,-0.0018068541774822,4.122448979591838,0.1934693877551019,14.70272141181812,0.0,0.0,0.0,6.286160523129555,0.0,17.07,11.3,8.055856491368875,train
284,0.0048783549186593,0.4673406831614421,0.0661999999999999,20.363752094304733,0.2058823529411764,0.0,0.0,0.0,0.0,0.0,5.1,2.591713496512993,train
285,0.0016331729497312,2.7086795937211448,0.1947922437673129,14.701165267923464,0.3,0.0507575757575756,0.0,18.18563022407009,8.859038170823885,46.53,14.7,12.134683504560918,train
286,-0.0004419054596723,0.2176870748299319,0.0224489795918367,20.2319191887731,0.2727272727272727,0.0,0.0,0.0,2.6828703703703707,0.0,4.7,2.180964997880708,train
287,-0.0080344812511076,2.1041666666666665,0.2190972222222222,14.705859309962598,0.0,0.1177777777777776,0.0,49.854346576758914,16.526276927437642,58.92,18.6,18.40346849294791,train
288,-0.0068774508845132,3.333333333333333,0.2255555555555555,14.708166100233274,0.0,0.2611111111111112,7.109797541277533,12.21632493611824,7.0,20.23,22.3,23.359533363338485,train
289,-0.0011886270686751,1.5513580246913576,0.1088888888888888,14.70816563120094,0.2142857142857142,0.0922222222222222,6.606881964512918,11.713409359353625,8.143518518518519,20.23,15.9,14.025461232281984,train
290,-0.000399134193766,0.5537109375,0.0530683593749999,15.59610239659687,0.0,0.1371428571428571,0.0,6.544756405912575,0.0,26.02,8.0,11.816048619463682,train
291,-0.0001023539159941,0.0136008230452674,0.045504,20.573425869380927,0.1111111111111111,0.0,0.0,2.6457101185676493,0.0,0.0,0.4,3.047170544524401,train
292,-0.0057555562416932,0.4733333333333334,0.1366515555555555,14.706820665292332,0.0,0.0849206349206349,13.08951281182515,26.303276740850983,3.1597222222222223,21.26,9.2,11.064757410762228,train
293,0.0013645445569332,1.8858024691358024,0.1297222222222221,14.708165716809814,0.2727272727272727,0.1183333333333334,6.103966387748303,11.210493782589008,8.055555555555555,20.23,16.4,15.69154619741998,train
294,-0.0005471300836775,1.3033854166666663,0.1142147460937499,14.701466952119462,0.1415094339622641,0.0,12.393687143226153,17.560165773411974,0.0,39.19,7.1000000000000005,5.87759260674211,train
295,-0.0021028019098914,0.5733333333333334,0.1475999999999999,14.706878227503406,0.2727272727272727,0.0,0.0,12.71084835226122,0.0,12.53,6.7,7.223730133594142,train
296,0.0031220310329853,1.5683333333333327,0.1088888888888888,14.708165524994188,0.0,0.0922222222222222,0.0,10.707578205824394,8.520833333333332,20.23,14.7,12.966709762414988,train
297,-0.0018213176126764,0.0410242341106538,0.0794159999999999,20.566678666228857,0.0,0.0,0.0,5.33918526701467,0.1944444444444446,0.0,6.1000000000000005,4.751078527010501,train
298,0.0037199314018227,2.43283950617284,0.1806222222222221,14.70147056810017,0.1578947368421052,0.0,6.076020106833881,12.576187252464766,0.0,26.3,5.5,6.799585389301656,train
299,0.0133899557721966,3.553333333333333,0.1887254399999999,14.70178023197424,0.2586206896551724,0.085128205128205,0.0,17.845473971041084,4.185277777777777,75.27000000000001,8.7,10.886976764518876,train
300,-0.0045402486267268,0.5234190672153637,0.1556009999999999,14.706878147805265,0.1962616822429906,0.0,0.0,18.59085179723156,0.0,12.53,6.6,6.951908646862858,train
301,-0.0016184114217772,0.2563990355162568,0.0525745844875345,15.58919547242044,0.2522522522522522,0.0,22.831310926364257,30.523988623064643,0.7741948538674731,16.130000000000003,6.5,6.201937097020703,train
302,-0.0007382776420347,1.9077277970011528,0.09439446366782,14.702719481694846,0.2307692307692307,0.0,5.563451491696996,5.783244946364939,0.0,17.07,3.7,6.416681988109483,train
303,-0.0024710402780089,0.437869822485207,0.1207100591715975,14.70682177192102,0.0,0.0,13.213763929025836,13.213763929025836,0.0,9.23,8.0,6.338515109619942,train
304,-0.0029941195620142,2.0567107750472595,0.1824952741020793,14.706207015901343,0.0,0.119191919191919,26.427527858051672,36.64058264773308,16.586798469387755,49.69,17.7,18.637573675542075,train
305,0.0088933527694338,3.568589480523922,0.2556365650969529,14.701263358622214,0.0,0.0,0.0,21.63156091335477,0.0,52.60000000000001,7.2,6.749811313233149,train
306,6.123239449792653e-05,1.4522448881172842,0.0763888888888888,14.702719655613803,0.2068965517241379,0.0,6.4208216229260096,5.783244946364939,0.0,17.07,7.4,6.182597257931391,train
307,0.0017638669851522,1.4288194444444442,0.0998437499999999,14.70816431806332,0.2608695652173913,0.0550925925925925,0.0,5.106527394840706,8.813055555555556,20.23,12.9,12.337806663121786,train
308,-0.0001145348589488,0.2167352537722908,0.0222222222222222,20.26687100360633,0.25,0.0,0.0,0.0,0.0,0.0,0.0,1.5258369412279844,train
309,0.0001111985284645,0.9964204835999706,0.0799938198553582,14.702711336544285,0.2950819672131147,0.0273420479302831,5.687386274683562,30.44135867793971,2.996990740740741,32.34,6.7,7.463217811333315,train
310,-0.0006120602160699,1.5369822485207103,0.1318025147928993,14.701467495809345,0.1648351648351648,0.0,12.393687143226153,17.560165773411974,0.0,39.19,7.7,5.991634051391464,train
311,-0.0015793857777358,1.8303514348253147,0.1407909722222221,14.70816568156632,0.0,0.1150793650793651,12.486885409483255,17.59341280432396,7.981805555555556,20.23,14.7,16.092622829482607,train
312,-0.0038245105243487,0.8017751479289941,0.208284023668639,14.705726024403846,0.0,0.0,14.219595082555069,21.01253738865489,0.0,18.46,8.6,7.809091132368748,train
313,0.0007190150902255,5.752582514487275,0.4077551020408161,13.30279784646913,0.1147540983606557,0.0,0.0,6.176298517443475,0.0,0.0,0.0,2.823421441119762,train
314,-0.0012586680887944,0.199104133854934,0.0353359999999999,20.274436714572424,0.1186440677966101,0.0,5.880003444970339,0.0,0.0,0.0,2.7,2.1487695689800743,train
315,0.0002309228964621,0.0188020118884316,0.0642959999999999,20.5603297562136,0.1891891891891891,0.0,0.0,4.2954515122943855,0.0,0.0,5.7,3.9149588228546515,train
316,0.0003951110786809,1.5757333333333334,0.1191039999999999,14.70146890766264,0.2432432432432432,0.0,5.573104530069267,5.969305287951849,0.0,26.3,4.1,5.4841079722267585,train
317,0.010225477428389,11.240486968449932,0.5314559999999997,13.30279982107542,0.0,0.0,15.929943897949348,5.085566541578894,-4.1875,0.0,0.0,0.9483951891439677,train
318,0.0005518857220071,1.5513580246913576,0.1088888888888888,14.7081656089896,0.2142857142857142,0.0922222222222222,0.0,11.210493782589008,8.36111111111111,20.23,14.5,13.246912200786676,train
319,0.0003610287121637,1.2062034486276911,0.0998530762167125,14.699769766457496,0.15,0.0,0.0,25.152374504929536,0.0,52.60000000000001,3.1,4.1640072622469875,train
320,0.0037762297491504,2.096318211702827,0.1207100591715975,14.701444448759524,0.1071428571428571,0.0503030303030301,6.4208216229260096,11.075832682792557,8.270004172965482,37.3,8.200000000000001,10.1795024425109,train
321,0.0036025788957266,0.0958955797039323,0.0744609374999999,20.460198136678176,0.0,0.0,0.0,3.792535935529771,0.0,0.0,3.5,2.7553209944229744,train
322,-0.0036459763617794,4.107567443987197,0.2071124999999999,14.65153807925915,0.361885453623923,0.091335403726708,12.13273413692322,38.52853805176152,31.946182154335563,112.70000000000002,18.68,16.338197063431252,train
323,-0.0036967810758804,0.0219002438652644,0.0688499999999999,20.467529916646416,0.2592592592592592,0.0,0.0,9.67253938050011,0.0,0.0,9.4,5.673903189396433,train
324,0.0013483440852003,2.1906172839506177,0.1366515555555555,14.702713451803731,0.3292682926829268,0.0,21.019081165045005,24.902433425556364,0.0,20.31,10.2,7.21957873747874,train
325,-0.0010244780349584,0.1761363636363636,0.044220867768595,15.59451908845681,0.0,0.0571428571428571,0.0,13.08951281182515,3.2847222222222223,12.03,4.1,9.276432950633723,test
326,0.0056966248491476,7.137197073616828,0.3090159999999998,13.304125144836291,0.0,0.0,0.0,4.046305284878669,0.0,0.0,0.0,0.8432570510255992,test
327,0.0017205738736528,0.5743944636678202,0.0510602076124567,15.596100106129004,0.2564102564102564,0.09,5.687386274683562,0.0,0.0,26.02,9.4,9.700734363896755,test
328,-0.0078598398887359,1.9852071005917165,0.208284023668639,14.706019564882975,0.0,0.1177777777777777,7.109797541277533,25.43008886514408,7.94125,29.46,16.4,16.421348322516064,test
329,7.862364696064852e-05,0.9177716811461664,0.0704801097393689,14.708164975953052,0.1153846153846153,0.0485185185185185,0.0,11.210493782589008,8.851697845804988,20.23,11.0,11.409243435785443,test
330,-0.0003594279255964,0.0976331360946745,0.019171597633136,20.39031305084986,0.0,0.0,0.0,0.0,0.0,0.0,0.0,0.9620162981875016,test
331,0.0106057487017418,3.941358024691357,0.2113888888888888,14.701445461935451,0.3749999999999999,0.0936507936507937,5.573104530069267,11.075832682792557,7.891203703703704,37.3,10.9,13.324270509295411,test
332,0.0022123425773802,2.9353682506648173,0.1847450572320498,13.304121960001943,0.3549295774647887,0.0287942077415761,5.563451491696996,11.075832682792557,8.890206219846371,37.3,7.0,8.640343948459613,test
333,-0.0037832169775532,2.0699432892249527,0.1824952741020793,14.70617258045712,0.25,0.119191919191919,0.0,35.634751494203854,17.13116969009826,49.69,18.4,18.681911894910346,test
334,0.00248208011009,1.668767065742491,0.1325897920604914,14.701469677899762,0.24,0.0,6.923737199690624,12.576187252464766,0.0,26.3,7.0,6.0547481000159085,test
335,0.001299863458628,1.066355551994873,0.0550745072904983,14.701439595532277,0.0365853658536585,0.0,11.384295757348628,5.969305287951849,11.88701109929011,40.13,3.5,4.4187709627839915,test
336,-0.0007426136133594,0.8222222222222223,0.0655555555555555,14.708164851268656,0.0,0.0433333333333332,6.606881964512918,11.713409359353625,8.468954790249434,20.23,10.7,10.990006390195378,test
337,-0.0082009235122968,1.5524999999999998,0.2030999999999999,14.705660152915708,0.0,0.0763888888888888,7.109797541277533,38.64385279416991,8.199770408163266,38.69,12.6,13.242160313888164,test
338,0.0003722102785662,3.2798902606310016,0.1469639999999999,14.705690825388206,0.3846153846153846,0.0,23.31110740992712,16.720436859187277,0.0,17.07,10.2,8.363628945238897,test
339,-0.0036235792844253,1.5690119184928872,0.1671280276816608,14.706306023953358,0.1578947368421052,0.0773809523809524,6.606881964512918,24.42425771161485,8.441018518518518,29.46,10.2,12.395400772127612,test
340,-0.0004240067088829,0.2894349926486032,0.0407671077504725,15.58950342920759,0.2898550724637681,0.0,10.772448428929591,4.9839785209472085,2.4003703703703705,12.89,5.8,4.463356564380039,test
341,-0.0048870061554322,1.671875,0.1773437499999999,14.706306164128431,0.0,0.0936507936507937,6.606881964512918,24.927173288379457,8.07236111111111,29.46,14.3,14.054298746255954,test
342,-0.000733353606769,1.9946701486624543,0.1247513604803902,14.700407425433296,0.2580645161290322,0.0308225108225107,18.2566337152488,46.06074913360804,23.092025409292063,100.90000000000002,9.0,9.086967827854085,test
343,-0.0022655133620591,0.5143999999999999,0.1250559999999999,14.705666173331927,0.0,0.0,7.109797541277533,25.92461228128706,0.0,18.46,8.2,6.56851738141256,test
344,0.0110772798672753,1.092739704189171,0.1260396559529198,14.704321223537784,0.2337662337662337,0.0,0.0,0.0,0.0,44.760000000000005,4.5,5.003617850940667,test
345,-0.0012716076305696,0.175261223729445,0.0461249999999999,20.278663331385125,0.2258064516129032,0.0,0.0,0.0,1.2114197530864206,0.0,3.3,2.2544204816814712,test
346,-0.0006482912980834,0.2127267573696145,0.0224999999999999,20.2713328309487,0.1428571428571428,0.0,0.0,0.0,0.0,0.0,0.0,1.9091435111494226,test
347,-0.0012221854883576,1.5333333333333334,0.1088888888888888,14.708165643425993,0.0,0.0922222222222222,6.606881964512918,11.713409359353625,8.06625,20.23,15.8,13.91981031958059,test
348,-0.0024618588714623,0.9435556115450292,0.1086343663391281,14.705651098641354,0.2740046838407494,0.0322222222222221,30.04798637768066,59.16309928926282,22.43918128440924,62.16,9.9,12.496756832776725,test
349,0.0002470491933928,0.7652584945215776,0.0647247419010323,14.70271013169842,0.2307692307692307,0.0,37.78431794449526,36.48319950708767,0.0,23.550000000000004,6.2,5.740052180353116,test
350,0.0023882568655069,8.755099826388891,0.6018749999999996,13.299891492874078,0.0,0.0,0.0,12.35259703488695,0.0,0.0,0.0,1.9688312400456889,test
351,0.0033452530154297,1.6335365243247482,0.1197443786982248,14.708164355859871,0.2470588235294117,0.0646164021164021,5.022633313741326,5.106527394840706,9.339506172839506,20.23,14.3,12.337806663121786,test
352,-0.0010154258965484,0.3298731257208766,0.048070588235294,15.589506533039504,0.2040816326530612,0.0,11.583067786077873,4.9839785209472085,1.1990740740740742,12.89,7.6,4.871189447414294,test
353,8.243153546011052e-05,0.6752777777777778,0.0549749999999999,14.708163035051516,0.1276595744680851,0.0263480392156861,0.0,5.106527394840706,9.5831819099311,20.23,9.2,7.517085365524159,test
354,-0.0003607918898664,0.11,0.0188999999999999,20.396034016930905,0.0,0.0,0.0,0.0,0.0,0.0,0.0,0.9620162981875016,test
355,-0.0001001810941746,0.2167352537722908,0.0222222222222222,20.267067522649327,0.25,0.0,0.0,0.0,0.0,0.0,3.1,1.5258369412279844,test
356,-0.0006541239551565,0.1017539152593398,0.0412809917355371,20.429986346367443,0.0,0.0,5.880003444970339,5.880003444970339,0.0,0.0,2.0,2.287478017024192,test
357,-0.0019072831873519,2.0865051903114185,0.1730532871972318,14.701396064723612,0.218978102189781,0.0,12.393687143226153,18.063081350176592,0.0,39.19,9.2,6.824200760534271,test
358,0.0069031352369005,2.7285416666666658,0.1567027499999999,14.702550716552452,0.2960526315789474,0.1233766233766232,0.0,11.013707124192212,8.874615929705215,63.32000000000001,17.1,14.20312377909367,test
359,0.0014651214874414,1.097241274196007,0.0706447187928669,14.701441788888308,0.0517241379310344,0.0226984126984126,6.4208216229260096,11.075832682792557,8.508189546874622,37.3,5.5,6.81585092760837,test
360,0.0220679554098507,5.298611111111111,0.2849999999999999,14.701445684259197,0.3,0.1566666666666667,6.923737199690624,11.075832682792557,7.416666666666666,37.3,13.5,15.202518889624475,test
361,-0.0014394228279258,1.2013888888888893,0.1031249999999999,15.595098699616225,0.0,0.3,13.08951281182515,13.08951281182515,0.0,52.04,17.0,20.31676380278515,test
362,0.0082177967694661,3.543083900226759,0.193469387755102,14.70144551859185,0.1874999999999999,0.0936507936507937,6.4208216229260096,11.075832682792557,7.913472222222222,37.3,10.6,12.255178302512663,test
363,-0.0049625078782104,0.3794872055411606,0.1267528888888888,14.706821521250692,0.0,0.0,11.760006889940678,24.97377081896652,0.0,9.23,5.7,6.233376971501574,test
364,-0.0013760031272928,0.8471765651252827,0.1517751479289939,14.70547595633116,0.3645833333333332,0.0937142857142855,18.18111668623608,31.29734966572701,0.0,105.51,11.7,12.558766195242736,test
365,-0.0012008973909656,2.52974013107758,0.1352949245541838,14.701789425963405,0.3287671232876711,0.039102564102564,17.75371813848418,40.77655355780207,20.491851481478,91.67,13.1,12.942098310974247,test
366,-0.0034905918072138,0.4438775510204081,0.1145408163265305,14.705859973503491,0.0,0.0,13.213763929025836,26.427527858051672,0.0,18.46,4.6,6.673655519530928,test
367,-0.0035699941344559,2.6388888888888884,0.1609576388888888,14.702714914919351,0.1791044776119403,0.0,14.09534396535438,25.405349002320985,0.0,20.31,11.3,7.429649200421671,test
368,0.0096294917360443,2.7811959342560555,0.1536207612456746,14.701780231974231,0.273972602739726,0.0659722222222221,0.0,17.845473971041084,4.330908919123205,75.27000000000001,7.6,9.943319646632482,test
369,-0.0006398799850276,0.4978512396694214,0.0453421487603305,14.70816343381751,0.0,0.022017543859649,6.606881964512918,11.713409359353625,8.6609673246524,20.23,8.0,7.886595302649356,test
370,0.0052487588880784,2.446837994457041,0.1358276643990929,14.701444215148706,0.1935483870967742,0.0449494949494949,6.4208216229260096,11.075832682792557,8.374793083900226,37.3,8.7,9.78069759464496,test
371,-0.0009257067372225,1.8118976757369616,0.12454767544773,14.701777674801534,0.4390862944162437,0.0311111111111113,49.33370387874032,247.17407953692867,59.2352349864507,292.76,14.1,15.196776100414333,test
372,-0.0071733334764983,9.658446712018138,0.660861678004535,13.301461778480368,0.0,0.0695185766614336,6.4208216229260096,23.060175240711345,7.544340986394557,20.23,9.9,9.827991147434691,test
373,0.0010782446292592,2.814800376228312,0.1639964357317888,14.699771121098555,0.2967032967032966,0.0488215488215486,11.83581209232279,57.13658181640059,31.629016390501143,138.2,10.9,12.885109347578057,test
374,-0.0019170505098647,1.4313151041666667,0.0998437499999999,14.708165167685634,0.1304347826086956,0.0550925925925925,0.0,5.106527394840706,8.537592592592592,20.23,13.7,12.53969596439925,test
375,-0.0011294627571434,1.6335365243247482,0.1197443786982248,14.708164342715936,0.2470588235294117,0.0646164021164021,0.0,5.106527394840706,9.183148148148147,20.23,13.9,12.91716836383193,test
376,-0.0030503333065578,2.999999999999999,0.2166666666666666,14.701212612662031,0.2857142857142857,0.0763888888888888,0.0,23.78668103505377,8.477453703703704,46.53,12.5,12.617981455545927,test
377,-0.0074509565405255,4.039682539682542,0.263877551020408,14.7071566411118,0.2,0.261111111111111,0.0,34.63731250129626,24.016203703703702,60.69,29.3,25.30066247877761,test
378,-0.0015740191332652,2.5282755105928967,0.1352949245541838,14.701788794241118,0.2876712328767122,0.039102564102564,24.17453976141019,39.77072240427283,20.4856603526313,91.67,12.8,12.942098310974247,test
379,0.0028232766009959,1.673094582185491,0.1079401285583103,14.701440889168628,0.3501945525291829,0.0507407407407407,5.687386274683562,11.075832682792557,12.30968994079113,49.33,8.1,10.843257840185817,test
380,0.0036586499933587,2.35424540186445,0.1291609977324262,14.701443654060334,0.3243243243243243,0.0369963369963369,0.0,11.075832682792557,10.632743764172336,37.3,8.6,9.704812249891564,test
381,-0.0048576943786006,1.68359375,0.1773437499999999,14.706019264095852,0.1875,0.0936507936507937,7.109797541277533,24.927173288379457,8.42736111111111,29.46,11.6,14.159949658957352,test
382,0.0033005939379541,2.557964852607709,0.1878061224489795,14.699769829573023,0.1578947368421052,0.0,12.152040213667762,25.152374504929533,0.0,52.6,4.2,5.717591025899109,test
383,-0.0067520941305991,3.84,0.2535999999999999,14.707168693693664,0.0,0.2611111111111112,0.0,23.42681871870725,15.25,40.46,26.0,23.86895985765421,test
384,0.0045524368616068,2.7210884353741487,0.1812244897959183,14.707202083477537,0.2727272727272727,0.1183333333333334,6.06636706846161,10.213054789681411,17.30611111111111,40.46,21.0,18.15855228398315,test
385,0.0070186735749514,3.0929770190858448,0.1675315555555555,14.70144448976226,0.3073170731707317,0.0565367965367964,5.022633313741326,11.075832682792557,8.89496913580247,37.3,9.3,10.66427758578125,test
386,0.0021376781717294,1.4004718935756744,0.1063652343749999,14.708164180261578,0.3298429319371728,0.0561375661375661,5.022633313741326,5.106527394840706,9.642746913580249,20.23,13.3,12.528025911638892,test
387,-0.0043310826373129,0.9237126793002426,0.1416906666666665,14.70588381261899,0.1912751677852348,0.0520358868184954,25.17319447012107,64.95141410908172,13.186005032025054,79.74,13.1,12.682168419051376,test
388,0.0003997443208956,1.5707070707070707,0.0815702479338842,14.702719654864126,0.2608695652173913,0.0,6.4208216229260096,5.783244946364939,0.0,17.07,4.1,6.4544187446626715,test
389,0.0051701210663662,2.515873015873015,0.193469387755102,14.701470512946358,0.1875,0.0,6.923737199690624,12.576187252464766,0.0,26.3,7.2,6.9938224556597435,test
390,-0.0011020748154194,1.441015089163237,0.1220430727023319,14.70146670436311,0.198237885462555,0.0,12.393687143226153,10.95328380889906,0.0,39.19,7.5,5.867108415742921,test
391,0.0064835686212591,3.128244932174974,0.1647395555555555,14.701444559509556,0.2727272727272727,0.0509090909090909,4.472719515832414,11.075832682792557,8.460400604686319,37.3,9.2,10.568213836056119,test
392,-0.0008507568889828,1.0052083333333333,0.0765972222222221,14.708165167967149,0.0,0.0550925925925925,6.606881964512918,11.713409359353625,8.365586734693878,20.23,11.9,11.746451747023572,test
393,0.0003951470926299,2.0690104166666665,0.1031249999999999,14.70271996055699,0.1764705882352941,0.0,6.4208216229260096,5.783244946364939,0.0,17.07,4.3,6.182597257931391,test
394,-0.0039108855409754,1.2485207100591715,0.1659763313609466,14.705684681216662,0.0,0.0572727272727271,33.537325399329205,38.64385279416991,8.364263432224742,38.69,11.2,12.287916089227117,test
395,0.0039692720005691,1.7211111111111113,0.1311609999999999,14.7027069413278,0.3577981651376147,0.0,28.19068793070876,44.02162190474778,0.0,23.550000000000004,11.0,8.054626250959146,test
396,-0.0009779791580759,0.0436117541152263,0.0513,20.477560293517524,0.0,0.0,10.660179294122852,10.660179294122852,2.0972222222222223,0.0,12.1,3.6611929134087315,test
397,-0.0003907244874709,0.143752476756592,0.0186239999999999,20.467023826512545,0.0,0.0,0.0,11.505707213493578,0.0,0.0,2.0,1.7166169921590937,test
398,-0.0007045064287253,0.7548209366391185,0.061505968778696,14.708164692997588,0.0,0.039141414141414,6.606881964512918,11.713409359353625,8.507012641489101,20.23,10.2,10.990006390195378,test
399,-0.0005500821384069,1.4303230406746037,0.091109693877551,14.702431743208995,0.2608695652173913,0.0381410256410255,5.41499046939678,27.70131693477834,21.21473053561798,57.53,12.1,12.908701126014757,test
400,0.0046159217042825,2.481262327416173,0.1487147928994082,14.70271391386832,0.1829268292682927,0.0849206349206349,12.965578028838586,12.45193613526408,2.680555555555556,29.1,11.3,10.875858993328599,test
401,-0.0023840119827746,0.2344444444444444,0.0471127499999999,15.591674962237818,0.2045454545454545,0.0,19.782730240037942,14.09534396535438,0.0,3.24,6.300000000000001,3.3133466445565984,test
402,0.0064151796144587,3.0228758169934635,0.1671280276816608,14.701445250963577,0.1578947368421052,0.0773809523809524,6.4208216229260096,11.075832682792557,8.044583333333334,37.3,9.7,10.296392349324837,test
403,0.0043958099501367,2.3344885528250363,0.1325897920604914,14.701444716076116,0.12,0.057037037037037,6.4208216229260096,11.075832682792557,8.2128089569161,37.3,8.5,10.1795024425109,test
404,-0.0002110282498852,2.235833333333333,0.0688409999999999,15.579306071019897,0.2083333333333333,0.0,5.573104530069267,0.0,7.793981481481481,23.79,5.4,6.269955737685223,test
405,0.0240232452837347,6.639999999999999,0.3576,14.70144732629994,0.0,0.2277777777777778,0.0,11.57874825955717,6.888888888888889,37.3,16.6,16.487107269799168,test
406,-0.0008948444044779,0.9177716811461664,0.0704801097393689,14.70816499986671,0.1153846153846153,0.0485185185185185,6.606881964512918,11.713409359353625,8.752651171579743,20.23,11.8,11.842515496748705,test
