MATS2pe,EState_VSA9,AATS0p,BCUTare-1l,RotRatio,MATS1v,NsssSiH,GATS2dv,MATS2i,BCUTi-1l,ETA_dAlpha_B,AATS0v,GATS5Z,SlogP_VSA1,EState_VSA4,SssCH2,VSA_EState5,GATS1se,Td5
0.0159606104213678,31.79415160644072,2.115196831206836,1.6824045321937662,0.25,0.0715879737548995,0.0,1.1621733106618808,-0.0888692864514617,8.137485439734048,0.0,256.870211599427,0.8704107733975323,18.9474518152002,0.0,0.9882184521847364,13.667299913215206,0.9855583255875724,438.0
0.133774448867114,18.9474518152002,1.829164632379838,2.144633713650065,0.1111111111111111,0.0084718152348922,0.0,0.7025979808525754,-0.1232830387596302,10.904990104949295,0.025531914893617,278.74839425739566,1.0906538055079051,38.54709073860211,30.7265419067959,0.0,11.37175982400026,0.6546446594964757,540.0
0.0130031022914651,22.320425698840616,1.6616854368908691,2.156489666943443,0.0909090909090909,0.0044207356768318,0.0,1.1696061140505585,0.220910478239246,10.91705990678272,0.0136752136752136,241.6668665873409,0.9232649716297776,19.27354536930105,47.09021201115407,2.512547045204863,7.314331543180375,0.8842267443037675,365.0
0.133774448867114,18.9474518152002,1.829164632379838,2.144633713650072,0.1111111111111111,0.0084718152348922,0.0,0.6812424191245335,-0.1232830387596302,10.904990104949285,0.025531914893617,278.74839425739566,1.0963106578041275,38.54709073860211,30.7265419067959,0.0,10.58113152833557,0.6546446594964757,521.0
0.0130031022914651,22.320425698840616,1.6616854368908691,2.15648966694344,0.0909090909090909,0.0044207356768318,0.0,1.1696061140505585,0.220910478239246,10.917059906782727,0.0136752136752137,241.6668665873409,0.9232649716297776,19.27354536930105,47.09021201115407,2.512547045204863,7.314331543180375,0.8842267443037678,458.0
0.3825160751240636,12.846699791240518,2.539756576348307,1.6824049625978066,0.0,0.1252373999214866,0.0,0.8036400529618828,-0.1409698265125167,8.137486896356956,0.0,290.24515301708453,1.4653190830235447,0.0,22.253805966787983,0.0,11.642408607429005,1.740350975119645,612.0
0.1533447437967453,9.473725907600098,1.8465171805182408,2.144633713624797,0.0909090909090909,0.0138841966049442,0.0,0.6751351724112223,-0.0856273767751888,10.904990104948748,0.024031007751938,280.73841674884994,1.1189086585234027,29.07336483100201,30.7265419067959,0.0,9.47406118770394,0.6081816496592745,493.0
-0.2223660032759653,12.846699791240518,2.5629327087810228,1.697825715156001,0.0344827586206896,0.0211976840823364,1.0,1.0852944809346663,-0.0419581726503134,8.142001995792715,0.0,302.6425249921771,1.4657987992054895,5.186725645687458,22.253805966787983,0.0,11.803366601355073,1.4721574181534456,755.0
0.3736129101881573,23.684314769000245,1.7699746449347615,2.134252657551184,0.0975609756097561,0.0161909757730482,0.0,0.5166155394985555,0.325649837421102,10.89482346100188,0.0443021346469621,280.08295836820656,0.99170305920267,43.28395369240215,133.46007550615548,0.0,-4.169203140453762,0.5731907371009539,576.0
0.1311797873446933,18.9474518152002,1.84489660944518,2.134252869782039,0.1079136690647482,0.0227997757826687,0.0,0.7105265027557698,-0.0991742990664587,10.894823470731202,0.0199999999999999,277.6323650302431,1.0405342875651662,38.54709073860211,42.82607385741853,0.0,12.55871582969384,0.6358895355799998,548.0
0.0603481585336209,22.320425698840616,1.638665047658636,2.1564893759798225,0.1111111111111111,0.0150213786627935,0.0,1.164147004147004,0.2259744914074302,10.917059892737802,0.0111111111111111,236.33526539295235,0.9171264484187864,19.27354536930105,47.09021201115407,2.503685621100221,7.360047440662061,0.8807667296831413,371.0
0.8540416163168848,33.422435283432776,3.3303192541916182,1.6873350036222292,0.2272727272727272,0.1215945184546078,0.0,0.7838933084161387,-0.0960924517136099,8.13663827941721,0.0,281.94878982404566,1.161128723138252,0.0,22.253805966787983,0.0,11.769651929976815,2.042643278232521,489.0
0.1774348033827111,14.741444972760537,2.4739234446808696,1.7312668780374665,0.0487659574468085,0.108313179475928,0.0,0.8347154902307758,-0.0901020819879429,8.416036469343425,0.0029268292682926,292.3045183054432,1.29715207970325,3.854709073860211,21.988389262449378,0.0,10.670210968001776,1.6166931005153746,601.9
0.3525704152862475,0.0,1.8097857040132432,2.144633713583384,0.0652173913043478,0.0156475851779128,0.0,0.5132548644090394,0.2635390773769273,10.904990104950018,0.0372721928277485,282.7092259984699,1.3468525359980414,19.599638923401912,9.799819461700956,0.0,4.234237371497259,0.5310835599306096,527.4
0.5818615847443905,16.96184688967897,2.8269405695240417,1.685672861618047,0.0714285714285714,0.1169215584867406,0.0,0.7888953017238868,-0.1444050699726459,8.137869291562353,0.0,287.2313721020622,1.190180520392817,0.0,22.253805966787983,0.0,11.691860460516049,1.949013172751224,446.0
0.2832215280311914,12.846699791240518,2.4312779577106665,1.7098983697780474,0.1904761904761904,-0.0157157411519237,1.0,0.998667810425866,-0.1882068111228581,8.14466499902421,0.0,269.1279112600837,1.1977717111910795,9.96471952820605,22.50167553276112,0.0,5.276473552001149,1.9682787912234456,632.4
0.1171405365496104,0.0,1.8683448342775573,2.144633712545441,0.1,0.0329703102670139,0.0,0.7194477085781434,-0.0652105138789868,10.90499010489384,0.0171428571428571,279.8064252628806,1.0771131879543094,14.699729192551434,64.7707926178244,0.0,14.413612714489188,0.5133198200523897,547.0
0.0721219814091452,31.79415160644072,1.8863256324016773,1.6824003060895092,0.2307692307692307,0.0649861414885049,0.0,1.1608882789705983,0.0416453094060617,8.13748152867399,0.0,240.5681801943551,0.8562853871511614,18.9474518152002,22.99804733313562,1.1370500886445245,14.424784037454655,0.9581826388184302,422.0
0.1796529607146727,13.794072382000529,2.40824681527104,1.7785136798471275,0.051047619047619,0.09843740421722,0.0,0.8085963012582831,-0.0790980748052171,8.693927960951836,0.0052054794520547,291.6854411231739,1.2833196514472864,4.867300375440393,21.72297255811077,0.0,9.50055602671787,1.4950895229201533,613.0
0.1972612188092969,6.423349895620259,2.899852901720612,1.68540413544513,0.0952380952380952,0.1076532179954023,0.0,0.7094737631700339,0.1890848293246119,8.138797266200768,0.0,317.93936049110533,0.8455199628597959,10.373451291374916,10.373451291374916,0.0,1.97019211388259,0.9283867157686244,595.0
0.3825160751240636,12.846699791240518,2.539756576348307,1.6824049625978066,0.0,0.1252373999214866,0.0,0.8036400529618828,-0.1409698265125167,8.137486896356956,0.0,290.24515301708453,1.4653190830235447,0.0,22.253805966787983,0.0,11.642408607429005,1.740350975119645,640.0
0.1560260831893742,0.0,1.8968435124507603,2.144633736565029,0.0277777777777777,0.0351696135581022,0.0,0.7020369347812748,-0.0577525723725664,10.904990143500566,0.0139784946236559,282.6266335346867,1.091916006666477,4.899909730850478,22.253805966787983,0.0,5.571725489635774,0.5214875261072514,587.0
0.4634450905377547,0.0,3.662356496268105,1.6822945276803385,0.0,0.0703871678517635,0.0,0.2384375771033802,0.1587938890230573,8.137474105272934,0.0,352.5585145149951,0.4276982707215265,0.0,0.0,0.0,3.2809586797682035,1.0112884750887248,485.0
-0.0641583476312066,15.897075803220355,1.5886203140983572,2.156490079992335,0.12,-0.0228249179157717,0.0,1.1276835944398194,0.2297349499247342,10.9170609711366,0.0188405797101448,231.8339263410635,1.1814349475352908,14.373635638450576,40.42152082225493,1.2276397549760647,4.2682013434263615,0.8852168801844108,395.0
0.0918113354034651,8.687000412689095,2.5055809263920352,1.6932423776213736,0.1578947368421052,0.085216487613285,0.0,0.9799891964261136,0.0680361483445812,8.139408351827544,0.0,289.4323238941517,1.3656602559445346,26.20970584316467,37.33660882655866,0.0,7.0535630684481845,1.7287793154140692,625.0
0.3981229246254032,18.9474518152002,1.7476585124495023,2.1342526575511647,0.0930232558139534,0.0191777306433745,0.0,0.4779462558717879,0.366842156263603,10.89482346100182,0.049299719887955,279.4769110288449,1.097848934782245,38.54709073860211,66.73003775307771,0.0,-7.532549365550218,0.5677420157033062,546.0
-0.0612010748493326,11.160212849420308,1.6856636052592586,2.156490441149405,0.05,-0.0098207227602222,0.0,1.1923480083857445,0.1299049462357514,10.91706098698154,0.0148148148148147,246.45367921862604,0.979797258709309,9.636772684650529,23.54510600557704,1.4119406651549506,3.6320502907953305,0.8813087053804902,384.0
0.1653552101913246,21.1362099603906,2.2943305006457377,1.849383910943492,0.06975,0.0777019713596483,0.0,0.77885625178225,-0.0936490269298092,9.11076519967842,0.0108258258258257,289.6733710219983,1.263588332105936,18.57932060393609,24.7547843131982,0.0,7.078442222773232,1.350755034431068,549.0
0.1871322289349284,21.68100166534721,1.9657287259921503,2.155987284873327,0.0952380952380952,0.0122446820264803,0.0,0.7187929452264316,-0.095802707994286,10.311298822489029,0.0144144144144143,285.8833142347588,0.9456850159457688,0.0,22.253805966787983,0.0,5.874255413725731,0.6170034547764386,535.0
0.1332231701294365,36.53101456024076,1.826971843957136,2.1564881979409902,0.125,-0.0017282668127062,0.0,0.6402483949057993,-0.1062266710501629,10.91705989858079,0.0309309309309307,282.4238732685556,1.170400240418472,53.08377315410311,29.399458385102868,0.0,-1.3002819448502787,0.6612193034700183,522.0
0.5215093231537228,6.823088968408461,3.6866326889295338,1.684739289068613,0.2121212121212121,0.0231454424787766,2.0,1.0004184220000218,0.2452597250680892,8.090402165145147,0.0,352.3382434011327,1.4652600336169148,0.0,11.126902983393991,0.0,7.025267486241512,1.2072056608302697,762.0
0.3878474959663983,4.736862953800049,1.7883337982582663,2.144633711270195,0.0701754385964912,0.0158638206694852,0.0,0.48725713578905,0.3339120527196051,10.904990104836886,0.0442715700141443,283.62543405446235,1.0680077959721996,24.33650187720196,54.59730361615449,0.0,1.402498569636516,0.5491557947096265,545.0
-0.1073541760986232,15.897075803220355,1.616482902078143,2.1741780266071933,0.1363636363636363,-0.0286176910796576,0.0,1.2540983606557377,0.081343401238579,10.93468061686713,0.0216666666666666,238.34683495294163,0.9295496991076988,14.373635638450576,23.73116634716395,1.696282547352172,4.205064088560489,0.8866435690823209,348.0
-0.0019297560963879,12.846699791240518,3.5774792227275003,1.695725212204234,0.0526315789473684,0.0398183017796078,2.0,0.8984927232319787,-0.081448117972282,8.140525024770294,0.0,327.38871646676006,0.6891252955082743,5.462803260414833,5.462803260414833,0.0,6.43084341143865,2.064897676463095,650.0
0.3825160751240636,12.846699791240518,2.539756576348307,1.6824049625978066,0.0,0.1252373999214866,0.0,0.8036400529618828,-0.1409698265125167,8.137486896356956,0.0,290.24515301708453,1.4653190830235447,0.0,22.253805966787983,0.0,11.642408607429005,1.740350975119645,593.0
0.1505433858289125,9.473725907600098,1.8607189853210149,2.134252861789593,0.0825688073394495,0.0201144669449533,0.0,0.6647028743253617,-0.0714739670203592,10.894823470544273,0.0219858156028369,281.79436668070406,1.0971653885459351,29.07336483100201,30.7265419067959,0.0,9.887856511624737,0.6003999494378656,532.0
0.0565759793766977,0.0,2.631774395871438,1.6962232391993488,0.0,0.0375031013929276,1.0,0.9592072821603432,-0.1645362220657485,8.141342713063404,0.0,285.61903031430575,1.7563589961718415,0.0,11.126902983393991,0.0,6.37981324011086,1.6470843362531946,679.0
0.3757818388252901,9.473725907600098,1.7847953313990548,2.1446337112701768,0.081967213114754,0.0147543603391253,0.0,0.5023510342360233,0.3160904302649163,10.90499010483692,0.0429453262786597,281.9949367297018,1.050921299379547,29.07336483100201,36.39820241076966,0.0,1.890519384668886,0.557674809728184,537.0
0.8325320846365069,29.307288184994327,3.252263698657722,1.6876757025596325,0.2,0.1196540149178064,0.0,0.781768380643546,-0.1016772263071907,8.136886330438461,0.0,282.7679244177886,1.1782214816517276,0.0,22.253805966787983,0.0,11.749687115840306,2.032168924248875,495.0
0.1234694678605337,41.26787751404081,1.947785339432739,1.6823894310160468,0.1454545454545454,0.0550657214233352,0.0,0.917484964557458,-0.0845662221009269,8.137472072838964,0.006701030927835,267.9231133073708,1.0449231098526746,18.9474518152002,89.01522386715193,0.0,17.545226715411392,0.8319995295138921,466.0
-0.0987487872100254,22.679922460948863,2.760668735074,1.6889034960449962,0.074074074074074,0.1267156341113389,0.0,1.1019466533028883,-0.0204331186822863,8.139523491626784,0.0,314.4957793751441,1.5101767845230147,10.373451291374916,21.50035427476891,0.0,6.084388565228663,1.0125609487491798,563.0
0.1777582164725988,31.79415160644072,1.8313440646850072,2.1548561500901324,0.1956521739130435,0.0374830250470317,0.0,0.8632326223855357,-0.0272345204861276,10.310816747022862,0.0080321285140562,257.510545997568,0.8343860952773479,18.9474518152002,22.253805966787983,0.0,8.928927892021553,0.5340248015519743,480.0
0.1309814028000268,12.846699791240518,2.6492327963301663,1.6962219171960655,0.0,0.0183047367243244,1.0,0.9230542121246204,-0.129085038423801,8.141341793330236,0.0,300.94101602930846,1.5632911392405064,0.0,22.253805966787983,0.0,11.542363728366269,1.568687087148167,620.0
0.4230155021814017,18.9474518152002,1.796879543021388,2.1446038691261013,0.0619469026548672,0.0177092372760401,0.0,0.4912016031457955,0.3434240323199088,10.904997004987631,0.0430476190476191,284.12718522677653,0.999022260878334,0.0,48.53093654769288,0.0,6.132556384551004,0.577570420488443,580.0
0.1802807416813021,15.688817563520548,2.467037359439185,1.7312668780377964,0.0513846153846153,0.1096155448508594,0.0,0.8429446748329237,-0.0843805401035115,8.416036469343426,0.0023976608187134,290.6894465465339,1.2850127189589216,4.802081664620221,24.213769859128178,0.0,11.097820373391144,1.617711677204099,594.7
0.1988194008691825,19.270049686860776,2.9561741941726924,1.6958023071154495,0.0,0.0148256079328095,3.0,0.8790711315538831,-0.1235132267201225,8.14052696107482,0.0,314.1707764936694,1.5721724537037034,0.0,50.07106342527296,0.0,27.72432133018264,1.6921081664228397,715.0
-0.0612010748493326,11.160212849420308,1.6856636052592586,2.156490441149405,0.05,-0.0098207227602222,0.0,1.1923480083857445,0.1299049462357514,10.91706098698154,0.0148148148148147,246.45367921862604,0.979797258709309,9.636772684650529,23.54510600557704,1.4119406651549506,3.6320502907953305,0.8813087053804902,491.0
0.1429064328488211,14.210588861400147,1.836890675074096,2.1446337135996902,0.1,0.0089954271493558,0.0,0.668892211706183,-0.1070912450099205,10.904990104948135,0.0256704980842912,280.22363563057394,1.1245792754468944,33.81022778480206,30.7265419067959,0.0,9.288936542231047,0.6359804524568927,555.0
0.1727702963594526,17.583562745040567,2.4021824983431075,1.7785136908671466,0.057,0.0960320263224993,0.0,0.8108426802922002,-0.0907464936712661,8.69392796147018,0.0061861861861861,291.3463320420236,1.2850932763415046,10.616754630820624,23.68293645045096,0.0,9.011993953763271,1.5098786646528488,589.0
0.0266033983887263,27.42695309368132,1.5758705040103491,,0.0757575757575757,0.0046453116231525,0.0,1.1530023056761676,0.0522548944470119,,,225.65934378368505,0.9210912948277236,19.27354536930105,66.3526768799321,6.248750944822373,7.58585984084992,0.9328881149716176,424.3
0.2197621878976711,12.846699791240518,1.7860184168619588,2.151270969503062,0.1650485436893204,0.0488095279356765,0.0,0.736171733671332,0.0679136589320585,10.911584870781628,0.0186335403726707,264.8650273402131,0.8178604448795346,0.0,44.52691801032051,0.0,-20.044073262264178,0.4624563610183216,354.0
0.3747434533875233,9.473725907600098,1.7679596588098128,2.144633713247395,0.0862068965517241,0.0119907000405264,0.0,0.5008486727298005,0.3186605424976324,10.90499010493162,0.0450300508552937,280.5144515462443,1.2265357132020511,29.07336483100201,59.497213347004966,0.0,-0.0390742489171285,0.5638312497110443,564.0
0.4503861916771752,6.423349895620259,2.7753221943275204,1.6956212436547178,0.0,0.0405091405919404,1.0,0.6689088191330345,-0.2389538626750335,8.140697639952545,0.0,278.40227889797103,1.2288930581613509,0.0,11.126902983393991,0.0,5.765068657092467,1.831747197723776,437.0
-0.0320159313725492,0.0,3.141185060191632,1.7097961836239297,0.0952380952380952,-0.1139142593840338,0.0,1.1451291406212474,-0.076144438685824,8.143956794509778,0.0,294.53973862676304,0.9453247383378388,5.186725645687458,11.984273114623004,0.8859427752582514,6.555789931007434,1.6718306630194768,654.0
-0.0640260849979406,15.897075803220355,1.5856586153271846,2.1860566462253144,0.1304347826086956,-0.0254198526281157,0.0,1.2267297342284855,0.1656047220794952,10.948251686140862,0.0206349206349206,232.3111477358987,0.93089936223111,9.636772684650529,23.54510600557704,1.8638758485615443,0.9823058593909966,0.8847284976085277,339.0
0.0856169332827347,31.79415160644072,1.7247840320450083,2.156489602752973,0.1162790697674418,0.0037193475233855,0.0,0.8873599284457715,0.0807309266688541,10.91705990609212,0.0231111111111112,258.43388633420415,0.9968461085896788,38.54709073860211,44.7554814995491,1.674868985465648,6.955499834915069,0.721190994624018,393.0
0.1304343325745009,31.79415160644072,1.825367989352293,2.1564882034864867,0.1276595744680851,-0.0011171016974263,0.0,0.6632860874204729,-0.1191327759405516,10.91705989870145,0.0292682926829267,280.8526624359173,1.1575964820893454,38.54709073860211,19.599638923401912,0.0,1.803715686339304,0.6685394606167401,520.3
0.2028399762736733,40.62845348054741,1.9870839651734904,1.6823895073569473,0.1454545454545454,0.0531790573249483,0.0,0.7832890937035759,-0.1371950995451537,8.137472096848297,0.006701030927835,274.11499223224496,1.0390059186703935,18.9474518152002,89.01522386715193,0.0,18.84520681521409,0.8330150475957508,466.0
0.7972976225770734,25.192141086555875,3.1515833444183485,1.6876098034540812,0.1666666666666666,0.1177385694442284,0.0,0.7811901047470469,-0.1097102760724316,8.137306727218188,0.0,283.82448932855874,1.1979702450981984,0.0,22.253805966787983,0.0,11.724855803088603,2.017404287284914,497.0
-0.0613715552739891,19.270049686860776,1.970260062010761,2.123394332398123,0.0227272727272727,0.0243902439024382,0.0,0.8856760688396865,-0.0613715552739948,10.883694332398134,0.0,286.47675157465045,0.7022232875891415,0.0,44.507611933575966,0.0,33.82052867375576,0.7217294900221727,654.0
0.1309040223860832,18.9474518152002,1.855632616834388,2.130997443612261,0.0962962962962963,0.0225191696302106,0.0,0.7035240658378636,-0.0913383389690569,10.891460589798116,0.0206896551724137,280.00093170977783,1.1073591479035911,38.54709073860211,52.27143876465509,0.0,11.775222991240607,0.6361033074592719,531.0
0.3525704152862475,0.0,1.8097857040132432,2.1446337135053666,0.0652173913043478,0.0156475851779128,0.0,0.5110184597710915,0.2635390773769273,10.904990104949135,0.0372721928277484,282.7092259984699,1.3345008123205662,19.599638923401912,21.93255359862417,0.0,3.713809651972984,0.5310835599306097,577.0
0.1429064328488208,14.210588861400147,1.836890675074096,2.1446337136248013,0.1,0.0089954271493558,0.0,0.668892211706183,-0.1070912450099204,10.904990104948729,0.0256704980842912,280.22363563057394,1.1245792754468944,33.81022778480206,30.7265419067959,0.0,9.245949883236577,0.6359804524568926,544.0
0.3269275305773811,22.320425698840616,1.6500016190779128,2.156489666943444,0.08,-0.001489680881265,0.0,0.7477529164276149,0.3819302225076457,10.917059906782749,0.0404232804232805,254.3590632178816,1.138480974582644,19.27354536930105,36.39820241076966,0.0879556808813557,5.413104523446863,0.5828803840000598,494.0
0.2153185991098678,36.048579571705545,1.830482174871284,2.153152331201296,0.1789473684210526,0.0417055177289434,0.0,0.728816061426926,0.0664106479594981,10.913454423046751,0.0149501661129567,269.42983752176923,0.6433279857951826,0.0,44.52691801032051,0.0,-20.11876626346532,0.4690115265278616,347.0
0.7321486443269559,29.307288184994327,3.2484053669877646,1.6876757017526538,0.1212121212121212,0.0866766411635458,2.0,0.7876068116528933,-0.1065979126730955,8.136886330438445,0.0,295.488035419813,1.2943471928787156,0.0,44.507611933575966,0.0,25.14531931926757,1.9905167463075808,591.0
0.1429064328488211,14.210588861400147,1.836890675074096,2.1446337135996902,0.1,0.0089954271493558,0.0,0.668892211706183,-0.1070912450099205,10.904990104948135,0.0256704980842912,280.22363563057394,1.1245792754468944,33.81022778480206,30.7265419067959,0.0,9.288936542231047,0.6359804524568927,555.0
0.3825160751240636,12.846699791240518,2.539756576348307,1.6824049625978066,0.0,0.1252373999214866,0.0,0.8036400529618828,-0.1409698265125167,8.137486896356956,0.0,290.24515301708453,1.4653190830235447,0.0,22.253805966787983,0.0,11.642408607429005,1.740350975119645,529.0
0.059787613406333,15.897075803220355,1.594614699359543,2.174178477174669,0.2,-0.0170946642440053,0.0,1.1249484362825233,-0.0249242849262176,10.934680562903951,0.0175438596491228,232.28310841606293,1.2768991063029165,9.473725907600098,17.248535499851716,0.2750778743162396,4.789401073063141,0.8611981062640187,471.0
0.3825160751240636,12.846699791240518,2.539756576348307,1.6824049625978066,0.0,0.1252373999214866,0.0,0.8036400529618828,-0.1409698265125167,8.137486896356956,0.0,290.24515301708453,1.4653190830235447,0.0,22.253805966787983,0.0,11.642408607429005,1.740350975119645,547.0
0.1497384150453135,4.736862953800049,1.8663644415869447,2.144633712767192,0.0769230769230769,0.0342474388106417,0.0,0.6798849542468703,-0.0408140780803729,10.904990104904412,0.0171171171171171,279.41789246224545,1.1101554996842344,24.33650187720196,87.68814034545889,0.0,8.993613747346084,0.560576859098186,563.0
0.1826570779169567,12.846699791240518,2.5459851619396003,1.6840200640986855,0.04,0.1204720996063007,0.0,0.8534912516388004,-0.0868764493265419,8.138144977192528,0.0,293.5769467353905,1.3137665353222627,0.0,22.253805966787983,0.0,11.59006292841666,1.7220435049485563,639.0
-0.1311318070359054,15.897075803220355,1.5531385779035949,2.174178061354461,0.1363636363636363,-0.025383341045572,0.0,1.293797103590956,0.0300638256066727,10.934680620832255,0.0216666666666666,227.1434246544545,0.9052791516371536,9.636772684650529,17.98165451388004,1.8819718477636949,3.6753790608023182,0.8829241282501963,601.0
-0.0626490010966459,22.320425698840616,1.7270319619395995,2.1564881430038243,0.073170731707317,0.0002931148565912,0.0,1.1818157699246523,0.1873186129395105,10.917059833603677,0.0148148148148147,253.6326770448827,0.946485920121021,19.27354536930105,69.34401797794206,2.495661099689033,7.261554312194009,0.8840705312974624,462.0
0.317667330711057,9.473725907600098,1.80535965766702,2.1446337127536608,0.0983606557377049,0.0199518316119994,0.0,0.5812791618209586,0.1992352974574051,10.90499010490843,0.0313306631063641,277.6160208669129,1.194587623048467,29.07336483100201,20.926722445094946,0.0,5.9327089620219216,0.5511499863622111,555.0
0.1777582164725988,31.79415160644072,1.8313440646850072,2.1548561500901324,0.1956521739130435,0.0374830250470317,0.0,0.8632326223855357,-0.0272345204861276,10.310816747022862,0.0080321285140562,257.510545997568,0.8343860952773479,18.9474518152002,22.253805966787983,0.0,8.928927892021553,0.5340248015519743,470.0
0.117053561781333,18.9474518152002,1.8303891344814471,2.1446337135995512,0.1278195488721804,0.0173611624610894,0.0,0.7081820123905149,-0.1156562912763534,10.904990104948157,0.0235632183908045,277.5641537711311,1.121433054699566,38.54709073860211,30.7265419067959,0.0,10.24709465076112,0.6248120710960869,470.0
-0.1051975712957346,27.057288652640665,1.6672683619396005,2.17415042438082,0.2727272727272727,-0.0395767132794437,0.0,1.214055448098001,-0.1750887300654731,10.934650258312976,0.0238095238095238,248.78997098325803,0.8132325927221834,14.210588861400147,0.0,0.4986569011596071,7.656488863440506,0.891485614258482,384.0
0.1871322289349284,21.68100166534721,1.9657287259921503,2.1557258028578774,0.0952380952380952,0.0122446820264803,0.0,0.7131306813253043,-0.0958027079942852,10.311298822012686,0.0144144144144143,285.8833142347588,0.8868471473066089,0.0,0.0,0.0,5.863878391885705,0.6170034547764386,524.0
-0.0292933080289106,31.79415160644072,1.8517595051001383,1.9883143649174444,0.1384615384615384,0.0164725608906222,0.0,1.1234395692329655,0.0666004188113699,10.447273380341551,0.0064327485380117,258.24374811147175,0.8987266033050774,44.660890965617874,68.12564951585854,2.291157273163317,10.19091209583008,0.8740852470863713,403.0
0.0245391654440194,11.160212849420308,1.6856475619395996,2.1564903736294023,0.1,0.0138297144923052,0.0,1.016574409874658,0.0289485791650824,10.917060974267397,0.019753086419753,249.32902311918693,1.0676592536750849,14.953561288656855,16.814289258077554,1.0671141975308642,3.215119984539281,0.7849659392698477,337.0
0.5818615847443905,16.96184688967897,2.8269405695240417,1.6856728053189125,0.0714285714285714,0.1169215584867412,0.0,0.7964507873212422,-0.1444050699726452,8.137869291542259,0.0,287.2313721020622,1.190180520392817,0.0,22.253805966787983,0.0,11.653146548010902,1.949013172751224,546.0
0.0130031022914651,22.320425698840616,1.6616854368908691,2.15648966694344,0.0909090909090909,0.0044207356768318,0.0,1.1696061140505585,0.220910478239246,10.917059906782727,0.0136752136752137,241.6668665873409,0.9232649716297776,19.27354536930105,47.09021201115407,2.512547045204863,7.314331543180375,0.8842267443037678,458.0
-0.1434778751294428,4.736862953800049,2.42142983901301,1.685196589351922,0.0909090909090909,0.1181548145640007,0.0,1.019129229536894,-0.0171170731946717,8.13803267401134,0.0,289.9403917512834,1.2746102712855112,25.48376553654988,54.49973221610563,0.0,15.441540183947913,1.2257155790956749,625.0
-0.1073541760986241,15.897075803220355,1.6164829020781433,2.1741732236611693,0.1363636363636363,-0.0286176910796576,0.0,1.249810844892812,0.0813434012385794,10.934679252472574,0.0216666666666665,238.34683495294163,0.9507159161651796,14.373635638450576,29.294617838860944,1.63513521631487,4.152584426906667,0.8866435690823208,372.0
0.3825160751240636,12.846699791240518,2.539756576348307,1.682404912074872,0.0,0.1252373999214865,0.0,0.8140610638143463,-0.1409698265125167,8.137486896335165,0.0,290.24515301708453,1.4653190830235447,0.0,22.253805966787983,0.0,11.607663488895884,1.740350975119645,612.0
0.1556392451847377,18.9474518152002,1.795565284207406,2.1446337136500664,0.1186440677966101,0.0146193727933098,0.0,0.7174025374399565,-0.0763804754778698,10.9049901049493,0.0233009708737863,271.1759430907037,1.0491754691461457,38.54709073860211,41.85344489018989,0.0,11.95804809483366,0.646776832661268,547.5
0.3825160751240636,12.846699791240518,2.539756576348307,1.6824049625978066,0.0,0.1252373999214866,0.0,0.8036400529618828,-0.1409698265125167,8.137486896356956,0.0,290.24515301708453,1.4653190830235447,0.0,22.253805966787983,0.0,11.642408607429005,1.740350975119645,524.0
0.4968067163189112,0.0,2.6722159896972606,1.6836924225106031,0.1,0.2212639747148438,0.0,0.5873551326371874,-0.1336902489392528,8.13675968410459,0.0,248.7213048535747,0.8071874223559617,0.0,11.126902983393991,2.408304943112844,6.685331947593852,2.2893473325455944,589.0
0.4016888169505744,0.0,2.6963575090702423,1.682134114834436,0.0,0.1642340984871876,0.0,0.7775815665399429,-0.1550854151426988,8.136734550864324,0.0,284.8859111078687,1.5689496228568878,0.0,22.253805966787983,0.0,13.204092416886546,1.915733560234003,520.0
0.4714047339870384,19.270049686860776,2.274865412727444,1.9495859308008825,0.0,0.0418019102247699,0.0,0.8614926739926735,0.067465743768901,8.290019734351537,0.0,307.99872145249225,0.7943430245661486,15.416443873192325,33.380708950181976,0.0,27.03489872612703,2.1592350855702054,496.7
-0.1575407126375576,25.693399582481035,1.671918038911796,2.173315946774595,0.2857142857142857,-0.0334179997363858,0.0,1.4355310344827588,0.0022711985458679,10.934563900362829,0.0074074074074073,239.967209544022,0.9567326443057722,9.799819461700956,17.795594172293132,2.8297697106084554,10.558661119703896,1.0402354524725523,651.1
0.0296710371553432,0.0,2.461509824710954,1.6830485380082236,0.0,0.1229808296690165,0.0,0.9251999360204736,-0.1093525302588565,8.138130834349345,0.0,287.551799131276,1.746119640909472,0.0,16.690354475090988,0.0,9.793560090702949,1.6588262951761228,695.0
0.1529477639128555,4.736862953800049,1.85357772955168,2.1453878714112737,0.0689655172413793,0.0159931277378818,0.0,0.6956109651337935,-0.0995754600413921,10.90581362941051,0.0202614379084967,279.3244769943732,1.0645235537824151,14.536682415501003,20.926722445094946,0.0,11.04813803381156,0.6001495001523119,532.0
0.4163336620796816,0.0,4.119165476212251,1.6960890928159589,0.0,-0.1845722555342004,1.0,0.3462888167913659,0.1656654732767477,8.14132782748637,0.0,388.3079615733575,0.7918215613382901,0.0,0.0,0.0,3.199940161249685,1.0262458948577655,624.0
0.0553848280979296,11.160212849420308,1.7013382735355378,2.156490378028473,0.0714285714285714,-0.0228954104806539,0.0,0.9427347401217956,0.069884860159901,10.91706097830009,0.0279999999999999,257.46951626554,1.0394383652865928,14.536682415501003,27.463710822211937,1.0043154761904758,2.7093976343088,0.6938287976889755,412.0
0.4197620828499411,0.0,1.755315054299762,2.144633711270192,0.0655737704918032,0.0203107879188346,0.0,0.4455905812605889,0.3871073501356675,10.904990104836928,0.0512887723896899,282.55844447362887,1.2108726217223136,19.599638923401912,0.0,0.0,-0.4908338201065745,0.5482924704229888,578.0
0.0870110637148767,25.693399582481035,2.3788600673565177,1.6828477650618674,0.0769230769230769,0.100301918712188,0.0,0.970716122304608,-0.0576034843919317,8.138125342361324,0.0,293.30660615505445,0.8866802119409987,0.0,50.07106342527296,0.0,8.509632606329637,1.516975640604221,615.0
0.1060175276243325,9.473725907600098,1.8337510370641328,2.15124616007257,0.1142857142857142,0.0127507356531693,0.0,0.6903322850737088,-0.1340705811461821,10.912298211653836,0.024731182795699,279.0108699687713,1.0688468190721083,19.27354536930105,9.799819461700956,0.0,9.463385876260196,0.6125523915358693,322.0
0.2415182828126039,33.48063854826093,1.5936269682830002,2.174167230809083,0.3333333333333333,-0.1736219745457881,0.0,1.0396825396825395,0.4807175673970962,10.934654233590438,0.0444444444444444,249.6693100529056,0.767361111111111,14.210588861400147,0.0,0.0213425925925927,6.81749433106576,1.013839298449308,344.0
0.2084436181236879,6.423349895620259,3.872553481244265,1.690898642192509,0.0,-0.0428054766139954,2.0,0.8702522276110987,-0.1477451237131533,8.140222987842883,0.0,322.99585221983733,1.599517631403859,0.0,11.126902983393991,0.0,6.400315385222041,2.043631638735578,644.0
-0.0671862927957763,22.320425698840616,1.7349087840478217,2.151079665734281,0.0512820512820512,-0.0005087190822353,0.0,1.1253028510254677,0.2161112618708624,10.912200928198038,0.0156862745098038,255.5135594702221,1.0648314561865964,19.27354536930105,68.98956342347766,2.460145413410481,7.265143115327642,0.8833487318939219,380.0
0.1338725949185275,18.9474518152002,1.831987777195192,2.1446337127536355,0.1147540983606557,0.0154491760386306,0.0,0.6887646465056593,-0.1149779722087687,10.90499010490841,0.0226415094339622,277.18368202208467,1.0534535951231694,38.54709073860211,41.85344489018989,0.0,10.497786728588531,0.6451853377244248,525.0
0.3525704152862475,0.0,1.8097857040132432,2.144633713583384,0.0652173913043478,0.0156475851779128,0.0,0.5132548644090394,0.2635390773769273,10.904990104950018,0.0372721928277485,282.7092259984699,1.3468525359980414,19.599638923401912,9.799819461700956,0.0,4.234237371497259,0.5310835599306096,518.0
0.3269275305773811,22.320425698840616,1.6500016190779128,2.156489666943444,0.08,-0.001489680881265,0.0,0.7477529164276149,0.3819302225076457,10.917059906782749,0.0404232804232805,254.3590632178816,1.138480974582644,19.27354536930105,36.39820241076966,0.0879556808813557,5.413104523446863,0.5828803840000598,494.0
0.5818615847443905,16.96184688967897,2.8269405695240417,1.685672861618047,0.0714285714285714,0.1169215584867406,0.0,0.7888953017238868,-0.1444050699726459,8.137869291562353,0.0,287.2313721020622,1.190180520392817,0.0,22.253805966787983,0.0,11.691860460516049,1.949013172751224,604.0
0.0786647608796587,31.79415160644072,1.7320986929988504,2.155765329625462,0.2022471910112359,0.0287040604810959,0.0,0.9079866526828496,-0.0604450102031315,10.916147720527734,0.0145833333333333,254.5521751173269,1.0126834346351452,18.9474518152002,33.380708950181976,0.0,10.04992948668256,0.685296488352883,480.0
0.1340994920684286,18.9474518152002,1.830672887829137,2.144633713650069,0.1130434782608695,0.0122143009749929,0.0,0.7140610747947704,-0.1187765360878288,10.904990104949247,0.0239999999999999,277.9124521042843,1.0974727649434686,38.54709073860211,30.7265419067959,0.0,11.875134910323697,0.6494905939945435,551.0
0.1340994920684286,18.9474518152002,1.830672887829137,2.1446337136500686,0.1130434782608695,0.0122143009749929,0.0,0.7060153162055336,-0.1187765360878288,10.904990104949306,0.0239999999999999,277.9124521042843,1.1007034086011704,38.54709073860211,30.7265419067959,0.0,11.68896053177443,0.6494905939945435,568.9
0.4122581314196913,5.733667477162185,1.720080975444903,2.145205304515141,0.0588235294117647,0.0567659505216241,0.0,0.4584412398891081,0.3681135186000679,10.905768901476357,0.0504140786749483,275.8749021609806,1.4282915813387365,10.633577208012664,0.0,0.0,0.9417407310230306,0.5885909403867599,506.0
0.0193994290098435,22.320425698840616,1.6435336243773335,2.156489666943445,0.1111111111111111,0.0054308351114272,0.0,1.1297999139855412,0.201793580107873,10.91705990678278,0.0133333333333333,238.343030349135,0.9333479719615456,19.27354536930105,53.51103363408008,3.4757213438499406,7.343712786035644,0.884889805647019,400.0
-0.0465756224546887,31.79415160644072,1.6012851268164414,2.1741494975407454,0.1666666666666666,-0.0134152983750982,0.0,1.2253026196928631,0.1715624181086709,10.934650213787103,0.0201550387596899,234.7943393464625,0.8863763863290975,28.747271276901152,58.58923567772188,2.9942376674726097,8.353791960939002,0.8864612481181945,367.0
0.2035766703758674,40.62845348054741,2.026925755723876,1.682387954192177,0.1016949152542373,0.0473007563329979,0.0,0.7670413540074804,-0.1395752851262161,8.137470467711161,0.0061904761904761,281.53868959955355,0.9868635854255808,18.9474518152002,44.507611933575966,0.0,44.10315261128362,0.8363974002117639,485.0
0.132601377006579,18.9474518152002,1.8441005901420888,2.136288663184418,0.104,0.0178485599905286,0.0,0.7138851860087934,-0.1035267813826119,10.896609720042932,0.0222222222222222,279.0360012591384,1.1249599712328378,38.54709073860211,52.27143876465509,0.0,11.37426320131198,0.6421966793463159,519.0
0.2028231789917456,12.846699791240518,2.353857551983681,1.6855908027234774,0.1724137931034483,0.1220831965788171,0.0,0.8376175727272607,-0.0188352579318718,8.137413010024225,0.0,275.2652494589366,0.83240475332634,20.74690258274984,45.016434505852025,0.0,5.390746528960993,0.8896127897355472,325.0
0.4739162842710869,6.423349895620259,3.542822843173118,1.682251819742761,0.0,0.155729847400901,0.0,0.3032375672296126,0.1097496937142545,8.13748051905608,0.0,323.3303635298377,0.3067145053818554,0.0,0.0,0.0,1.7725617283950617,1.0034856393822955,485.0
0.4016888169505744,0.0,2.6963575090702423,1.6821324777082525,0.0,0.1642340984871876,0.0,0.7810611592082892,-0.1550854151426989,8.136734550790164,0.0,284.8859111078687,1.5689496228568878,0.0,22.253805966787983,0.0,13.144413182057022,1.9157335602340029,623.7
0.1784792582895602,14.362495936456533,2.488335788132616,1.7218175152497102,0.0470127659574468,0.1107449635020025,0.0,0.8384706425123809,-0.0894569554556626,8.360458170913246,0.0023414634146341,292.5590039914327,1.3004749708270529,3.0837672590881686,22.0414726033171,0.0,10.854181360084754,1.637763181402011,610.2
-0.158566213000121,15.897075803220355,1.6218650154793246,2.1564902221382147,0.125,-0.0285767844091942,0.0,1.124801306958672,0.2692172136899123,10.91706098129475,0.0272727272727272,242.7580243801796,1.1398068228524454,14.373635638450576,23.10044978120711,1.0270027872260017,3.9005798986133584,0.7790321002247976,393.0
0.1099620481098951,33.48063854826093,1.643290820894857,2.1741495477410018,0.2857142857142857,-0.0171319583252312,0.0,1.086438489986742,0.0937397543924953,10.934650214329668,0.0282051282051281,246.9932426832602,0.8912357902456916,30.160954673419138,17.062158824050687,0.5783484043884155,10.228025247204812,0.9998230822806908,443.0
0.1429064328488211,14.210588861400147,1.836890675074096,2.1446337135996902,0.1,0.0089954271493558,0.0,0.668892211706183,-0.1070912450099205,10.904990104948135,0.0256704980842912,280.22363563057394,1.1245792754468944,33.81022778480206,30.7265419067959,0.0,9.288936542231047,0.6359804524568927,557.0
0.0491643183843389,12.846699791240518,2.414490621801058,1.6839774920438015,0.1041666666666666,0.0989995924232024,0.0,0.9082857638575746,-0.0476021000663667,8.138141708873695,0.0,292.2360252739457,0.9714635643006596,5.186725645687458,27.44053161247544,0.0,11.80389412070873,0.572242708731444,449.0
0.5936607526965323,0.0,3.357446268069515,1.6823915692087017,0.131578947368421,0.1044068947565113,1.0,0.8617824817466553,0.1180748507462058,8.069768799257155,0.0,328.8694953950123,1.1591425326519027,0.0,48.83439797518296,1.3247063456736383,10.873842450697753,1.1561996641945345,552.0
0.1429064328488211,14.210588861400147,1.836890675074096,2.1446337135996902,0.1,0.0089954271493558,0.0,0.668892211706183,-0.1070912450099205,10.904990104948135,0.0256704980842912,280.22363563057394,1.1245792754468944,33.81022778480206,30.7265419067959,0.0,9.288936542231047,0.6359804524568927,552.0
0.1187899598959607,15.897075803220355,2.269016516790333,1.69722562004779,0.1428571428571428,0.0254113378095861,1.0,0.9557278695947472,-0.1802076571403154,8.141354450892003,0.0,275.99006111899814,1.037379086057372,14.660451553287556,34.12495031652961,0.0,8.86429263270325,0.9689398567243988,531.0
0.1173813216688161,12.846699791240518,1.8139375542594165,2.1564882001261103,0.1304347826086956,0.0143391215933653,0.0,0.7053257419257317,-0.0016592084688243,10.917059898547288,0.0266666666666666,276.7089333108869,1.1276143978079465,19.599638923401912,41.85344489018989,0.7872275648729483,-0.7819102089189083,0.5285651569241356,376.0
0.4016888169505744,0.0,2.6963575090702423,1.682134114834436,0.0,0.1642340984871876,0.0,0.7775815665399429,-0.1550854151426988,8.136734550864324,0.0,284.8859111078687,1.5689496228568878,0.0,22.253805966787983,0.0,13.204092416886546,1.915733560234003,608.0
0.3761753365498843,9.473725907600098,1.7742572630592857,2.144633712854067,0.074074074074074,0.0065589144535912,0.0,0.4769632015028007,0.3291578887624273,10.904990104913926,0.0483134920634922,284.447523699183,1.0387513543864573,41.51061294950908,24.26546827384644,0.0,1.9843182518331104,0.5769473148317996,550.0
0.0321019359936776,12.846699791240518,3.932756452424501,1.696017720785452,0.0,0.0155837306697414,1.0,1.063968860164512,-0.1798103226328651,8.141342232486695,0.0,317.4113494681988,0.1979366602687141,0.0,0.0,0.0,0.0,2.265807207488167,608.0
0.1826570779169567,12.846699791240518,2.5459851619396003,1.6840200640986855,0.04,0.1204720996063007,0.0,0.8534912516388004,-0.0868764493265419,8.138144977192528,0.0,293.5769467353905,1.3137665353222627,0.0,22.253805966787983,0.0,11.59006292841666,1.7220435049485563,646.0
0.1501613994812816,0.0,1.8756603047912423,2.144633713771684,0.0547945205479452,0.0361788905899517,0.0,0.6991951937482592,-0.044412681086493,10.904990104952082,0.0137566137566137,278.8140492189722,1.0942743092806488,9.799819461700956,44.507611933575966,0.0,10.896961877460445,0.5284246756908191,556.0
0.2618941327976841,28.932261280471536,1.869196266132059,2.144604360970578,0.0602409638554216,0.0125383911817589,0.0,0.628516188904929,-0.0609186951961198,10.904999267993954,0.024074074074074,284.7834249655812,1.045419364623554,0.0,11.126902983393991,0.0,10.684615165824798,0.6892669425500119,584.0
-0.0488331095275362,22.320425698840616,1.7031752940646665,2.156489666943437,0.0952380952380952,0.0018848476065613,0.0,1.2103154828075282,0.1668240744822354,10.917059906782756,0.0144144144144143,249.26420656038337,0.9732820314814976,19.27354536930105,53.51103363408008,3.4022014675288377,7.309839654597578,0.883757730072759,470.0
0.326927530577381,22.320425698840616,1.650001619077913,2.1564896669434392,0.08,-0.001489680881265,0.0,0.7477529164276149,0.3819302225076453,10.917059906782711,0.0404232804232804,254.3590632178816,1.138480974582644,19.27354536930105,36.39820241076966,0.0879556808813561,5.413104523446862,0.5828803840000598,494.0
0.4016888169505744,0.0,2.6963575090702423,1.682134114834436,0.0,0.1642340984871876,0.0,0.7775815665399429,-0.1550854151426988,8.136734550864324,0.0,284.8859111078687,1.5689496228568878,0.0,22.253805966787983,0.0,13.204092416886546,1.915733560234003,624.0
0.1761085958462175,15.688817563520546,2.337290318252502,1.825760487696835,0.0591999999999999,0.0874104660913113,0.0,0.7859813987644607,-0.0770374921157663,8.971819452831433,0.008148148148148,290.6220101339833,1.268859135193814,11.661955287810892,24.397501692282447,0.0,7.773950414232652,1.385267625932546,562.0
0.1781119540119464,0.0,1.8728636577653128,2.144633724074231,0.04,0.0183102963338852,0.0,0.6537942209019714,-0.0635556874951924,10.90499010545144,0.0196969696969697,282.3048220217802,1.1038055018789266,9.799819461700956,20.926722445094946,0.0,10.2062664361151,0.5408055355179393,560.0
0.3936979213022694,41.26787751404081,1.7493383845823185,2.156447551332536,0.109090909090909,0.0056286663675911,0.0,0.5113156613709784,0.3269093080822322,10.917057919877513,0.0473275024295433,278.8769452069655,1.3712213399677975,9.473725907600098,24.26546827384644,0.0,-1.8973427170640256,0.6153425891594202,506.3
-0.0367821901139474,41.26787751404082,1.569032570303244,2.1741469315688646,0.3529411764705882,-0.034266336103575,0.0,1.0306883751699802,-0.131900756782825,10.934649544957477,0.0319444444444444,236.19809925956565,1.0390713591446623,18.9474518152002,0.0,2.602572260988841,6.444725899805549,0.7890585250944249,260.0
-0.1044159994495168,22.320425698840616,1.7731598528486905,2.174080711363293,0.1621621621621621,0.0262412039771306,0.0,1.0679845407244348,-0.0063984738247498,10.934650258312995,0.0101010101010101,259.0117797388801,0.979914455328132,9.473725907600098,22.6259266499618,0.4906262328673951,6.545578801897777,0.822277648691954,395.0
0.1588937155604107,41.26787751404082,1.7565071369354432,2.1564882034897948,0.1538461538461538,0.0119065520518882,0.0,0.748025483580034,-0.0619173570962382,10.9170598987015,0.0239766081871344,264.70194484682423,1.0262283716888514,48.020816646202206,41.85344489018989,0.0,6.667637378161483,0.6787252275039825,517.9
0.3670204288728186,19.270049686860776,2.6521615714626523,1.6821329139461072,0.0,0.1336186140597695,0.0,0.7498876167818457,-0.1164256542458768,8.136734550796621,0.0,302.12541737869907,1.359319318530629,0.0,66.76141790036395,0.0,47.95783078182695,1.7672217531442294,633.0
0.1533447437967453,9.473725907600098,1.8465171805182417,2.144633713624796,0.0909090909090909,0.0138841966049442,0.0,0.6656595910440473,-0.0856273767751895,10.904990104948734,0.024031007751938,280.73841674884994,1.122658392510609,29.07336483100201,30.7265419067959,0.0,9.290404974875552,0.6081816496592746,557.0
0.5000176706731211,21.076993988117422,2.844618095276274,1.6876190459991645,0.1363636363636363,0.1005720424813267,0.0,0.8355836361535345,-0.0394049242838495,8.138108770788,0.0,290.2550341582578,1.5508998220569727,10.373451291374916,32.6272572581629,0.0,12.02661286478674,1.9210677113260213,589.0
-0.0582410348136436,21.076993988117422,2.5391000526015457,1.6891209680732169,0.1538461538461538,0.0996125963936205,0.0,1.0343779191171634,0.0654056769898912,8.13764036553294,0.0,290.92093592359333,1.430327571502268,62.24070774824951,95.62141669843147,0.0,19.575472105281715,1.7718822852390146,550.0
0.1099620481098951,33.48063854826093,1.643290820894857,2.1741495477410018,0.2857142857142857,-0.0171319583252312,0.0,1.086438489986742,0.0937397543924953,10.934650214329668,0.0282051282051281,246.9932426832602,0.8912357902456916,30.160954673419138,17.062158824050687,0.5783484043884155,10.228025247204812,0.9998230822806908,443.0
0.0727740585631793,12.846699791240518,2.280595922767509,1.6986256176781305,0.1764705882352941,0.0810591152433096,0.0,1.0762320351758083,-0.1229508212254484,8.142118675557596,0.0,274.2225130413438,1.1344245570655709,20.338170819580967,22.50167553276112,0.0,5.365619684614995,1.908990249149094,474.0
-0.0612010748493326,11.160212849420308,1.6856636052592586,2.156490441149405,0.05,-0.0098207227602222,0.0,1.1923480083857445,0.1299049462357514,10.91706098698154,0.0148148148148147,246.45367921862604,0.979797258709309,9.636772684650529,23.54510600557704,1.4119406651549506,3.6320502907953305,0.8813087053804902,491.0
-0.0690972046728412,18.9474518152002,1.6164976885833515,2.1433097439815785,0.1276595744680851,-0.0147783352412221,0.0,1.174777950737112,0.1881651705639072,10.905194553761484,0.0206349206349205,237.74972620360043,0.9530054667284004,19.27354536930105,47.09021201115407,3.48858649034544,7.291920510270943,0.887430919113791,349.0
0.1309814028000268,12.846699791240518,2.6492327963301663,1.6962219171960655,0.0,0.0183047367243244,1.0,0.9230542121246204,-0.129085038423801,8.141341793330236,0.0,300.94101602930846,1.5632911392405064,0.0,22.253805966787983,0.0,11.542363728366269,1.568687087148167,740.0
-0.0650082261240565,22.320425698840616,1.836588815022557,2.15648966694344,0.0952380952380952,0.0056764717081624,0.0,1.2025818017125067,0.204095077760242,10.33722866813685,0.0054054054054053,259.25799769605914,1.1049751736055653,19.27354536930105,68.00808194558361,2.5288764102842283,7.276506321264244,0.8837139168432361,489.0
0.3340080971659916,12.846699791240518,2.872435081389125,1.601232968357177,0.037037037037037,0.2661388827817403,0.0,0.7179027396543086,-0.0679727182942325,8.04122393008416,0.0,288.7072178340977,0.879156582073039,0.0,22.253805966787983,0.0,11.994370725853235,1.6034016142863372,631.1
0.5818615847443905,16.96184688967897,2.8269405695240417,1.685672861618047,0.0714285714285714,0.1169215584867406,0.0,0.7888953017238868,-0.1444050699726459,8.137869291562353,0.0,287.2313721020622,1.190180520392817,0.0,22.253805966787983,0.0,11.691860460516049,1.949013172751224,602.0
0.0441271587466549,17.583562745040567,1.8411752980922227,2.156501306305028,0.1111111111111111,-0.0003809809697244,0.0,1.0084357234549786,-0.2186754252371588,10.916979349556012,0.0098039215686274,270.49994997270124,0.9322416713721065,4.736862953800049,22.6259266499618,0.0,6.606080246913581,0.8365095388363224,460.0
0.1533447437967453,9.473725907600098,1.8465171805182417,2.144633713650067,0.0909090909090909,0.0138841966049442,0.0,0.668028486385841,-0.0856273767751895,10.90499010494932,0.024031007751938,280.73841674884994,1.1129008594033225,29.07336483100201,30.7265419067959,0.0,9.722702109161984,0.6081816496592746,561.0
0.3209268849525672,9.473725907600098,1.7984686043929472,2.144633713650061,0.0925925925925925,0.0133643692875098,0.0,0.5686954885266327,0.2148799397760528,10.904990104949317,0.0352882205513785,279.28104072329523,1.2680526522079958,29.07336483100201,20.926722445094946,0.0,5.975101620983302,0.5622740909964257,559.0
0.1533447437967453,9.473725907600098,1.8465171805182408,2.144633713650069,0.0909090909090909,0.0138841966049442,0.0,0.6585529050186659,-0.0856273767751888,10.9049901049493,0.024031007751938,280.73841674884994,1.1033106814500009,29.07336483100201,30.7265419067959,0.0,9.497272348163577,0.6081816496592746,550.0
0.0193994290098435,22.320425698840616,1.6435336243773335,2.156489666943445,0.1111111111111111,0.0054308351114272,0.0,1.1297999139855412,0.201793580107873,10.91705990678278,0.0133333333333333,238.343030349135,0.9333479719615456,19.27354536930105,53.51103363408008,3.4757213438499406,7.343712786035644,0.884889805647019,384.0
0.7319405433387138,21.076993988117422,3.016774056538509,1.6868845709317006,0.125,0.1163218148911757,0.0,0.7782693673100068,-0.122241438931956,8.138108770787994,0.0,285.2392118361999,1.2176092590766132,0.0,22.253805966787983,0.0,11.73474853478638,1.9943028664215816,550.0
0.1826570779169567,12.846699791240518,2.5459851619396003,1.6840200640986855,0.04,0.1204720996063007,0.0,0.8534912516388004,-0.0868764493265419,8.138144977192528,0.0,293.5769467353905,1.3137665353222627,0.0,22.253805966787983,0.0,11.59006292841666,1.7220435049485563,650.0
0.2420272871850681,31.648958707241626,1.7885015577403047,2.1557262909202,0.0952380952380952,0.0149955540583103,0.0,0.7892937274711264,-0.0095586459489025,10.916140545427185,0.0144144144144144,264.0561022979734,0.901164253013605,0.0,55.58015066869898,0.0,6.4121457282049885,0.8167925139978385,593.0
0.144464306627284,19.270049686860776,2.0437091619396,1.9491428398883,0.125,-0.005444568465836,0.0,0.9168859649122808,0.3317604943641656,8.290014786045313,0.0,277.554506764663,0.8867481203007519,0.0,33.380708950181976,1.5390856637650467,28.65531578693557,1.9825879841233605,472.7
0.240331740598484,5.733667477162185,1.8117436013532089,2.145182976708808,0.0285714285714285,0.0618532390326911,0.0,0.571768558951965,8.18999115375207e-06,10.905767886865092,0.0333333333333332,281.53471642837746,1.0140971114849673,28.10337390542217,10.13055113948835,0.0,5.982039288039468,0.6650769251215085,485.0
-0.0538666683344448,22.320425698840616,1.868472414255082,1.9644099808693185,0.1,0.0213356520113275,0.0,1.12193381019436,0.1523130944543849,10.434182778976512,0.0045454545454545,256.54313382293964,1.0965224771127349,35.187165058017776,61.04122187143963,2.02378277135942,6.996932321009536,0.8414154857689591,405.0
-0.1044159994495168,22.320425698840616,1.7731598528486905,2.174080711363293,0.1621621621621621,0.0262412039771306,0.0,1.0679845407244348,-0.0063984738247498,10.934650258312995,0.0101010101010101,259.0117797388801,0.979914455328132,9.473725907600098,22.6259266499618,0.4906262328673951,6.545578801897777,0.822277648691954,628.0
-0.02879780072915,22.320425698840616,1.5987340952786049,2.174150424380817,0.25,-0.0137642786991556,0.0,1.243254091568262,0.0648941029837346,10.934650258313004,0.0144927536231884,231.3560785879824,0.8984604105571848,9.473725907600098,11.49902366656781,0.5592436358534847,6.477139242419259,0.8630283258972343,409.0
0.323246432774041,22.15796514143269,3.0423253462945867,1.683965519006637,0.0681818181818181,0.1877177152311198,0.0,0.7493023610828415,-0.1274104537319708,8.13757392141338,0.0,307.00462706614064,0.8794664139374091,0.0,44.05965583095009,0.0,13.018304106427545,1.4758793584445271,691.0
0.2905443560274276,22.320425698840616,1.7127113932522675,2.156489602753077,0.0789473684210526,-0.0007963447534789,0.0,0.6798498122653316,0.3278034687174077,10.917059906092192,0.040085287846482,266.6571104217474,1.1940946942660002,29.07336483100201,23.507506686290345,0.7486503082690237,1.6752352712381844,0.5845521067167937,422.0
-0.0626490010966459,22.320425698840616,1.7270319619395995,2.1564881430038243,0.073170731707317,0.0002931148565912,0.0,1.1818157699246523,0.1873186129395105,10.917059833603677,0.0148148148148147,253.6326770448827,0.946485920121021,19.27354536930105,69.34401797794206,2.495661099689033,7.261554312194009,0.8840705312974624,462.0
-0.0604889743528668,16.96184688967897,2.557525906102329,1.6899535729281014,0.1666666666666666,0.101333143250608,0.0,1.0607542827649057,0.0737730693907484,8.139217925160395,0.0,289.0312002251749,1.436464368413217,31.12035387412476,21.50035427476891,0.0,5.577853421480315,1.7880832491941951,561.0
0.0297421671412853,11.160212849420308,1.5192248160608637,2.1729685609056384,0.2608695652173913,0.0236482252410798,0.0,1.043230686659287,0.0127329279140243,10.933292719997018,0.015151515151515,217.8854992362676,1.1205316911985586,4.736862953800049,34.4241394229979,2.5609492892402344,3.849769221929666,0.9262357877834164,430.0
0.2306906787408831,5.733667477162185,1.8191854052374328,2.145205304027253,0.0476190476190476,0.0592447065747276,0.0,0.6226175047263476,-0.0079830809806809,10.90576890145814,0.0279279279279279,278.7062112196213,1.0901876389870984,10.633577208012664,10.463361222547473,0.0,3.793064150134106,0.6441763601697549,496.0
0.1825175259849411,21.68100166534721,1.8993840714547,2.155726586942585,0.0625,-0.0038805502673079,0.0,0.7357110101304873,-0.1354860798765186,10.916140633405565,0.0190476190476189,286.4205118881789,0.8687723133401843,0.0,22.253805966787983,0.0,6.235976235035562,0.8390528585008875,612.0
0.1422288649638152,31.79415160644072,1.6930290432082795,2.153152163855929,0.2079207920792079,0.0265765484911145,0.0,0.8216344978083789,0.1263309091028993,10.913454045880036,0.0258799171842649,253.1074964683663,0.7729073792571436,18.9474518152002,44.52691801032051,0.0,-20.4259227290094,0.5629842898219285,283.0
0.1429064328488211,14.210588861400147,1.836890675074096,2.1446337135996902,0.1,0.0089954271493558,0.0,0.668892211706183,-0.1070912450099205,10.904990104948135,0.0256704980842912,280.22363563057394,1.1245792754468944,33.81022778480206,30.7265419067959,0.0,9.288936542231047,0.6359804524568927,551.0
0.4016888169505744,0.0,2.6963575090702423,1.682134114834436,0.0,0.1642340984871876,0.0,0.7775815665399429,-0.1550854151426988,8.136734550864324,0.0,284.8859111078687,1.5689496228568878,0.0,22.253805966787983,0.0,13.204092416886546,1.915733560234003,532.0
0.1016790245776982,19.270049686860776,2.5007966457456403,1.6830471064511952,0.0,0.1006132080560847,0.0,0.9123883234203516,-0.0749330265799534,8.138129550561302,0.0,303.86761144544244,1.5931307967959525,0.0,33.380708950181976,0.0,17.57660058608142,1.5804634418223733,575.0
0.0660526506022718,12.846699791240518,2.2751385405531046,1.6981872947003742,0.1578947368421052,0.0819253823445061,0.0,1.0375817551560749,-0.1158419832900298,8.141296118827743,0.0,277.8145200152656,1.1257527299865326,40.67634163916194,56.13025404891622,0.0,18.92775111617225,1.88143326627115,420.0
-0.1286819432540895,19.270049686860776,2.41140291915362,1.6836860109219924,0.0227272727272727,0.0877872193205421,0.0,0.9725080699503236,-0.0059605517620743,8.138772459058655,0.0,303.6407565990445,1.5953228849473275,0.0,44.507611933575966,0.0,21.058482267230183,1.4728075562607674,654.0
0.1450832482632241,31.79415160644072,1.7476820650946927,2.156488203489788,0.1543624161073825,0.0147576824151193,0.0,0.7783569162139621,-0.010833580117389,10.917059898701542,0.023076923076923,262.4142873452659,1.023095296687071,38.54709073860211,64.10725085697787,0.8611024237496394,5.147245725402549,0.6227793494681584,377.0
0.1260766261371383,23.684314769000245,1.822594868184041,2.144633713599697,0.1206896551724138,0.0080131133523511,0.0,0.7038164854773584,-0.1372443408057653,10.904990104948135,0.0254125412541254,277.49393730741406,1.1187733096837165,43.28395369240215,30.7265419067959,0.0,10.669788736465224,0.670615617929638,541.0
0.2194430605605629,12.846699791240518,2.7203876735067145,1.7024799072912102,0.1176470588235294,0.0058088329700239,2.0,0.9436559698740928,-0.2075066977350822,8.142160699458149,0.0,287.5144624703435,1.3220150193506277,9.96471952820605,33.62857851615511,0.0,11.90388239079618,1.9079004622474969,611.0
0.1429064328488208,14.210588861400147,1.836890675074096,2.145434950890934,0.1,0.0089954271493558,0.0,0.6816661949158498,-0.1070912450099205,10.90582448500204,0.0256704980842912,280.22363563057394,1.116603148640242,33.81022778480206,30.7265419067959,0.0,9.441319591941395,0.6359804524568926,525.0
0.2426234148105644,38.54009937372156,2.944226037446072,1.6958023060654588,0.0,0.0030241723209812,3.0,0.8731117784127905,-0.1067384016855444,8.140526961074812,0.0,321.98121401193083,1.4647308203085097,0.0,33.380708950181976,0.0,35.39177080487565,1.649475264436106,714.0
0.1636935340286714,31.79415160644072,1.6716227723156538,2.15315287380855,0.2149532710280373,0.0257031913752446,0.0,0.7439404001625396,0.12283805401116,10.913454665085856,0.0330417881438288,253.34188651591148,0.7235707141906262,18.9474518152002,76.97012671280302,0.0,-39.910160711050175,0.549711841230577,315.0
0.3226287005445905,9.473725907600098,1.8116784505735688,2.1442131651227707,0.0841121495327102,0.0123640377245673,0.0,0.574264679116159,0.2201256583297654,10.90458497149048,0.0356636271529888,281.9899540429776,1.1250519440630198,29.07336483100201,43.86510719724836,0.0,6.737017384822972,0.564028118016608,573.0
-0.0501049980688199,27.057288652640665,1.7092642904323931,2.15648966694344,0.0952380952380952,-0.0109326875879481,0.0,1.1506702757924454,0.1317306722040202,10.91705990678274,0.0189189189189189,253.0221540927429,0.9801462480118296,24.010408323101103,56.626625849290726,2.327515866066541,8.603970863529472,0.8869718074545435,415.0
0.1567784601141519,0.0,1.873822736962476,2.144633712767192,0.0697674418604651,0.0377580083214674,0.0,0.6626231539511218,-0.0260928786801262,10.904990104904314,0.0157575757575757,279.8022041421106,1.1086098548663916,19.599638923401912,87.68814034545889,0.0,8.411391000138813,0.5279480614113246,567.0
0.2524509237908952,58.661039690837015,1.896922744519272,1.6872039890063155,0.2287234042553191,0.0377394763322725,0.0,0.6889455557691028,-0.0016175430682864,8.137611892554759,0.0135912698412701,251.1096935924413,1.031925030850971,53.33760525020854,52.98034787358388,4.687076061684451,2.9166470340919384,0.8517878502296318,454.0
0.1309814028000268,12.846699791240518,2.6492327963301663,1.6962219171960655,0.0,0.0183047367243244,1.0,0.9230542121246204,-0.129085038423801,8.141341793330236,0.0,300.94101602930846,1.5632911392405064,0.0,22.253805966787983,0.0,11.542363728366269,1.568687087148167,684.8
0.1304343325745006,31.79415160644072,1.8253679893522927,2.156488203486492,0.1276595744680851,-0.0011171016974263,0.0,0.6657336375585559,-0.1191327759405516,10.917059898701492,0.0292682926829267,280.8526624359173,1.1476219791321371,38.54709073860211,19.599638923401912,0.0,2.391543324267808,0.6685394606167401,535.7
0.4490348369279257,16.96184688967897,3.01293813914901,1.685614631525975,0.037037037037037,0.073603462919583,2.0,0.8152725085859215,-0.1362008393412344,8.137343266506758,0.0,302.23311706689327,1.3720397341459316,0.0,44.507611933575966,0.0,25.065009286563544,1.899461521893835,670.0
-0.1175885009083329,31.79415160644072,1.6530867425949065,2.1510867894616585,0.1395348837209302,-0.0195495037465405,0.0,1.198345665224068,0.1601297097464052,10.9122013306308,0.0228070175438596,245.51421352318025,0.9962842721992544,28.747271276901152,69.36168410665148,2.945163986369456,8.316092852237,0.8911652497832706,379.0
-0.0052319127417078,4.736862953800049,1.8454348146230204,2.145401401168517,0.0625,0.0262771459113947,0.0,0.954303826849974,-0.1937588052126911,10.905779284647377,0.0057471264367815,268.81641331281565,0.8610920784379662,4.736862953800049,33.752829633355795,0.0,14.197729049020497,0.8109850736861252,535.0
0.3064223080347439,17.704020104477003,2.1382450919614584,1.6983549963380329,0.1214953271028037,0.0270735234685935,0.0,0.647215314237488,-0.1270096187784278,8.13948286887573,0.0095744680851063,280.00775144115903,1.2282555549628158,37.30365902787891,30.7265419067959,0.0,10.015837603041598,0.8786098253038691,582.6
0.0137576708628304,22.320425698840616,1.7987035827996185,2.15648966694344,0.0909090909090909,0.0062934037231552,0.0,1.0593728138797331,0.1816219941079536,10.311298292435405,0.0136752136752137,257.8971335458464,1.0851123079645657,19.27354536930105,33.62857851615511,1.6847635984928442,6.626820064759806,0.6507518981529764,440.0
0.1429064328488211,14.210588861400147,1.836890675074096,2.1446337135996902,0.1,0.0089954271493558,0.0,0.668892211706183,-0.1070912450099205,10.904990104948135,0.0256704980842912,280.22363563057394,1.1245792754468944,33.81022778480206,30.7265419067959,0.0,9.288936542231047,0.6359804524568927,564.0
-0.0650082261240565,22.320425698840616,1.836588815022557,2.15648966694344,0.0952380952380952,0.0056764717081624,0.0,1.2025818017125067,0.204095077760242,10.33722866813685,0.0054054054054053,259.25799769605914,1.1049751736055653,19.27354536930105,68.00808194558361,2.5288764102842283,7.276506321264244,0.8837139168432361,489.0
0.1678269055807006,19.951994221940588,2.330281166544861,1.825760504251377,0.0655,0.0838119896805986,0.0,0.7895183946188999,-0.0926815158436282,8.971819453609006,0.0092792792792792,290.23102469534,1.270756646851125,15.925131946230934,24.397501692282447,0.0,7.7229594664365795,1.4037962445049947,573.0
0.2329085791374996,40.62845348054741,2.035189736229734,1.6823945787796089,0.1463414634146341,0.0509561486849756,0.0,0.7728594001305492,-0.1623074843829328,8.137477125182583,0.008904109589041,276.7951173332273,1.178875266975904,18.9474518152002,44.507611933575966,0.0,18.83757922382681,0.8525391795415195,458.0
0.1171405365496104,0.0,1.8683448342775573,2.144633712035586,0.1,0.0329703102670139,0.0,0.7164120642381512,-0.0652105138789868,10.904990104869755,0.0171428571428571,279.8064252628806,1.0526479750778817,14.699729192551434,31.39008366764242,0.0,14.210820441632173,0.5133198200523897,535.0
0.0130031022914651,22.320425698840616,1.6616854368908691,2.156489666943443,0.0909090909090909,0.0044207356768318,0.0,1.1696061140505585,0.220910478239246,10.91705990678272,0.0136752136752136,241.6668665873409,0.9232649716297776,19.27354536930105,47.09021201115407,2.512547045204863,7.314331543180375,0.8842267443037675,369.0
0.1719683430011291,18.9474518152002,1.8473897076720625,2.1446337145133816,0.1,0.0074260804619885,0.0,0.6522370744010089,-0.0170094551558565,10.904990105030388,0.0265306122448979,282.7067219449996,1.0627064494696516,53.24681993115355,31.22945748356052,0.0,8.674025632351805,0.6294097996953756,519.0
-0.0501049980688199,27.057288652640665,1.7092642904323931,2.15648966694344,0.0952380952380952,-0.0109326875879481,0.0,1.1506702757924454,0.1317306722040202,10.91705990678274,0.0189189189189189,253.0221540927429,0.9801462480118296,24.010408323101103,56.626625849290726,2.327515866066541,8.603970863529472,0.8869718074545435,415.0
0.2299985311511897,6.423349895620259,2.9865876840222727,1.7099768605188028,0.0,-0.1222136267247327,0.0,0.8389883331146288,-0.1604228874471487,8.144562737115494,0.0,294.28966281082194,1.3661996052159346,0.0,11.126902983393991,0.0,5.67253692680776,1.612083664521423,703.0
0.3825160751240636,12.846699791240518,2.539756576348307,1.6824049625978066,0.0,0.1252373999214866,0.0,0.8036400529618828,-0.1409698265125167,8.137486896356956,0.0,290.24515301708453,1.4653190830235447,0.0,22.253805966787983,0.0,11.642408607429005,1.740350975119645,583.0
0.3825160751240636,12.846699791240518,2.539756576348307,1.6824049625978066,0.0,0.1252373999214866,0.0,0.8036400529618828,-0.1409698265125167,8.137486896356956,0.0,290.24515301708453,1.4653190830235447,0.0,22.253805966787983,0.0,11.642408607429005,1.740350975119645,492.0
0.0130031022914651,22.320425698840616,1.6616854368908691,2.15648966694344,0.0909090909090909,0.0044207356768318,0.0,1.1696061140505585,0.220910478239246,10.917059906782727,0.0136752136752137,241.6668665873409,0.9232649716297776,19.27354536930105,47.09021201115407,2.512547045204863,7.314331543180375,0.8842267443037678,631.0
-0.0763815372406303,12.846699791240518,3.599794624377335,1.6820245627082897,0.0769230769230769,0.0887403987616995,2.0,1.035875048825597,-0.0436415051583149,8.13819849849435,0.0,321.1909862658296,1.1787572938022393,10.373451291374916,0.0,0.0,0.0,2.0681738872217164,526.0
0.0376687825042467,28.42117772280029,1.4328451127899262,2.166978970485125,0.4927536231884058,-0.0199493970251291,0.0,0.903953946371762,-0.1566453223983982,10.927448041490212,0.0232323232323233,206.6953174285721,0.9719709747372712,18.9474518152002,87.08201244519505,23.344008103933284,13.733750739194502,0.7675670845790364,287.0
0.2187987518336992,38.405987188071634,1.8465171805182417,2.144604394697857,0.0909090909090909,0.0108816412287577,0.0,0.6826982511171327,-0.104089677145079,10.904999267909128,0.024031007751938,280.73841674884994,1.0207905032684503,9.473725907600098,11.126902983393991,0.0,12.928847960883523,0.7231109686775593,580.0
0.1961017070573119,14.210588861400147,1.8318309978428071,2.1446337134206,0.0941176470588235,0.0152212817858337,0.0,0.6809454233710205,-0.0801802809257323,10.904990104937848,0.0248888888888889,278.7976902472141,1.127629163751723,24.010408323101103,20.926722445094946,0.0,8.826271557323956,0.6246848828903802,503.0
0.1777136871382046,15.215131268140542,2.4740838301413537,1.731266877482916,0.0485,0.1082520629644,0.0,0.8321669659655002,-0.088811471498904,8.416036469331354,0.003093093093093,292.46163938870706,1.2994299058318837,5.308377315410311,22.96837120861948,0.0,10.301028441089969,1.6159610848007024,593.0
-0.3630999147535538,12.846699791240518,2.894707758926178,1.6786547909860812,0.1153846153846153,0.1636439681135554,0.0,1.1056048842713886,0.072131107939065,8.137622463389869,0.0,305.61988802049035,1.106385288615714,31.12035387412476,31.12035387412476,0.0,0.0,1.8685064140369856,483.0
0.3385246229753948,4.736862953800049,2.54411291515174,1.682132915601058,0.0476190476190476,0.144662186429176,0.0,0.7975186796609233,-0.1725927641411722,8.13673455079664,0.0,281.2349276730499,1.4318179064182075,4.736862953800049,33.752829633355795,0.0,14.65904974857582,1.3056355369848072,603.0
0.1774348033827111,14.741444972760537,2.4739234446808696,1.7312668780374656,0.0487659574468085,0.108313179475928,0.0,0.8344707352169676,-0.0901020819879429,8.416036469343421,0.0029268292682926,292.3045183054432,1.298149529998971,3.854709073860211,21.988389262449378,0.0,10.611428204208924,1.6166931005153746,606.9
0.2420272871850681,31.648958707241626,1.7885015577403047,2.1559872848733286,0.0952380952380952,0.0149955540583103,0.0,0.7945382040656187,-0.0095586459489025,10.916375274419524,0.0144144144144144,264.0561022979734,0.9554512562071956,0.0,55.58015066869898,0.0,6.397279407528947,0.8167925139978385,596.0
0.3825160751240636,12.846699791240518,2.539756576348307,1.6824049625978066,0.0,0.1252373999214866,0.0,0.8036400529618828,-0.1409698265125167,8.137486896356956,0.0,290.24515301708453,1.4653190830235447,0.0,22.253805966787983,0.0,11.642408607429005,1.740350975119645,627.0
0.1773843021709487,40.62845348054741,2.0400847166971494,1.6839695744818917,0.1477272727272727,0.0514545253698998,0.0,0.8212209096262046,-0.1254136513323956,8.138135300295566,0.0083333333333333,278.81333546886,1.1738518304935075,24.134177460887656,49.69433757926343,0.0,18.97232803358548,0.8472553572060746,487.0
0.1521572736619779,9.473725907600098,1.846865537340731,2.1446337127538406,0.0943396226415094,0.0174956648940094,0.0,0.6696732162764771,-0.0837041100335283,10.904990104908409,0.022463768115942,279.6791049632619,1.0384742307692312,41.51061294950908,35.62437323237465,0.0,11.85931127128782,0.6036248738397617,543.0
-0.1105528322629529,31.79415160644072,1.652809733368171,2.174149497540751,0.1702127659574468,-0.0184724677472362,0.0,1.1742431145164631,0.1273004100385137,10.934650213787084,0.0246031746031746,246.60026623653903,0.9168842011416308,28.747271276901152,34.00069919932893,2.494231056511328,7.859007924988358,0.8264818321022179,401.0
0.3757818388252901,9.473725907600098,1.7847953313990548,2.1446337112701874,0.081967213114754,0.0147543603391248,0.0,0.5184520289230754,0.3160904302649163,10.904990104836898,0.0429453262786597,281.9949367297018,1.0469050919860083,29.07336483100201,48.53093654769288,0.0,2.965234841044401,0.557674809728184,548.0
0.241030181911606,36.53101456024076,1.8572934285967964,2.156444962408544,0.0952380952380952,0.0066840352954376,0.0,0.6486834923449666,-0.0691024684564221,10.9170578157042,0.026027397260274,284.1194186743072,1.070697727202783,4.736862953800049,0.0,0.0,4.318563073079153,0.7162068820187024,518.2
-0.1377490490847299,31.79415160644072,1.7488420006799863,2.153094203293402,0.1875,0.0311055245195542,0.0,1.09386702503676,0.0935816177492041,10.913395971302917,0.007751937984496,253.521224365001,0.8559450528064408,18.9474518152002,122.45385104756754,0.0,8.32656875520159,0.8279925159996897,364.0
0.1800459406498339,13.794072382000529,2.5099543033102347,1.707643471068076,0.0443829787234042,0.1143926395411143,0.0,0.8441033709347882,-0.0884892656572424,8.277090723267976,0.0014634146341463,292.9407325204169,1.3054593075127563,1.9273545369301053,22.12109761461868,0.0,11.130136948209218,1.6693683027319657,623.4
0.1230728972699463,18.9474518152002,1.8434650026735664,2.1342528697820424,0.1134751773049645,0.0223297457214067,0.0,0.7001621799629802,-0.1010680489910038,10.89482347073118,0.0210382513661201,278.10260363387204,1.05014820053153,38.54709073860211,42.82607385741853,0.0,11.384679526197322,0.6266251667690013,549.0
-0.1120538608481806,17.502332466336604,2.784441056308728,1.6977583269928556,0.0425531914893617,0.0366638147064453,2.0,1.0536874819453736,-0.0502520587119321,8.141456653832382,0.0,312.0702378943022,1.3420051201929593,10.373451291374916,49.24638147663755,0.0,12.714775827786529,1.3287229871002166,776.0
0.2163162744904556,22.320425698840616,1.7074483979029078,2.1531504740759675,0.203883495145631,0.0344578443306759,0.0,0.7025954895824541,0.0851760512756831,10.913451629841584,0.0253292806484294,255.34972548522103,0.8786691577810468,0.0,57.66548330077296,-0.0585151696810908,-22.17622578742249,0.5181857493487778,306.0
-0.02879780072915,22.320425698840616,1.5987340952786049,2.174150424380817,0.25,-0.0137642786991556,0.0,1.243254091568262,0.0648941029837346,10.934650258313004,0.0144927536231884,231.3560785879824,0.8984604105571848,9.473725907600098,11.49902366656781,0.5592436358534847,6.477139242419259,0.8630283258972343,565.0
0.0660526506022718,12.846699791240518,2.275138540553105,1.6981872947003318,0.1578947368421052,0.0819253823445061,0.0,1.0393651469603369,-0.1158419832900289,8.141296118827754,0.0,277.8145200152656,1.1257527299865326,40.67634163916194,56.13025404891622,0.0,18.835733765944354,1.8814332662711504,394.0
-0.0671862927957763,22.320425698840616,1.7349087840478217,2.151081644493081,0.0512820512820512,-0.0005087190822353,0.0,1.13072599729547,0.2161112618708624,10.912201035391186,0.0156862745098038,255.5135594702221,1.0782860052719867,19.27354536930105,68.98956342347766,2.529625934415728,7.200567750578118,0.883348731893922,409.0
