MINtsC,GATS5p,MATS2pe,AATS5se,AATS0p,Mp,C2SP3,MATS1v,GATS2dv,VSA_EState3,AATS0v,EState_VSA4,SssCH2,GATS1se,Td5
2.4298005923613344,0.7067850058956138,0.0159606104213678,7.464920363636364,2.115196831206836,0.7420907131192164,0.0,0.0715879737548995,1.1621733106618808,0.0,256.870211599427,0.0,0.9882184521847364,0.9855583255875724,438.0
3.061280085300907,0.9325336478111316,0.133774448867114,7.9025853333333345,1.829164632379838,0.7585827139837971,0.0,0.0084718152348922,0.7025979808525754,0.0,278.74839425739566,30.7265419067959,0.0,0.6546446594964757,540.0
2.724215170528149,0.9577512107168612,0.0130031022914651,7.298458128440367,1.6616854368908691,0.7138574156035754,0.0,0.0044207356768318,1.1696061140505585,0.0,241.6668665873409,47.09021201115407,2.512547045204863,0.8842267443037675,365.0
3.061697142770157,0.9090592105361514,0.133774448867114,7.923070198083066,1.829164632379838,0.7585827139837971,0.0,0.0084718152348922,0.6812424191245335,0.0,278.74839425739566,30.7265419067959,0.0,0.6546446594964757,521.0
2.724215170528149,0.9577512107168612,0.0130031022914651,7.298458128440366,1.6616854368908691,0.7138574156035754,0.0,0.0044207356768318,1.1696061140505585,0.0,241.6668665873409,47.09021201115407,2.512547045204863,0.8842267443037678,458.0
2.621413424399813,2.077100997110275,0.3825160751240636,7.044598,2.539756576348307,0.8128157224013514,0.0,0.1252373999214866,0.8036400529618828,0.0,290.24515301708453,22.253805966787983,0.0,1.740350975119645,612.0
3.0594970421998227,0.9087741329187388,0.1533447437967453,7.902318758620691,1.8465171805182408,0.7629811377245508,0.0,0.0138841966049442,0.6751351724112223,0.0,280.73841674884994,30.7265419067959,0.0,0.6081816496592745,493.0
2.6435864878783417,2.1495778074070424,-0.2223660032759653,7.047946666666666,2.5629327087810228,0.8302282133407605,0.0,0.0211976840823364,1.0852944809346663,1.1932489816914422,302.6425249921771,22.253805966787983,0.0,1.4721574181534456,755.0
3.008482858967356,0.9175060104026508,0.3736129101881573,8.2627101302682,1.7699746449347615,0.7393089030061704,0.0,0.0161909757730482,0.5166155394985555,1.1785378066408905,280.08295836820656,133.46007550615548,0.0,0.5731907371009539,576.0
3.186414654716532,0.9685159064365014,0.1311797873446933,7.771879688311689,1.84489660944518,0.7615487923030342,0.0,0.0227997757826687,0.7105265027557698,2.592140881957902,277.6323650302431,42.82607385741853,0.0,0.6358895355799998,548.0
2.7425284326922665,0.9537463084861254,0.0603481585336209,7.242709808580858,1.638665047658636,0.7073742514970058,0.0,0.0150213786627935,1.164147004147004,0.0,236.33526539295235,47.09021201115407,2.503685621100221,0.8807667296831413,371.0
2.628765418065261,0.9309063780843444,0.8540416163168848,7.498481511111112,3.3303192541916182,0.8161372401264884,0.0,0.1215945184546078,0.7838933084161387,0.0,281.94878982404566,22.253805966787983,0.0,2.042643278232521,489.0
2.603767764493408,1.77686143629977,0.1774348033827111,7.132333135933954,2.4739234446808696,0.8115846163535,0.0,0.108313179475928,0.8347154902307758,0.0,292.3045183054432,21.988389262449378,0.0,1.6166931005153746,601.9
2.950168814597068,0.9259765848935548,0.3525704152862475,8.378659374149661,1.8097857040132432,0.7518573124022226,0.0,0.0156475851779128,0.5132548644090394,0.0,282.7092259984699,9.799819461700956,0.0,0.5310835599306096,527.4
2.6317864247789906,1.2135703018227917,0.5818615847443905,7.164588862745097,2.8269405695240417,0.8140223145545643,0.0,0.1169215584867406,0.7888953017238868,0.0,287.2313721020622,22.253805966787983,0.0,1.949013172751224,446.0
2.6382367760005745,1.260171543192973,0.2832215280311914,7.225343368421052,2.4312779577106665,0.7782549567531605,0.0,-0.0157157411519237,0.998667810425866,0.0,269.1279112600837,22.50167553276112,0.0,1.9682787912234456,632.4
3.08343253094126,0.971443772668665,0.1171405365496104,7.696567424,1.8683448342775573,0.7670598917549516,0.0,0.0329703102670139,0.7194477085781434,0.0,279.8064252628806,64.7707926178244,0.0,0.5133198200523897,547.0
2.4887990599667864,0.7275150846485571,0.0721219814091452,7.18575077142857,1.8863256324016773,0.7182853132444788,0.0,0.0649861414885049,1.1608882789705983,0.0,240.5681801943551,22.99804733313562,1.1370500886445245,0.9581826388184302,422.0
2.5938925309370875,1.6866217561822792,0.1796529607146727,7.215893157033249,2.40824681527104,0.8072685034591014,0.0,0.09843740421722,0.8085963012582831,0.0,291.6854411231739,21.72297255811077,0.0,1.4950895229201533,613.0
1.97019211388259,0.7177486532808794,0.1972612188092969,7.442641750000001,2.899852901720612,0.8446730345760095,0.0,0.1076532179954023,0.7094737631700339,1.6978703703703708,317.93936049110533,10.373451291374916,0.0,0.9283867157686244,595.0
2.621413424399813,2.077100997110275,0.3825160751240636,7.044598,2.539756576348307,0.8128157224013514,0.0,0.1252373999214866,0.8036400529618828,0.0,290.24515301708453,22.253805966787983,0.0,1.740350975119645,640.0
3.0853079110792923,0.9301015737740532,0.1560260831893742,7.728394727272726,1.8968435124507603,0.7740939208539446,0.0,0.0351696135581022,0.7020369347812748,0.0,282.6266335346867,22.253805966787983,0.0,0.5214875261072514,587.0
1.6404793398841018,1.028783767778903,0.4634450905377547,8.271688461538462,3.662356496268105,0.8773639457926253,0.0,0.0703871678517635,0.2384375771033802,0.0,352.5585145149951,0.0,0.0,1.0112884750887248,485.0
2.673078122841831,0.992284267893226,-0.0641583476312066,7.609405076923075,1.5886203140983572,0.6953673652694612,0.0,-0.0228249179157717,1.1276835944398194,0.0,231.8339263410635,40.42152082225493,1.2276397549760647,0.8852168801844108,395.0
3.526781534224092,2.131380696500743,0.0918113354034651,7.382558564593301,2.5055809263920352,0.8066547486422504,0.0,0.085216487613285,0.9799891964261136,4.134151383796045,289.4323238941517,37.33660882655866,0.0,1.7287793154140692,625.0
2.9776587418651044,0.922247584498889,0.3981229246254032,8.414011408934707,1.7476585124495023,0.7325112779319409,0.0,0.0191777306433745,0.4779462558717879,0.9820040204906146,279.4769110288449,66.73003775307771,0.0,0.5677420157033062,546.0
2.658110985134795,0.8628914665281616,-0.0612010748493326,7.3884892941176465,1.6856636052592586,0.7203073015259807,0.0,-0.0098207227602222,1.1923480083857445,0.0,246.45367921862604,23.54510600557704,1.4119406651549506,0.8813087053804902,384.0
2.5744370274707324,1.5316334381660777,0.1653552101913246,7.410551257420126,2.2943305006457377,0.7971108560942631,0.0,0.0777019713596483,0.77885625178225,0.0,289.6733710219983,24.7547843131982,0.0,1.350755034431068,549.0
2.5621812861718567,0.8756658692526252,0.1871322289349284,7.931371703703705,1.9657287259921503,0.7804393627838664,0.0,0.0122446820264803,0.7187929452264316,0.0,285.8833142347588,22.253805966787983,0.0,0.6170034547764386,535.0
2.498658992256761,0.895069794943789,0.1332231701294365,8.116532903553301,1.826971843957136,0.7592539772068765,0.0,-0.0017282668127062,0.6402483949057993,0.0,282.4238732685556,29.399458385102868,0.0,0.6612193034700183,522.0
3.512633743120756,1.811441697144566,0.5215093231537228,6.364956874371859,3.6866326889295338,0.9324371656686627,0.0,0.0231454424787766,1.0004184220000218,0.0,352.3382434011327,11.126902983393991,0.0,1.2072056608302697,762.0
2.84307153969132,0.9554123071940124,0.3878474959663983,8.45526877094972,1.7883337982582663,0.7447015391439343,0.0,0.0158638206694852,0.48725713578905,0.0,283.62543405446235,54.59730361615449,0.0,0.5491557947096265,545.0
2.452516302151771,0.9194248480946784,-0.1073541760986232,7.368334481012658,1.616482902078143,0.7030948674080412,0.0,-0.0286176910796576,1.2540983606557377,0.0,238.34683495294163,23.73116634716395,1.696282547352172,0.8866435690823209,348.0
2.7412144904258,1.0356322064597845,-0.0019297560963879,6.822732784313726,3.5774792227275003,0.8948907185628744,0.0,0.0398183017796078,0.8984927232319787,0.0,327.38871646676006,5.462803260414833,0.0,2.064897676463095,650.0
2.621413424399813,2.077100997110275,0.3825160751240636,7.044598,2.539756576348307,0.8128157224013514,0.0,0.1252373999214866,0.8036400529618828,0.0,290.24515301708453,22.253805966787983,0.0,1.740350975119645,593.0
3.164800820415911,0.9644411534012012,0.1505433858289125,7.855440277456648,1.8607189853210149,0.7662262504402958,0.0,0.0201144669449533,0.6647028743253617,2.5032212332900423,281.79436668070406,30.7265419067959,0.0,0.6003999494378656,532.0
3.18990662005543,2.563039958623882,0.0565759793766977,6.9223184,2.631774395871438,0.8094143338323354,0.0,0.0375031013929276,0.9592072821603432,0.0,285.61903031430575,11.126902983393991,0.0,1.6470843362531946,679.0
2.8547502379921164,0.9501296351461916,0.3757818388252901,8.398967948051949,1.7847953313990548,0.7439181937494872,0.0,0.0147543603391253,0.5023510342360233,0.0,281.9949367297018,36.39820241076966,0.0,0.557674809728184,537.0
2.6250024689780265,0.9616039366019556,0.8325320846365069,7.460546175438596,3.252263698657722,0.8158092928067914,0.0,0.1196540149178064,0.781768380643546,0.0,282.7679244177886,22.253805966787983,0.0,2.032168924248875,495.0
2.6570849287620697,1.202570367509464,0.1234694678605337,7.557241780104712,1.947785339432739,0.7565871314695449,0.0,0.0550657214233352,0.917484964557458,18.51134208180589,267.9231133073708,89.01522386715193,0.0,0.8319995295138921,466.0
2.3919080837131133,1.5174052433492538,-0.0987487872100254,7.476745546666668,2.760668735074,0.8592830032243208,0.0,0.1267156341113389,1.1019466533028883,4.54389163330579,314.4957793751441,21.50035427476891,0.0,1.0125609487491798,563.0
2.494800910644653,0.9026467781666776,0.1777582164725988,7.509669135678391,1.8313440646850072,0.7414083744918921,0.0,0.0374830250470317,0.8632326223855357,0.0,257.510545997568,22.253805966787983,0.0,0.5340248015519743,480.0
2.611900244127704,2.188905701265329,0.1309814028000268,7.005158370370371,2.6492327963301663,0.830590518962076,0.0,0.0183047367243244,0.9230542121246204,0.0,300.94101602930846,22.253805966787983,0.0,1.568687087148167,620.0
2.91706077365587,0.9592432440640192,0.4230155021814017,8.417674884848482,1.796879543021388,0.746675136294575,0.0,0.0177092372760401,0.4912016031457955,0.0,284.12718522677653,48.53093654769288,0.0,0.577570420488443,580.0
2.607492601760177,1.7859762839568891,0.1802807416813021,7.092161314406482,2.467037359439185,0.8096737924605336,0.0,0.1096155448508594,0.8429446748329237,0.0,290.6894465465339,24.213769859128178,0.0,1.617711677204099,594.7
2.654503104524488,2.079065838428886,0.1988194008691825,6.999877422222222,2.9561741941726924,0.8578519115614923,0.0,0.0148256079328095,0.8790711315538831,0.0,314.1707764936694,50.07106342527296,0.0,1.6921081664228397,715.0
2.658110985134795,0.8628914665281616,-0.0612010748493326,7.3884892941176465,1.6856636052592586,0.7203073015259807,0.0,-0.0098207227602222,1.1923480083857445,0.0,246.45367921862604,23.54510600557704,1.4119406651549506,0.8813087053804902,491.0
3.058666587989461,0.8959181949266718,0.1429064328488211,7.996493272727273,1.836890675074096,0.7607192047904191,0.0,0.0089954271493558,0.668892211706183,0.0,280.22363563057394,30.7265419067959,0.0,0.6359804524568927,555.0
2.5919242663662647,1.6785327404481445,0.1727702963594526,7.247632416004779,2.4021824983431075,0.8058470589144293,0.0,0.0960320263224993,0.8108426802922002,0.0,291.3463320420236,23.68293645045096,0.0,1.5098786646528488,589.0
2.658110985134795,0.8496869062233864,0.0266033983887263,7.225546345454544,1.5758705040103491,0.6909680339321356,3.0,0.0046453116231525,1.1530023056761676,8.632222222222222,225.65934378368505,66.3526768799321,6.248750944822373,0.9328881149716176,424.3
2.6437424519708275,0.9765196419072332,0.2197621878976711,7.6471495448275855,1.7860184168619588,0.7412961282913624,4.0,0.0488095279356765,0.736171733671332,2.346186534234179,264.8650273402131,44.52691801032051,0.0,0.4624563610183216,354.0
2.870077121671711,0.9098932683968451,0.3747434533875233,8.459149021739131,1.7679596588098128,0.739665480549692,0.0,0.0119907000405264,0.5008486727298005,0.0,280.5144515462443,59.497213347004966,0.0,0.5638312497110443,564.0
2.632229150919627,1.4066604034177437,0.4503861916771752,7.012494133333333,2.7753221943275204,0.8041081676646706,0.0,0.0405091405919404,0.6689088191330345,0.0,278.40227889797103,11.126902983393991,0.0,1.831747197723776,437.0
3.270164644046919,1.0233128067167951,-0.0320159313725492,6.937274228571428,3.141185060191632,0.8370985502678855,1.0,-0.1139142593840338,1.1451291406212474,1.4333341206853114,294.53973862676304,11.984273114623004,0.8859427752582514,1.6718306630194768,654.0
2.180011919070465,0.960852085944329,-0.0640260849979406,7.389937363636363,1.5856586153271846,0.6949177592184055,0.0,-0.0254198526281157,1.2267297342284855,0.0,232.3111477358987,23.54510600557704,1.8638758485615443,0.8847284976085277,339.0
2.666336814677747,0.948899062820948,0.0856169332827347,7.603115657142856,1.7247840320450083,0.7314692899914457,0.0,0.0037193475233855,0.8873599284457715,0.0,258.43388633420415,44.7554814995491,1.674868985465648,0.721190994624018,393.0
2.50092320427403,0.8822050937453725,0.1304343325745009,8.09770972631579,1.825367989352293,0.7583881994631426,0.0,-0.0011171016974263,0.6632860874204729,0.0,280.8526624359173,19.599638923401912,0.0,0.6685394606167401,520.3
2.651895080442378,1.2071684161624896,0.2028399762736733,7.5859403093922655,1.9870839651734904,0.7659285663966184,0.0,0.0531790573249483,0.7832890937035759,18.02631686505808,274.11499223224496,89.01522386715193,0.0,0.8330150475957508,466.0
2.620464350699744,1.0033465455400126,0.7972976225770734,7.405478752688174,3.1515833444183485,0.8153862882929793,0.0,0.1177385694442284,0.7811901047470469,0.0,283.82448932855874,22.253805966787983,0.0,2.017404287284914,497.0
2.6448363247364246,0.7022232875891415,-0.0613715552739891,7.292276324324323,1.970260062010761,0.7902238000190096,0.0,0.0243902439024382,0.8856760688396865,0.0,286.47675157465045,44.507611933575966,0.0,0.7217294900221727,654.0
3.3100502751017657,0.9820541869889624,0.1309040223860832,7.803459178082191,1.855632616834388,0.7644622120464952,0.0,0.0225191696302106,0.7035240658378636,6.699057005007987,280.00093170977783,52.27143876465509,0.0,0.6361033074592719,531.0
2.9380458520871366,0.8920055303350132,0.3525704152862475,8.42117613605442,1.8097857040132432,0.7518573124022225,0.0,0.0156475851779128,0.5110184597710915,0.0,282.7092259984699,21.93255359862417,0.0,0.5310835599306097,577.0
3.0568324046475275,0.8959181949266718,0.1429064328488208,7.996493272727272,1.836890675074096,0.7607192047904191,0.0,0.0089954271493558,0.668892211706183,0.0,280.22363563057394,30.7265419067959,0.0,0.6359804524568926,544.0
2.5074451980763586,0.9686237320189048,0.3269275305773811,8.12589710091743,1.6500016190779128,0.7081405189620759,0.0,-0.001489680881265,0.7477529164276149,0.0,254.3590632178816,36.39820241076966,0.0879556808813557,0.5828803840000598,494.0
2.6227625852385392,0.9452546944613808,0.2153185991098678,7.707321269521411,1.830482174871284,0.7495846992582,4.0,0.0417055177289434,0.728816061426926,0.2831045624605486,269.42983752176923,44.52691801032051,0.0,0.4690115265278616,347.0
2.657143171518118,1.207900395748218,0.7321486443269559,7.343757801324503,3.2484053669877646,0.8357993659739346,0.0,0.0866766411635458,0.7876068116528933,0.0,295.488035419813,44.507611933575966,0.0,1.9905167463075808,591.0
3.058666587989461,0.8959181949266718,0.1429064328488211,7.996493272727273,1.836890675074096,0.7607192047904191,0.0,0.0089954271493558,0.668892211706183,0.0,280.22363563057394,30.7265419067959,0.0,0.6359804524568927,555.0
2.621413424399813,2.077100997110275,0.3825160751240636,7.044598,2.539756576348307,0.8128157224013514,0.0,0.1252373999214866,0.8036400529618828,0.0,290.24515301708453,22.253805966787983,0.0,1.740350975119645,529.0
2.4296106399145723,1.0333680369472649,0.059787613406333,7.547364125,1.594614699359543,0.6956832848588539,0.0,-0.0170946642440053,1.1249484362825233,0.0,232.28310841606293,17.248535499851716,0.2750778743162396,0.8611981062640187,471.0
2.621413424399813,2.077100997110275,0.3825160751240636,7.044598,2.539756576348307,0.8128157224013514,0.0,0.1252373999214866,0.8036400529618828,0.0,290.24515301708453,22.253805966787983,0.0,1.740350975119645,547.0
3.1268852362603514,1.0342251541350338,0.1497384150453135,7.634914943999999,1.8663644415869447,0.7667748938486663,0.0,0.0342474388106417,0.6798849542468703,0.0,279.41789246224545,87.68814034545889,0.0,0.560576859098186,563.0
2.61524058489364,1.8743984768242328,0.1826570779169567,7.030407294117648,2.5459851619396003,0.8174953293413175,0.0,0.1204720996063007,0.8534912516388004,0.0,293.5769467353905,22.253805966787983,0.0,1.7220435049485563,639.0
2.458604456421744,0.9165619462172973,-0.1311318070359054,7.329362511627908,1.5531385779035949,0.6866722932513354,1.0,-0.025383341045572,1.293797103590956,0.0,227.1434246544545,17.98165451388004,1.8819718477636949,0.8829241282501963,601.0
2.7104364662202256,0.9591039520409268,-0.0626490010966459,7.386048975609756,1.7270319619395995,0.7310083033932135,0.0,0.0002931148565912,1.1818157699246523,0.0,253.6326770448827,69.34401797794206,2.495661099689033,0.8840705312974624,462.0
3.0244949191297072,0.9130603550078604,0.317667330711057,8.158571726829269,1.80535965766702,0.7503599780830494,0.0,0.0199518316119994,0.5812791618209586,0.0,277.6160208669129,20.926722445094946,0.0,0.5511499863622111,555.0
2.494800910644653,0.9026467781666776,0.1777582164725988,7.509669135678391,1.8313440646850072,0.7414083744918921,0.0,0.0374830250470317,0.8632326223855357,0.0,257.510545997568,22.253805966787983,0.0,0.5340248015519743,470.0
3.0692633622091146,0.9396549612205436,0.117053561781333,7.875814532019704,1.8303891344814471,0.7583473828812961,0.0,0.0173611624610894,0.7081820123905149,0.0,277.5641537711311,30.7265419067959,0.0,0.6248120710960869,470.0
2.4127968744646773,0.9512877856200778,-0.1051975712957346,7.369754375,1.6672683619396005,0.7151600000000002,0.0,-0.0395767132794437,1.214055448098001,0.0,248.78997098325803,0.0,0.4986569011596071,0.891485614258482,384.0
2.578143789783473,0.9395792266403452,0.1871322289349284,7.958293185185186,1.9657287259921503,0.7804393627838664,0.0,0.0122446820264803,0.7131306813253043,0.0,285.8833142347588,0.0,0.0,0.6170034547764386,524.0
2.716932560103736,0.9201882544646516,-0.0292933080289106,7.453056015686275,1.8517595051001383,0.7466514269333674,0.0,0.0164725608906222,1.1234395692329655,3.6895617476098224,258.24374811147175,68.12564951585854,2.291157273163317,0.8740852470863713,403.0
2.6568917236527403,0.8657235773101678,0.0245391654440194,7.686528304761905,1.6856475619395996,0.7214407717897541,0.0,0.0138297144923052,1.016574409874658,2.950214532374525,249.32902311918693,16.814289258077554,1.0671141975308642,0.7849659392698477,337.0
2.607912632132709,1.2135703018227912,0.5818615847443905,7.148470196078431,2.8269405695240417,0.8140223145545643,0.0,0.1169215584867412,0.7964507873212422,0.0,287.2313721020622,22.253805966787983,0.0,1.949013172751224,546.0
2.724215170528149,0.9577512107168612,0.0130031022914651,7.298458128440366,1.6616854368908691,0.7138574156035754,0.0,0.0044207356768318,1.1696061140505585,0.0,241.6668665873409,47.09021201115407,2.512547045204863,0.8842267443037678,458.0
3.477723420586361,1.811281655397019,-0.1434778751294428,7.1804543853211,2.42142983901301,0.8069642200135809,0.0,0.1181548145640007,1.019129229536894,4.6240752945945935,289.9403917512834,54.49973221610563,0.0,1.2257155790956749,625.0
2.4669821551337603,0.8938777801512021,-0.1073541760986241,7.4924970126582275,1.6164829020781433,0.7030948674080412,0.0,-0.0286176910796576,1.249810844892812,0.0,238.34683495294163,29.294617838860944,1.63513521631487,0.8866435690823208,372.0
2.598976244575307,2.077100997110275,0.3825160751240636,7.017196266666667,2.539756576348307,0.8128157224013514,0.0,0.1252373999214865,0.8140610638143463,0.0,290.24515301708453,22.253805966787983,0.0,1.740350975119645,612.0
3.068729050373046,0.9680996013918453,0.1556392451847377,7.72090867005076,1.795565284207406,0.749419493915395,0.0,0.0146193727933098,0.7174025374399565,0.0,271.1759430907037,41.85344489018989,0.0,0.646776832661268,547.5
2.621413424399813,2.077100997110275,0.3825160751240636,7.044598,2.539756576348307,0.8128157224013514,0.0,0.1252373999214866,0.8036400529618828,0.0,290.24515301708453,22.253805966787983,0.0,1.740350975119645,524.0
3.342665973796926,0.937561998364654,0.4968067163189112,6.910353528089888,2.6722159896972606,0.7609557146576414,0.0,0.2212639747148438,0.5873551326371874,0.0,248.7213048535747,11.126902983393991,2.408304943112844,2.2893473325455944,589.0
3.2718231027635403,2.1876581225234344,0.4016888169505744,7.003039370786517,2.6963575090702423,0.810413153004336,0.0,0.1642340984871876,0.7775815665399429,0.0,284.8859111078687,22.253805966787983,0.0,1.915733560234003,520.0
2.630133416171458,1.330998897381286,0.4714047339870384,7.244586068965518,2.274865412727444,0.8260398536260811,0.0,0.0418019102247699,0.8614926739926735,10.059533903246024,307.99872145249225,33.380708950181976,0.0,2.1592350855702054,496.7
2.639665279925974,1.0341012722810867,-0.1575407126375576,7.168472125,1.671918038911796,0.7163564218501772,1.0,-0.0334179997363858,1.4355310344827588,0.0,239.967209544022,17.795594172293132,2.8297697106084554,1.0402354524725523,651.1
3.264520030234316,2.993560002159088,0.0296710371553432,6.992031047619047,2.461509824710954,0.8067810832879697,0.0,0.1229808296690165,0.9251999360204736,0.0,287.551799131276,16.690354475090988,0.0,1.6588262951761228,695.0
3.087983701390918,0.8440232613722292,0.1529477639128555,7.943174315789474,1.85357772955168,0.7640162235528942,0.0,0.0159931277378818,0.6956109651337935,0.0,279.3244769943732,20.926722445094946,0.0,0.6001495001523119,532.0
1.5999700806248425,0.646522754182322,0.4163336620796816,8.860955,4.119165476212251,0.9294600299401198,0.0,-0.1845722555342004,0.3462888167913659,0.0,388.3079615733575,0.0,0.0,1.0262458948577655,624.0
2.6254447605998834,0.9633384361133618,0.0553848280979296,7.650863744680851,1.7013382735355378,0.7268709043451561,0.0,-0.0228954104806539,0.9427347401217956,0.0,257.46951626554,27.463710822211937,1.0043154761904758,0.6938287976889755,412.0
2.788336202085353,0.9634474734200896,0.4197620828499411,8.634122884615385,1.755315054299762,0.7346550060717726,0.0,0.0203107879188346,0.4455905812605889,0.0,282.55844447362887,0.0,0.0,0.5482924704229888,578.0
2.676671859041388,0.8799367322054662,0.0870110637148767,7.148952695652174,2.3788600673565177,0.811990976667355,0.0,0.100301918712188,0.970716122304608,0.0,293.30660615505445,50.07106342527296,0.0,1.516975640604221,615.0
2.590511842313948,0.936981006251832,0.1060175276243325,7.927546780748663,1.8337510370641328,0.7593227145708583,0.0,0.0127507356531693,0.6903322850737088,0.0,279.0108699687713,9.799819461700956,0.0,0.6125523915358693,322.0
2.272498110355253,1.4282838941461315,0.2415182828126039,8.087427666666665,1.5936269682830002,0.7040837658017302,0.0,-0.1736219745457881,1.0396825396825395,0.0,249.6693100529056,0.0,0.0213425925925927,1.013839298449308,344.0
2.748476457123956,1.8252394894687023,0.2084436181236879,6.786192631578948,3.872553481244265,0.897924267254964,0.0,-0.0428054766139954,0.8702522276110987,0.0,322.99585221983733,11.126902983393991,0.0,2.043631638735578,644.0
2.7044184101559656,0.9865808130252024,-0.0671862927957763,7.517730435897434,1.7349087840478217,0.7332489948674079,0.0,-0.0005087190822353,1.1253028510254677,2.1593605114222,255.5135594702221,68.98956342347766,2.460145413410481,0.8833487318939219,380.0
3.080530429731444,0.8859979465506911,0.1338725949185275,7.88079669656992,1.831987777195192,0.758727352986335,0.0,0.0154491760386306,0.6887646465056593,0.0,277.18368202208467,41.85344489018989,0.0,0.6451853377244248,525.0
2.950168814597068,0.9259765848935548,0.3525704152862475,8.378659374149661,1.8097857040132432,0.7518573124022226,0.0,0.0156475851779128,0.5132548644090394,0.0,282.7092259984699,9.799819461700956,0.0,0.5310835599306096,518.0
2.5074451980763586,0.9686237320189048,0.3269275305773811,8.12589710091743,1.6500016190779128,0.7081405189620759,0.0,-0.001489680881265,0.7477529164276149,0.0,254.3590632178816,36.39820241076966,0.0879556808813557,0.5828803840000598,494.0
2.6317864247789906,1.2135703018227917,0.5818615847443905,7.164588862745097,2.8269405695240417,0.8140223145545643,0.0,0.1169215584867406,0.7888953017238868,0.0,287.2313721020622,22.253805966787983,0.0,1.949013172751224,604.0
2.5674401549789323,1.0324313537637066,0.0786647608796587,7.337274189473684,1.7320986929988504,0.7307660291357584,0.0,0.0287040604810959,0.9079866526828496,0.0,254.5521751173269,33.380708950181976,0.0,0.685296488352883,480.0
3.071167261000236,0.9317390577121736,0.1340994920684286,7.831176447058823,1.830672887829137,0.7586599868755639,0.0,0.0122143009749929,0.7140610747947704,0.0,277.9124521042843,30.7265419067959,0.0,0.6494905939945435,551.0
3.071107701763056,0.940276471880384,0.1340994920684286,7.8539552441860465,1.830672887829137,0.7586599868755639,0.0,0.0122143009749929,0.7060153162055336,0.0,277.9124521042843,30.7265419067959,0.0,0.6494905939945435,568.9
2.848048332741496,0.9383726959418568,0.4122581314196913,8.668058292682925,1.720080975444903,0.727551554954607,0.0,0.0567659505216241,0.4584412398891081,0.0,275.8749021609806,0.0,0.0,0.5885909403867599,506.0
2.73181962415533,0.9746784172637912,0.0193994290098435,7.281296401673639,1.6435336243773335,0.7090932801064536,1.0,0.0054308351114272,1.1297999139855412,0.0,238.343030349135,53.51103363408008,3.4757213438499406,0.884889805647019,400.0
2.4952292295258065,0.9902367638744094,-0.0465756224546887,7.2934424,1.6012851268164414,0.6988798662415429,0.0,-0.0134152983750982,1.2253026196928631,0.0,234.7943393464625,58.58923567772188,2.9942376674726097,0.8864612481181945,367.0
2.639888108419439,1.290645759041564,0.2035766703758674,7.564888779874215,2.026925755723876,0.7775594450849852,0.0,0.0473007563329979,0.7670413540074804,17.873677563196114,281.53868959955355,44.507611933575966,0.0,0.8363974002117639,485.0
3.1677097561660235,0.9435588720102464,0.132601377006579,7.831427287958115,1.8441005901420888,0.7617814371257484,0.0,0.0178485599905286,0.7138851860087934,4.15953160759952,279.0360012591384,52.27143876465509,0.0,0.6421966793463159,519.0
2.6953732644804966,0.5225250295583873,0.2028231789917456,7.272936238596491,2.353857551983681,0.7835094447468698,0.0,0.1220831965788171,0.8376175727272607,22.810242836241883,275.2652494589366,45.016434505852025,0.0,0.8896127897355472,325.0
1.7725617283950617,0.6919770257111019,0.4739162842710869,7.748018300000001,3.542822843173118,0.8581032405776683,0.0,0.155729847400901,0.3032375672296126,0.0,323.3303635298377,0.0,0.0,1.0034856393822955,485.0
3.265600216855068,2.1876581225234344,0.4016888169505744,6.993802831460674,2.6963575090702423,0.810413153004336,0.0,0.1642340984871876,0.7810611592082892,0.0,284.8859111078687,22.253805966787983,0.0,1.9157335602340029,623.7
2.6060623285734543,1.7963688444046626,0.1784792582895602,7.111947967570693,2.488335788132616,0.8127667589510637,0.0,0.1107449635020025,0.8384706425123809,0.0,292.5590039914327,22.0414726033171,0.0,1.637763181402011,610.2
2.6282835865700225,0.9520849612824778,-0.158566213000121,7.777649066666667,1.6218650154793246,0.7050962129794467,0.0,-0.0285767844091942,1.124801306958672,0.0,242.7580243801796,23.10044978120711,1.0270027872260017,0.7790321002247976,393.0
2.438564495434007,0.7761986229809186,0.1099620481098951,7.679607466666667,1.643290820894857,0.7138963216424296,0.0,-0.0171319583252312,1.086438489986742,9.565484203439166,246.9932426832602,17.062158824050687,0.5783484043884155,0.9998230822806908,443.0
3.058666587989461,0.8959181949266718,0.1429064328488211,7.996493272727273,1.836890675074096,0.7607192047904191,0.0,0.0089954271493558,0.668892211706183,0.0,280.22363563057394,30.7265419067959,0.0,0.6359804524568927,557.0
2.574987510395635,1.4285437799634833,0.0491643183843389,7.343776710526316,2.414490621801058,0.8160874080410607,0.0,0.0989995924232024,0.9082857638575746,1.1122959229945764,292.2360252739457,27.44053161247544,0.0,0.572242708731444,449.0
3.302495693713057,1.4044958624943815,0.5936607526965323,6.621832545454544,3.357446268069515,0.8905984773310521,1.0,0.1044068947565113,0.8617824817466553,0.0,328.8694953950123,48.83439797518296,1.3247063456736383,1.1561996641945345,552.0
3.058666587989461,0.8959181949266718,0.1429064328488211,7.996493272727273,1.836890675074096,0.7607192047904191,0.0,0.0089954271493558,0.668892211706183,0.0,280.22363563057394,30.7265419067959,0.0,0.6359804524568927,552.0
2.5928658699471443,1.2072417220204188,0.1187899598959607,7.223223283018868,2.269016516790333,0.7788139942337549,0.0,0.0254113378095861,0.9557278695947472,1.3582984256406072,275.99006111899814,34.12495031652961,0.0,0.9689398567243988,531.0
2.494379483922777,0.8991960629597251,0.1173813216688161,7.917454731182796,1.8139375542594165,0.75664875249501,0.0,0.0143391215933653,0.7053257419257317,17.548386877610923,276.7089333108869,41.85344489018989,0.7872275648729483,0.5285651569241356,376.0
3.2718231027635403,2.1876581225234344,0.4016888169505744,7.003039370786517,2.6963575090702423,0.810413153004336,0.0,0.1642340984871876,0.7775815665399429,0.0,284.8859111078687,22.253805966787983,0.0,1.915733560234003,608.0
2.828177904118755,0.8564038052281846,0.3761753365498843,8.529916205787782,1.7742572630592857,0.7414114152647087,0.0,0.0065589144535912,0.4769632015028007,-3.2701368868562426,284.447523699183,24.26546827384644,0.0,0.5769473148317996,550.0
2.517361111111111,0.0673410744288027,0.0321019359936776,6.818256000000001,3.932756452424501,0.8922533932135727,0.0,0.0155837306697414,1.063968860164512,0.0,317.4113494681988,0.0,0.0,2.265807207488167,608.0
2.61524058489364,1.8743984768242328,0.1826570779169567,7.030407294117648,2.5459851619396003,0.8174953293413175,0.0,0.1204720996063007,0.8534912516388004,0.0,293.5769467353905,22.253805966787983,0.0,1.7220435049485563,646.0
3.121620120677653,1.01034596807598,0.1501613994812816,7.5865761076923075,1.8756603047912423,0.7685810022061141,0.0,0.0361788905899517,0.6991951937482592,0.0,278.8140492189722,44.507611933575966,0.0,0.5284246756908191,556.0
3.127231996265496,0.7972839544275057,0.2618941327976841,7.96538876923077,1.869196266132059,0.7691663144299635,0.0,0.0125383911817589,0.628516188904929,0.0,284.7834249655812,11.126902983393991,0.0,0.6892669425500119,584.0
2.713450707718232,0.9932720843639878,-0.0488331095275362,7.376575435294118,1.7031752940646665,0.724746868168425,1.0,0.0018848476065613,1.2103154828075282,0.0,249.26420656038337,53.51103363408008,3.4022014675288377,0.883757730072759,470.0
2.5074451980763586,0.9686237320189052,0.326927530577381,8.125897100917431,1.650001619077913,0.7081405189620759,0.0,-0.001489680881265,0.7477529164276149,0.0,254.3590632178816,36.39820241076966,0.0879556808813561,0.5828803840000598,494.0
3.2718231027635403,2.1876581225234344,0.4016888169505744,7.003039370786517,2.6963575090702423,0.810413153004336,0.0,0.1642340984871876,0.7775815665399429,0.0,284.8859111078687,22.253805966787983,0.0,1.915733560234003,624.0
2.583582532440822,1.596070947656456,0.1761085958462175,7.310822348944553,2.337290318252502,0.8016749829814057,0.0,0.0874104660913113,0.7859813987644607,0.0,290.6220101339833,24.397501692282447,0.0,1.385267625932546,562.0
3.0432770051482803,0.8290286641637838,0.1781119540119464,7.951054866141732,1.8728636577653128,0.7691229416167664,0.0,0.0183102963338852,0.6537942209019714,0.0,282.3048220217802,20.926722445094946,0.0,0.5408055355179393,560.0
2.359992985261756,0.904850124510118,0.3936979213022694,8.595770564383562,1.7493383845823185,0.7349617220105245,0.0,0.0056286663675911,0.5113156613709784,0.0,278.8769452069655,24.26546827384644,0.0,0.6153425891594202,506.3
2.385712299196391,1.046338176776503,-0.0367821901139474,7.646806097560975,1.569032570303244,0.6918866802979406,2.0,-0.034266336103575,1.0306883751699802,8.524829194750325,236.19809925956565,0.0,2.602572260988841,0.7890585250944249,260.0
2.5186692928828656,1.059626947416883,-0.1044159994495168,7.281458813953487,1.7731598528486905,0.7408105171475233,0.0,0.0262412039771306,1.0679845407244348,0.0,259.0117797388801,22.6259266499618,0.4906262328673951,0.822277648691954,395.0
2.53776075355901,0.9901765481507914,0.1588937155604107,7.647947497005988,1.7565071369354432,0.7392799605334784,0.0,0.0119065520518882,0.748025483580034,0.0,264.70194484682423,41.85344489018989,0.0,0.6787252275039825,517.9
2.670634684830405,1.9939519044098584,0.3670204288728186,7.038404303030303,2.6521615714626523,0.8323128612340537,0.0,0.1336186140597695,0.7498876167818457,0.0,302.12541737869907,66.76141790036395,0.0,1.7672217531442294,633.0
3.060064285771384,0.9193013406634354,0.1533447437967453,7.9280035782312925,1.8465171805182417,0.7629811377245509,0.0,0.0138841966049442,0.6656595910440473,0.0,280.73841674884994,30.7265419067959,0.0,0.6081816496592746,557.0
2.682789644425908,1.86448530758743,0.5000176706731211,7.373379404255318,2.844618095276274,0.8174175703387744,0.0,0.1005720424813267,0.8355836361535345,2.054830034350237,290.2550341582578,32.6272572581629,0.0,1.9210677113260213,589.0
2.840969847968222,1.8782216069041449,-0.0582410348136436,7.284798609037328,2.5391000526015457,0.8114362158799283,0.0,0.0996125963936205,1.0343779191171634,13.598707871430856,290.92093592359333,95.62141669843147,0.0,1.7718822852390146,550.0
2.438564495434007,0.7761986229809186,0.1099620481098951,7.679607466666667,1.643290820894857,0.7138963216424296,0.0,-0.0171319583252312,1.086438489986742,9.565484203439166,246.9932426832602,17.062158824050687,0.5783484043884155,0.9998230822806908,443.0
2.6828098423074973,1.270791327630207,0.0727740585631793,7.309967052631578,2.280595922767509,0.7813743757767484,0.0,0.0810591152433096,1.0762320351758083,2.4226903292181072,274.2225130413438,22.50167553276112,0.0,1.908990249149094,474.0
2.658110985134795,0.8628914665281616,-0.0612010748493326,7.3884892941176465,1.6856636052592586,0.7203073015259807,0.0,-0.0098207227602222,1.1923480083857445,0.0,246.45367921862604,23.54510600557704,1.4119406651549506,0.8813087053804902,491.0
2.629770335929333,0.9816649901373176,-0.0690972046728412,7.438570748603351,1.6164976885833515,0.7029080433727138,0.0,-0.0147783352412221,1.174777950737112,0.0,237.74972620360043,47.09021201115407,3.48858649034544,0.887430919113791,349.0
2.611900244127704,2.188905701265329,0.1309814028000268,7.005158370370371,2.6492327963301663,0.830590518962076,0.0,0.0183047367243244,0.9230542121246204,0.0,300.94101602930846,22.253805966787983,0.0,1.568687087148167,740.0
2.7101173743848985,1.1493900738171343,-0.0650082261240565,7.438483645569621,1.836588815022557,0.7474922155688623,0.0,0.0056764717081624,1.2025818017125067,0.0,259.25799769605914,68.00808194558361,2.5288764102842283,0.8837139168432361,489.0
2.658413731786661,1.091237669998536,0.3340080971659916,6.911296247787611,2.872435081389125,0.820976122754491,0.0,0.2661388827817403,0.7179027396543086,0.0,288.7072178340977,22.253805966787983,0.0,1.6034016142863372,631.1
2.6317864247789906,1.2135703018227917,0.5818615847443905,7.164588862745097,2.8269405695240417,0.8140223145545643,0.0,0.1169215584867406,0.7888953017238868,0.0,287.2313721020622,22.253805966787983,0.0,1.949013172751224,602.0
2.555394148400101,1.0435406730238173,0.0441271587466549,7.301293142857143,1.8411752980922227,0.7582597028165893,0.0,-0.0003809809697244,1.0084357234549786,0.0,270.49994997270124,22.6259266499618,0.0,0.8365095388363224,460.0
3.059699657083592,0.9354968900614152,0.1533447437967453,7.881430299319728,1.8465171805182417,0.7629811377245508,0.0,0.0138841966049442,0.668028486385841,0.0,280.73841674884994,30.7265419067959,0.0,0.6081816496592746,561.0
3.005209904246037,0.9407870253117524,0.3209268849525672,8.250329744186047,1.7984686043929472,0.7489538246814641,0.0,0.0133643692875098,0.5686954885266327,0.0,279.28104072329523,20.926722445094946,0.0,0.5622740909964257,559.0
3.060155361686226,0.9305006360703112,0.1533447437967453,7.90713032214765,1.8465171805182408,0.7629811377245508,0.0,0.0138841966049442,0.6585529050186659,0.0,280.73841674884994,30.7265419067959,0.0,0.6081816496592746,550.0
2.73181962415533,0.9746784172637912,0.0193994290098435,7.281296401673639,1.6435336243773335,0.7090932801064536,1.0,0.0054308351114272,1.1297999139855412,0.0,238.343030349135,53.51103363408008,3.4757213438499406,0.884889805647019,384.0
2.639788003487204,1.0624979233854688,0.7319405433387138,7.3297060555555555,3.016774056538509,0.8148198924185527,0.0,0.1163218148911757,0.7782693673100068,0.0,285.2392118361999,22.253805966787983,0.0,1.9943028664215816,550.0
2.61524058489364,1.8743984768242328,0.1826570779169567,7.030407294117648,2.5459851619396003,0.8174953293413175,0.0,0.1204720996063007,0.8534912516388004,0.0,293.5769467353905,22.253805966787983,0.0,1.7220435049485563,650.0
2.657455084549313,0.959299044287991,0.2420272871850681,7.422262461538462,1.7885015577403047,0.7468126052978787,0.0,0.0149955540583103,0.7892937274711264,0.0,264.0561022979734,55.58015066869898,0.0,0.8167925139978385,593.0
2.6859634165367146,1.8143682035128723,0.144464306627284,7.205502821428571,2.0437091619396,0.7786330538922155,0.0,-0.005444568465836,0.9168859649122808,0.0,277.554506764663,33.380708950181976,1.5390856637650467,1.9825879841233605,472.7
2.99028552853138,0.92323697710297,0.240331740598484,8.099780860759493,1.8117436013532089,0.756043949310681,0.0,0.0618532390326911,0.571768558951965,0.0558324435217685,281.53471642837746,10.13055113948835,0.0,0.6650769251215085,485.0
2.705504746475567,1.2222183042468735,-0.0538666683344448,7.453893850467289,1.868472414255082,0.7467229677631038,0.0,0.0213356520113275,1.12193381019436,2.2699743310241147,256.54313382293964,61.04122187143963,2.02378277135942,0.8414154857689591,405.0
2.5186692928828656,1.059626947416883,-0.1044159994495168,7.281458813953487,1.7731598528486905,0.7408105171475233,0.0,0.0262412039771306,1.0679845407244348,0.0,259.0117797388801,22.6259266499618,0.4906262328673951,0.822277648691954,628.0
2.460298803477023,1.022634984088996,-0.02879780072915,7.130629354838709,1.5987340952786049,0.6964191616766469,0.0,-0.0137642786991556,1.243254091568262,0.0,231.3560785879824,11.49902366656781,0.5592436358534847,0.8630283258972343,409.0
3.1541050566351245,1.2730737799875496,0.323246432774041,7.127489722627738,3.0423253462945867,0.8540376133447392,0.0,0.1877177152311198,0.7493023610828415,2.2867661748249075,307.00462706614064,44.05965583095009,0.0,1.4758793584445271,691.0
2.554826726888269,0.9115830871854969,0.2905443560274276,8.190552986666669,1.7127113932522675,0.7267596147910363,0.0,-0.0007963447534789,0.6798498122653316,0.0,266.6571104217474,23.507506686290345,0.7486503082690237,0.5845521067167937,422.0
2.7104364662202256,0.9591039520409268,-0.0626490010966459,7.386048975609756,1.7270319619395995,0.7310083033932135,0.0,0.0002931148565912,1.1818157699246523,0.0,253.6326770448827,69.34401797794206,2.495661099689033,0.8840705312974624,462.0
2.7889267107401574,1.874729969898316,-0.0604889743528668,7.275182975206611,2.557525906102329,0.8093330325650068,0.0,0.101333143250608,1.0607542827649057,6.926226064499875,289.0312002251749,21.50035427476891,0.0,1.7880832491941951,561.0
2.585757637357565,1.0980274293826588,0.0297421671412853,7.367897418181818,1.5192248160608637,0.6760131464344041,3.0,0.0236482252410798,1.043230686659287,10.357096527660651,217.8854992362676,34.4241394229979,2.5609492892402344,0.9262357877834164,430.0
3.0359963446929346,0.8883248094344063,0.2306906787408831,7.831163854545455,1.8191854052374328,0.756735826460287,0.0,0.0592447065747276,0.6226175047263476,0.0,278.7062112196213,10.463361222547473,0.0,0.6441763601697549,496.0
2.61641599902647,0.9191093965991384,0.1825175259849411,7.837613633802817,1.8993840714547,0.7767292814371258,0.0,-0.0038805502673079,0.7357110101304873,0.0,286.4205118881789,22.253805966787983,0.0,0.8390528585008875,612.0
2.62714570283324,0.9666300315878574,0.1422288649638152,7.706398048140042,1.6930290432082795,0.7183153453093813,4.0,0.0265765484911145,0.8216344978083789,0.0,253.1074964683663,44.52691801032051,0.0,0.5629842898219285,283.0
3.058666587989461,0.8959181949266718,0.1429064328488211,7.996493272727273,1.836890675074096,0.7607192047904191,0.0,0.0089954271493558,0.668892211706183,0.0,280.22363563057394,30.7265419067959,0.0,0.6359804524568927,551.0
3.2718231027635403,2.1876581225234344,0.4016888169505744,7.003039370786517,2.6963575090702423,0.810413153004336,0.0,0.1642340984871876,0.7775815665399429,0.0,284.8859111078687,22.253805966787983,0.0,1.915733560234003,532.0
2.63476349845949,2.601071836091319,0.1016790245776982,7.054484285714285,2.5007966457456403,0.8299673532934131,0.0,0.1006132080560847,0.9123883234203516,0.0,303.86761144544244,33.380708950181976,0.0,1.5804634418223733,575.0
2.7271287081489963,1.2652254061309467,0.0660526506022718,7.324698990881459,2.2751385405531046,0.7861775291522217,0.0,0.0819253823445061,1.0375817551560749,4.763687527530556,277.8145200152656,56.13025404891622,0.0,1.88143326627115,420.0
2.6561741932171503,2.958129223047277,-0.1286819432540895,7.058366126126126,2.41140291915362,0.8269123277255015,0.0,0.0877872193205421,0.9725080699503236,0.0,303.6407565990445,44.507611933575966,0.0,1.4728075562607674,654.0
2.5434571248346893,0.9583490233167438,0.1450832482632241,7.650813613793104,1.7476820650946927,0.7381072389873716,0.0,0.0147576824151193,0.7783569162139621,17.821144892235566,262.4142873452659,64.10725085697787,0.8611024237496394,0.6227793494681584,377.0
3.07210265500378,0.8934543600998125,0.1260766261371383,7.991993202380953,1.822594868184041,0.7567659701006151,0.0,0.0080131133523511,0.7038164854773584,0.0,277.49393730741406,30.7265419067959,0.0,0.670615617929638,541.0
2.6600756915249404,1.59207871684425,0.2194430605605629,7.097559279279279,2.7203876735067145,0.8129066723695465,0.0,0.0058088329700239,0.9436559698740928,0.0,287.5144624703435,33.62857851615511,0.0,1.9079004622474969,611.0
3.0860482628180352,0.9170137928959576,0.1429064328488208,8.002683633802818,1.836890675074096,0.7607192047904191,0.0,0.0089954271493558,0.6816661949158498,0.0,280.22363563057394,30.7265419067959,0.0,0.6359804524568926,525.0
2.6291380907503834,1.9421323510249373,0.2426234148105644,7.048714615384615,2.944226037446072,0.8680053464499573,0.0,0.0030241723209812,0.8731117784127905,0.0,321.98121401193083,33.380708950181976,0.0,1.649475264436106,714.0
2.5712512102108103,0.9576762667452032,0.1636935340286714,7.900583031578947,1.6716227723156538,0.7120604713649623,6.0,0.0257031913752446,0.7439404001625396,0.0,253.34188651591148,76.97012671280302,0.0,0.549711841230577,315.0
2.6760292846633416,0.931870619799676,0.3226287005445905,8.097734474358974,1.8116784505735688,0.7524023399355135,0.0,0.0123640377245673,0.574264679116159,0.0,281.9899540429776,43.86510719724836,0.0,0.564028118016608,573.0
2.693450707718232,0.8953198139460983,-0.0501049980688199,7.544639392405063,1.7092642904323931,0.726897339746736,0.0,-0.0109326875879481,1.1506702757924454,0.0,253.0221540927429,56.626625849290726,2.327515866066541,0.8869718074545435,415.0
3.131624452473502,1.0339511825419336,0.1567784601141519,7.625464645914396,1.873822736962476,0.7685220607565357,0.0,0.0377580083214674,0.6626231539511218,0.0,279.8022041421106,87.68814034545889,0.0,0.5279480614113246,567.0
2.5394664625972774,0.8457633186507797,0.2524509237908952,7.619604584169454,1.896922744519272,0.7251024786663607,3.0,0.0377394763322725,0.6889455557691028,2.928555570951349,251.1096935924413,52.98034787358388,4.687076061684451,0.8517878502296318,454.0
2.611900244127704,2.188905701265329,0.1309814028000268,7.005158370370371,2.6492327963301663,0.830590518962076,0.0,0.0183047367243244,0.9230542121246204,0.0,300.94101602930846,22.253805966787983,0.0,1.568687087148167,684.8
2.5005123808913186,0.8990280715795999,0.1304343325745006,8.049665712280701,1.8253679893522927,0.7583881994631426,0.0,-0.0011171016974263,0.6657336375585559,0.0,280.8526624359173,19.599638923401912,0.0,0.6685394606167401,535.7
2.651247036524366,1.5806468875225748,0.4490348369279257,7.079285727272727,3.01293813914901,0.841553750925116,0.0,0.073603462919583,0.8152725085859215,0.0,302.23311706689327,44.507611933575966,0.0,1.899461521893835,670.0
2.482522655365885,1.0194198259946086,-0.1175885009083329,7.483866584269663,1.6530867425949065,0.7128051833832334,0.0,-0.0195495037465405,1.198345665224068,2.1433284652862303,245.51421352318025,69.36168410665148,2.945163986369456,0.8911652497832706,379.0
3.156363085538101,0.9259816680562414,-0.0052319127417078,7.336570285714286,1.8454348146230204,0.7588772327685057,0.0,0.0262771459113947,0.954303826849974,0.0,268.81641331281565,33.752829633355795,0.0,0.8109850736861252,535.0
3.06972236101307,1.1799956072943476,0.3064223080347439,7.802911551912568,2.1382450919614584,0.7707237608117098,0.0,0.0270735234685935,0.647215314237488,0.0,280.00775144115903,30.7265419067959,0.0,0.8786098253038691,582.6
2.644903875762309,1.1434127461137036,0.0137576708628304,7.608448000000001,1.7987035827996185,0.739008003041536,0.0,0.0062934037231552,1.0593728138797331,0.0,257.8971335458464,33.62857851615511,1.6847635984928442,0.6507518981529764,440.0
3.058666587989461,0.8959181949266718,0.1429064328488211,7.996493272727273,1.836890675074096,0.7607192047904191,0.0,0.0089954271493558,0.668892211706183,0.0,280.22363563057394,30.7265419067959,0.0,0.6359804524568927,564.0
2.7101173743848985,1.1493900738171343,-0.0650082261240565,7.438483645569621,1.836588815022557,0.7474922155688623,0.0,0.0056764717081624,1.2025818017125067,0.0,259.25799769605914,68.00808194558361,2.5288764102842283,0.8837139168432361,489.0
2.5802661071025765,1.5805998722600998,0.1678269055807006,7.356244976948343,2.330281166544861,0.8000229237009853,0.0,0.0838119896805986,0.7895183946188999,0.0,290.23102469534,24.397501692282447,0.0,1.4037962445049947,573.0
2.598666645915751,1.3868020282044784,0.2329085791374996,7.570933947826087,2.035189736229734,0.7681295108897248,0.0,0.0509561486849756,0.7728594001305492,17.013779280355458,276.7951173332273,44.507611933575966,0.0,0.8525391795415195,458.0
3.088891744306466,0.9276349261209242,0.1171405365496104,7.729041376000001,1.8683448342775573,0.7670598917549516,0.0,0.0329703102670139,0.7164120642381512,0.0,279.8064252628806,31.39008366764242,0.0,0.5133198200523897,535.0
2.724215170528149,0.9577512107168612,0.0130031022914651,7.298458128440367,1.6616854368908691,0.7138574156035754,0.0,0.0044207356768318,1.1696061140505585,0.0,241.6668665873409,47.09021201115407,2.512547045204863,0.8842267443037675,369.0
3.014708265832024,0.906068285518269,0.1719683430011291,7.980121931589537,1.8473897076720625,0.7640786878166742,0.0,0.0074260804619885,0.6522370744010089,0.0,282.7067219449996,31.22945748356052,0.0,0.6294097996953756,519.0
2.693450707718232,0.8953198139460983,-0.0501049980688199,7.544639392405063,1.7092642904323931,0.726897339746736,0.0,-0.0109326875879481,1.1506702757924454,0.0,253.0221540927429,56.626625849290726,2.327515866066541,0.8869718074545435,415.0
2.5873363095238093,1.5676713357184835,0.2299985311511897,6.952038153846154,2.9865876840222727,0.8320068045726732,0.0,-0.1222136267247327,0.8389883331146288,0.0,294.28966281082194,11.126902983393991,0.0,1.612083664521423,703.0
2.621413424399813,2.077100997110275,0.3825160751240636,7.044598,2.539756576348307,0.8128157224013514,0.0,0.1252373999214866,0.8036400529618828,0.0,290.24515301708453,22.253805966787983,0.0,1.740350975119645,583.0
2.621413424399813,2.077100997110275,0.3825160751240636,7.044598,2.539756576348307,0.8128157224013514,0.0,0.1252373999214866,0.8036400529618828,0.0,290.24515301708453,22.253805966787983,0.0,1.740350975119645,492.0
2.724215170528149,0.9577512107168612,0.0130031022914651,7.298458128440366,1.6616854368908691,0.7138574156035754,0.0,0.0044207356768318,1.1696061140505585,0.0,241.6668665873409,47.09021201115407,2.512547045204863,0.8842267443037678,631.0
2.832124196900983,1.406522435144478,-0.0763815372406303,6.9458188,3.599794624377335,0.8871039254823687,0.0,0.0887403987616995,1.035875048825597,2.3845238095238104,321.1909862658296,0.0,0.0,2.0681738872217164,526.0
2.78484707305904,0.8782632876563329,0.0376687825042467,7.415206233128835,1.4328451127899262,0.6552109457555478,18.0,-0.0199493970251291,0.903953946371762,8.768434511213952,206.6953174285721,87.08201244519505,23.344008103933284,0.7675670845790364,287.0
3.135270952914808,0.8473028052484209,0.2187987518336992,7.882019069767441,1.8465171805182417,0.7629811377245508,0.0,0.0108816412287577,0.6826982511171327,0.0,280.73841674884994,11.126902983393991,0.0,0.7231109686775593,580.0
3.038653165347762,0.8533847619896747,0.1961017070573119,7.9952149391304355,1.8318309978428071,0.7586714387738286,0.0,0.0152212817858337,0.6809454233710205,1.3393413214353689,278.7976902472141,20.926722445094946,0.0,0.6246848828903802,503.0
2.603582425629952,1.776465608636189,0.1777136871382046,7.139019855061214,2.4740838301413537,0.8116711941278734,0.0,0.1082520629644,0.8321669659655002,0.0,292.46163938870706,22.96837120861948,0.0,1.6159610848007024,593.0
3.274543683220406,1.3483721052866833,-0.3630999147535538,7.100701185185185,2.894707758926178,0.8444430834533464,0.0,0.1636439681135554,1.1056048842713886,6.539796689234821,305.61988802049035,31.12035387412476,0.0,1.8685064140369856,483.0
3.2652276820289776,2.007685447014675,0.3385246229753948,7.098503298245614,2.54411291515174,0.7982798750325436,0.0,0.144662186429176,0.7975186796609233,0.0,281.2349276730499,33.752829633355795,0.0,1.3056355369848072,603.0
2.603808846831679,1.7751791385163471,0.1774348033827111,7.137137537337463,2.4739234446808696,0.8115846163535,0.0,0.108313179475928,0.8344707352169676,0.0,292.3045183054432,21.988389262449378,0.0,1.6166931005153746,606.9
2.6288709096796623,0.9084970436477324,0.2420272871850681,7.403624512820513,1.7885015577403047,0.7468126052978787,0.0,0.0149955540583103,0.7945382040656187,0.0,264.0561022979734,55.58015066869898,0.0,0.8167925139978385,596.0
2.621413424399813,2.077100997110275,0.3825160751240636,7.044598,2.539756576348307,0.8128157224013514,0.0,0.1252373999214866,0.8036400529618828,0.0,290.24515301708453,22.253805966787983,0.0,1.740350975119645,627.0
2.602401525200304,1.4298297708371288,0.1773843021709487,7.518177738461539,2.0400847166971494,0.771643243512974,0.0,0.0514545253698998,0.8212209096262046,18.21028689845208,278.81333546886,49.69433757926343,0.0,0.8472553572060746,487.0
3.071100448986231,0.9037735963192096,0.1521572736619779,7.886968295384616,1.846865537340731,0.7627370899991063,0.0,0.0174956648940094,0.6696732162764771,-0.2215985580390091,279.6791049632619,35.62437323237465,0.0,0.6036248738397617,543.0
2.464702521801297,1.011983249451461,-0.1105528322629529,7.465823053763441,1.652809733368171,0.7128332249786141,0.0,-0.0184724677472362,1.1742431145164631,0.0,246.60026623653903,34.00069919932893,2.494231056511328,0.8264818321022179,401.0
2.856821615427384,0.9689318015443228,0.3757818388252901,8.387350540682414,1.7847953313990548,0.7439181937494872,0.0,0.0147543603391248,0.5184520289230754,0.0,281.9949367297018,48.53093654769288,0.0,0.557674809728184,548.0
2.5706167362324908,0.8970419097193021,0.241030181911606,7.930564716666666,1.8572934285967964,0.7663611999302367,0.0,0.0066840352954376,0.6486834923449666,0.0,284.1194186743072,0.0,0.0,0.7162068820187024,518.2
2.78536096562,0.8990299432572272,-0.1377490490847299,7.340206863534675,1.7488420006799863,0.7342982926039813,0.0,0.0311055245195542,1.09386702503676,0.0,253.521224365001,122.45385104756754,0.0,0.8279925159996897,364.0
2.609504174693524,1.8256299565620016,0.1800459406498339,7.0813702150258,2.5099543033102347,0.8145399728474088,0.0,0.1143926395411143,0.8441033709347882,0.0,292.9407325204169,22.12109761461868,0.0,1.6693683027319657,623.4
3.181766335201765,0.9752878198099684,0.1230728972699463,7.81077309090909,1.8434650026735664,0.7613106919494343,0.0,0.0223297457214067,0.7001621799629802,2.565908119768922,278.10260363387204,42.82607385741853,0.0,0.6266251667690013,549.0
2.679473238043742,1.67005745921393,-0.1120538608481806,7.18703768503937,2.784441056308728,0.8510527309018325,0.0,0.0366638147064453,1.0536874819453736,4.650421259659971,312.0702378943022,49.24638147663755,0.0,1.3287229871002166,776.0
2.615874633131515,0.9776792055660204,0.2163162744904556,7.748245505668933,1.7074483979029078,0.722021722344784,4.0,0.0344578443306759,0.7025954895824541,0.0,255.34972548522103,57.66548330077296,-0.0585151696810908,0.5181857493487778,306.0
2.460298803477023,1.022634984088996,-0.02879780072915,7.130629354838709,1.5987340952786049,0.6964191616766469,0.0,-0.0137642786991556,1.243254091568262,0.0,231.3560785879824,11.49902366656781,0.5592436358534847,0.8630283258972343,565.0
2.7252482287412505,1.2652254061309465,0.0660526506022718,7.322200352583586,2.275138540553105,0.7861775291522217,0.0,0.0819253823445061,1.0393651469603369,4.774234939065499,277.8145200152656,56.13025404891622,0.0,1.8814332662711504,394.0
2.662600596520615,1.0353859806849026,-0.0671862927957763,7.486882333333331,1.7349087840478217,0.7332489948674079,0.0,-0.0005087190822353,1.13072599729547,2.176671797685507,255.5135594702221,68.98956342347766,2.529625934415728,0.883348731893922,409.0
