sp_d_x,sp_d_y,sp_d_1,sp_d_2,sp_d_3,sp_d_4,sp_d_5,sp_d_6,sp_d_7,sp_d_8,sp_d_9,sp_d_10,sp_d_11,sp_d_12,sp_d_13,sp_d_14,sp_d_15,sp_d_16,sp_d_17,sp_d_18,sp_d_19,sp_d_20,sp_d_21,sp_d_22,sp_d_23,sp_d_24,sp_d_25,sp_d_26,sp_d_27,sp_d_28,sp_d_29,sp_d_30,sp_h_x,sp_h_y,sp_h_1,sp_h_2,sp_h_3,sp_h_4,sp_h_5,sp_h_6,sp_h_7,sp_h_8,sp_h_9,sp_h_10,sp_h_11,sp_h_12,sp_h_13,sp_h_14,sp_h_15,sp_h_16,sp_h_17,sp_h_18,sp_h_19,sp_h_20,sp_h_21,sp_h_22,sp_h_23,sp_h_24,sp_h_25,sp_h_26,sp_h_27,sp_h_28,sp_h_29,sp_h_30,sp_p_x,sp_p_y,sp_p_1,sp_p_2,sp_p_3,sp_p_4,sp_p_5,sp_p_6,sp_p_7,sp_p_8,sp_p_9,sp_p_10,sp_p_11,sp_p_12,sp_p_13,sp_p_14,sp_p_15,sp_p_16,sp_p_17,sp_p_18,sp_p_19,sp_p_20,sp_p_21,sp_p_22,sp_p_23,sp_p_24,sp_p_25,sp_p_26,sp_p_27,sp_p_28,sp_p_29,sp_p_30,td_x,td_y,td_1,td_2,td_3,td_4,td_5,td_6,td_7,td_8,td_9,td_10,td_11,td_12,td_13,td_14,td_15,td_16,td_17,td_18,td_19,td_20,td_21,td_22,td_23,td_24,td_25,td_26,td_27,td_28,td_29,td_30,fs_x,fs_y,fs_1,fs_2,fs_3,fs_4,fs_5,fs_6,fs_7,fs_8,fs_9,fs_10,fs_11,fs_12,fs_13,fs_14,fs_15,fs_16,fs_17,fs_18,fs_19,fs_20,fs_21,fs_22,fs_23,fs_24,fs_25,fs_26,fs_27,fs_28,fs_29,fs_30,vis_pre_110_x,vis_pre_110_y,vis_pre_110_1,vis_pre_110_2,vis_pre_110_3,vis_pre_110_4,vis_pre_110_5,vis_pre_110_6,vis_pre_110_7,vis_pre_110_8,vis_pre_110_9,vis_pre_110_10,vis_pre_110_11,vis_pre_110_12,vis_pre_110_13,vis_pre_110_14,vis_pre_110_15,vis_pre_110_16,vis_pre_110_17,vis_pre_110_18,vis_pre_110_19,vis_pre_110_20,vis_pre_110_21,vis_pre_110_22,vis_pre_110_23,vis_pre_110_24,vis_pre_110_25,vis_pre_110_26,vis_pre_110_27,vis_pre_110_28,vis_pre_110_29,vis_pre_110_30
20.04917952,0.001937984496124031,0.0,0.0,0.0,0.030303030303030304,0.0,0.0,0.0,0.0,0.0,0.0,0.0,0.0,0.0,0.0,0.0,0.0,0.0,0.0,0.0,0.0,0.0,0.030303030303030304,0.0,0.0,0.0,0.0,0.0,0.0,0.0,0.0,4.908253189,0.01937984496124031,0.030303030303030304,0.0,0.030303030303030304,0.0,0.06060606060606061,0.06060606060606061,0.0,0.030303030303030304,0.0,0.0,0.0,0.0,0.06060606060606061,0.0,0.0,0.030303030303030304,0.0,0.0,0.0,0.0,0.05,0.06060606060606061,0.025,0.06060606060606061,0.0,0.025,0.0,0.06060606060606061,0.0,0.0,3.221033676,0.0009689922480620155,0.0,0.0,0.0,0.0,0.0,0.0,0.0,0.0,0.0,0.0,0.0,0.0,0.0,0.0,0.0,0.030303030303030304,0.0,0.0,0.0,0.0,0.0,0.0,0.0,0.0,0.0,0.0,0.0,0.0,0.0,0.0,585.2378613,0.05426356589147287,0.24242424242424243,0.0,0.0,0.0,0.0,0.0,0.0,0.0,0.075,0.06060606060606061,0.0,0.0,0.24242424242424243,0.2727272727272727,0.0,0.0,0.0,0.06060606060606061,0.0,0.0,0.0,0.24242424242424243,0.0,0.0,0.2727272727272727,0.0,0.06060606060606061,0.0,0.06060606060606061,0.09090909090909091,23.6137688,0.011627906976744186,0.0,0.030303030303030304,0.0,0.0,0.0,0.0,0.05,0.0,0.0,0.030303030303030304,0.030303030303030304,0.05,0.0,0.030303030303030304,0.0,0.0,0.0,0.0,0.0,0.030303030303030304,0.0,0.0,0.0,0.030303030303030304,0.0,0.0,0.0,0.0,0.030303030303030304,0.030303030303030304,692.9890245,0.001937984496124031,0.0,0.0,0.0,0.0,0.0,0.0,0.0,0.0,0.0,0.0,0.0,0.025,0.0,0.0,0.0,0.0,0.0,0.0,0.030303030303030304,0.0,0.0,0.0,0.0,0.0,0.0,0.0,0.0,0.0,0.0,0.0
20.157737376451614,0.011627906976744186,0.030303030303030304,0.0,0.030303030303030304,0.06060606060606061,0.0,0.0,0.0,0.0,0.0,0.0,0.0,0.0,0.06060606060606061,0.030303030303030304,0.0,0.0,0.0,0.0,0.0,0.0,0.0,0.09090909090909091,0.0,0.0,0.06060606060606061,0.0,0.0,0.0,0.0,0.0,5.187212875806451,0.022286821705426355,0.030303030303030304,0.0,0.030303030303030304,0.0,0.06060606060606061,0.06060606060606061,0.0,0.030303030303030304,0.0,0.0,0.0,0.0,0.06060606060606061,0.0,0.0,0.030303030303030304,0.0,0.0,0.0,0.0,0.1,0.06060606060606061,0.025,0.09090909090909091,0.0,0.025,0.0,0.06060606060606061,0.0,0.0,3.590983717096774,0.001937984496124031,0.0,0.0,0.0,0.0,0.0,0.0,0.0,0.0,0.0,0.0,0.0,0.0,0.0,0.0,0.0,0.030303030303030304,0.0,0.030303030303030304,0.0,0.0,0.0,0.0,0.0,0.0,0.0,0.0,0.0,0.0,0.0,0.0,586.4666789096774,0.05426356589147287,0.24242424242424243,0.0,0.0,0.0,0.0,0.0,0.0,0.0,0.075,0.06060606060606061,0.0,0.0,0.24242424242424243,0.2727272727272727,0.0,0.0,0.0,0.06060606060606061,0.0,0.0,0.0,0.24242424242424243,0.0,0.0,0.2727272727272727,0.0,0.06060606060606061,0.0,0.06060606060606061,0.09090909090909091,24.047766624193546,0.016472868217054265,0.0,0.030303030303030304,0.06060606060606061,0.0,0.030303030303030304,0.030303030303030304,0.05,0.0,0.0,0.030303030303030304,0.030303030303030304,0.05,0.0,0.030303030303030304,0.0,0.0,0.030303030303030304,0.0,0.0,0.030303030303030304,0.0,0.0,0.0,0.030303030303030304,0.0,0.0,0.0,0.0,0.030303030303030304,0.030303030303030304,715.2906668709677,0.005813953488372093,0.0,0.030303030303030304,0.0,0.0,0.0,0.0,0.0,0.0,0.0,0.0,0.06060606060606061,0.025,0.0,0.0,0.0,0.0,0.0,0.0,0.030303030303030304,0.030303030303030304,0.0,0.0,0.0,0.0,0.0,0.0,0.0,0.0,0.0,0.0
20.26629523290323,0.015503875968992248,0.06060606060606061,0.0,0.030303030303030304,0.09090909090909091,0.0,0.0,0.0,0.0,0.0,0.0,0.0,0.0,0.06060606060606061,0.030303030303030304,0.0,0.0,0.0,0.0,0.0,0.0,0.0,0.12121212121212122,0.0,0.0,0.09090909090909091,0.0,0.0,0.0,0.0,0.0,5.466172562612902,0.023255813953488372,0.030303030303030304,0.0,0.030303030303030304,0.0,0.06060606060606061,0.06060606060606061,0.0,0.030303030303030304,0.0,0.0,0.0,0.0,0.06060606060606061,0.0,0.0,0.030303030303030304,0.0,0.0,0.0,0.0,0.1,0.06060606060606061,0.025,0.09090909090909091,0.0,0.025,0.0,0.09090909090909091,0.0,0.0,3.9609337581935486,0.001937984496124031,0.0,0.0,0.0,0.0,0.0,0.0,0.0,0.0,0.0,0.0,0.0,0.0,0.0,0.0,0.0,0.030303030303030304,0.0,0.030303030303030304,0.0,0.0,0.0,0.0,0.0,0.0,0.0,0.0,0.0,0.0,0.0,0.0,587.6954965193548,0.05426356589147287,0.24242424242424243,0.0,0.0,0.0,0.0,0.0,0.0,0.0,0.075,0.06060606060606061,0.0,0.0,0.24242424242424243,0.2727272727272727,0.0,0.0,0.0,0.06060606060606061,0.0,0.0,0.0,0.24242424242424243,0.0,0.0,0.2727272727272727,0.0,0.06060606060606061,0.0,0.06060606060606061,0.09090909090909091,24.481764448387096,0.017441860465116282,0.0,0.030303030303030304,0.06060606060606061,0.0,0.030303030303030304,0.06060606060606061,0.05,0.0,0.0,0.030303030303030304,0.030303030303030304,0.05,0.0,0.030303030303030304,0.0,0.0,0.030303030303030304,0.0,0.0,0.030303030303030304,0.0,0.0,0.0,0.030303030303030304,0.0,0.0,0.0,0.0,0.030303030303030304,0.030303030303030304,737.5923092419354,0.00872093023255814,0.0,0.030303030303030304,0.0,0.030303030303030304,0.0,0.0,0.0,0.0,0.0,0.0,0.06060606060606061,0.025,0.0,0.0,0.0,0.0,0.0,0.0,0.06060606060606061,0.06060606060606061,0.0,0.0,0.0,0.0,0.0,0.0,0.0,0.0,0.0,0.0
20.374853089354843,0.02422480620155039,0.09090909090909091,0.0,0.06060606060606061,0.09090909090909091,0.0,0.0,0.025,0.0,0.025,0.030303030303030304,0.0,0.0,0.06060606060606061,0.030303030303030304,0.0,0.0,0.0,0.0,0.0,0.0,0.0,0.12121212121212122,0.0,0.0,0.09090909090909091,0.0,0.06060606060606061,0.0,0.030303030303030304,0.030303030303030304,5.745132249419354,0.03294573643410853,0.030303030303030304,0.0,0.06060606060606061,0.0,0.09090909090909091,0.09090909090909091,0.0,0.030303030303030304,0.0,0.0,0.0,0.0,0.06060606060606061,0.0,0.06060606060606061,0.030303030303030304,0.06060606060606061,0.030303030303030304,0.0,0.0,0.1,0.06060606060606061,0.07500000000000001,0.09090909090909091,0.0,0.025,0.0,0.09090909090909091,0.0,0.0,4.330883799290323,0.0029069767441860465,0.0,0.0,0.0,0.0,0.0,0.0,0.0,0.0,0.0,0.0,0.0,0.0,0.0,0.0,0.0,0.030303030303030304,0.0,0.06060606060606061,0.0,0.0,0.0,0.0,0.0,0.0,0.0,0.0,0.0,0.0,0.0,0.0,588.9243141290323,0.09302325581395349,0.30303030303030304,0.09090909090909091,0.030303030303030304,0.0,0.030303030303030304,0.030303030303030304,0.0,0.030303030303030304,0.075,0.09090909090909091,0.06060606060606061,0.05,0.24242424242424243,0.303030303030303,0.06060606060606061,0.0,0.06060606060606061,0.06060606060606061,0.09090909090909091,0.09090909090909091,0.075,0.30303030303030304,0.075,0.06060606060606061,0.303030303030303,0.05,0.06060606060606061,0.06060606060606061,0.06060606060606061,0.09090909090909091,24.915762272580643,0.025193798449612406,0.0,0.030303030303030304,0.12121212121212122,0.0,0.09090909090909091,0.06060606060606061,0.05,0.06060606060606061,0.0,0.030303030303030304,0.030303030303030304,0.05,0.0,0.030303030303030304,0.0,0.0,0.030303030303030304,0.0,0.0,0.030303030303030304,0.0,0.0,0.0,0.030303030303030304,0.030303030303030304,0.0,0.030303030303030304,0.0,0.030303030303030304,0.030303030303030304,759.8939516129032,0.023255813953488372,0.0,0.06060606060606061,0.0,0.06060606060606061,0.0,0.0,0.05,0.030303030303030304,0.05,0.030303030303030304,0.06060606060606061,0.05,0.0,0.06060606060606061,0.0,0.0,0.0,0.0,0.06060606060606061,0.09090909090909091,0.0,0.0,0.0,0.0,0.030303030303030304,0.0,0.0,0.0,0.06060606060606061,0.0
20.483410945806458,0.02616279069767442,0.09090909090909091,0.0,0.06060606060606061,0.09090909090909091,0.0,0.0,0.025,0.0,0.025,0.030303030303030304,0.030303030303030304,0.0,0.06060606060606061,0.030303030303030304,0.0,0.0,0.030303030303030304,0.0,0.0,0.0,0.0,0.12121212121212122,0.0,0.0,0.09090909090909091,0.0,0.06060606060606061,0.0,0.030303030303030304,0.030303030303030304,6.024091936225806,0.035852713178294575,0.030303030303030304,0.0,0.06060606060606061,0.0,0.09090909090909091,0.09090909090909091,0.0,0.06060606060606061,0.0,0.0,0.0,0.0,0.06060606060606061,0.0,0.06060606060606061,0.030303030303030304,0.06060606060606061,0.030303030303030304,0.0,0.0,0.1,0.06060606060606061,0.07500000000000001,0.09090909090909091,0.0,0.07500000000000001,0.0,0.09090909090909091,0.0,0.0,4.700833840387097,0.005813953488372093,0.0,0.0,0.0,0.0,0.0,0.0,0.0,0.0,0.0,0.0,0.0,0.0,0.0,0.0,0.06060606060606061,0.06060606060606061,0.0,0.06060606060606061,0.0,0.0,0.0,0.0,0.0,0.0,0.0,0.0,0.0,0.0,0.0,0.0,590.1531317387097,0.09302325581395349,0.30303030303030304,0.09090909090909091,0.030303030303030304,0.0,0.030303030303030304,0.030303030303030304,0.0,0.030303030303030304,0.075,0.09090909090909091,0.06060606060606061,0.05,0.24242424242424243,0.303030303030303,0.06060606060606061,0.0,0.06060606060606061,0.06060606060606061,0.09090909090909091,0.09090909090909091,0.075,0.30303030303030304,0.075,0.06060606060606061,0.303030303030303,0.05,0.06060606060606061,0.06060606060606061,0.06060606060606061,0.09090909090909091,25.34976009677419,0.0310077519379845,0.0,0.030303030303030304,0.12121212121212122,0.0,0.09090909090909091,0.12121212121212122,0.1,0.06060606060606061,0.0,0.030303030303030304,0.030303030303030304,0.05,0.0,0.030303030303030304,0.0,0.0,0.030303030303030304,0.0,0.0,0.030303030303030304,0.025,0.0,0.0,0.030303030303030304,0.030303030303030304,0.0,0.06060606060606061,0.0,0.030303030303030304,0.030303030303030304,782.1955939838708,0.04844961240310078,0.0,0.18181818181818182,0.06060606060606061,0.12121212121212122,0.0,0.0,0.07500000000000001,0.09090909090909091,0.07500000000000001,0.06060606060606061,0.15151515151515152,0.05,0.0,0.09090909090909091,0.0,0.0,0.0,0.0,0.09090909090909091,0.18181818181818182,0.0,0.0,0.0,0.0,0.030303030303030304,0.025,0.06060606060606061,0.0,0.06060606060606061,0.06060606060606061
20.591968802258073,0.03875968992248062,0.09090909090909091,0.0,0.06060606060606061,0.09090909090909091,0.0,0.0,0.07500000000000001,0.0,0.07500000000000001,0.06060606060606061,0.030303030303030304,0.05,0.06060606060606061,0.030303030303030304,0.0,0.0,0.030303030303030304,0.0,0.0,0.0,0.0,0.15151515151515152,0.0,0.0,0.09090909090909091,0.0,0.12121212121212122,0.0,0.06060606060606061,0.09090909090909091,6.303051623032257,0.0436046511627907,0.030303030303030304,0.12121212121212122,0.06060606060606061,0.0,0.09090909090909091,0.09090909090909091,0.0,0.06060606060606061,0.0,0.0,0.0,0.0,0.06060606060606061,0.0,0.06060606060606061,0.030303030303030304,0.06060606060606061,0.15151515151515152,0.0,0.0,0.1,0.06060606060606061,0.07500000000000001,0.09090909090909091,0.0,0.07500000000000001,0.0,0.09090909090909091,0.0,0.0,5.070783881483871,0.011627906976744186,0.0,0.0,0.0,0.0,0.0,0.0,0.0,0.0,0.0,0.0,0.0,0.0,0.0,0.0,0.18181818181818182,0.06060606060606061,0.0,0.12121212121212122,0.0,0.0,0.0,0.0,0.0,0.0,0.0,0.0,0.0,0.0,0.0,0.0,591.3819493483871,0.09302325581395349,0.30303030303030304,0.09090909090909091,0.030303030303030304,0.0,0.030303030303030304,0.030303030303030304,0.0,0.030303030303030304,0.075,0.09090909090909091,0.06060606060606061,0.05,0.24242424242424243,0.303030303030303,0.06060606060606061,0.0,0.06060606060606061,0.06060606060606061,0.09090909090909091,0.09090909090909091,0.075,0.30303030303030304,0.075,0.06060606060606061,0.303030303030303,0.05,0.06060606060606061,0.06060606060606061,0.06060606060606061,0.09090909090909091,25.78375792096774,0.044573643410852716,0.0,0.030303030303030304,0.18181818181818182,0.030303030303030304,0.15151515151515152,0.18181818181818182,0.1,0.09090909090909091,0.025,0.030303030303030304,0.030303030303030304,0.07500000000000001,0.0,0.030303030303030304,0.0,0.0,0.030303030303030304,0.0,0.030303030303030304,0.030303030303030304,0.025,0.0,0.025,0.030303030303030304,0.06060606060606061,0.0,0.06060606060606061,0.0,0.030303030303030304,0.06060606060606061,804.4972363548385,0.06201550387596899,0.030303030303030304,0.18181818181818182,0.15151515151515152,0.15151515151515152,0.0,0.0,0.07500000000000001,0.12121212121212122,0.07500000000000001,0.12121212121212122,0.18181818181818182,0.05,0.0,0.12121212121212122,0.0,0.0,0.0,0.030303030303030304,0.12121212121212122,0.21212121212121213,0.0,0.0,0.0,0.0,0.030303030303030304,0.025,0.09090909090909091,0.0,0.06060606060606061,0.06060606060606061
20.700526658709684,0.05329457364341085,0.12121212121212122,0.0,0.06060606060606061,0.12121212121212122,0.0,0.0,0.07500000000000001,0.0,0.07500000000000001,0.06060606060606061,0.030303030303030304,0.05,0.12121212121212122,0.030303030303030304,0.0,0.0,0.030303030303030304,0.0,0.0,0.0,0.025,0.18181818181818182,0.025,0.0,0.15151515151515152,0.0,0.15151515151515152,0.0,0.15151515151515152,0.15151515151515152,6.582011309838709,0.14534883720930233,0.15151515151515152,0.12121212121212122,0.06060606060606061,0.0,0.21212121212121213,0.21212121212121213,0.125,0.21212121212121213,0.15,0.15151515151515152,0.12121212121212122,0.0,0.21212121212121213,0.18181818181818182,0.18181818181818182,0.06060606060606061,0.18181818181818182,0.15151515151515152,0.12121212121212122,0.12121212121212122,0.225,0.09090909090909091,0.2,0.24242424242424243,0.12121212121212122,0.225,0.15151515151515152,0.09090909090909091,0.15151515151515152,0.12121212121212122,5.440733922580646,0.01744186046511628,0.0,0.0,0.0,0.0,0.0,0.0,0.0,0.0,0.0,0.0,0.0,0.0,0.0,0.0,0.18181818181818182,0.06060606060606061,0.15151515151515152,0.15151515151515152,0.0,0.0,0.0,0.0,0.0,0.0,0.0,0.0,0.0,0.0,0.0,0.0,592.6107669580646,0.09302325581395349,0.30303030303030304,0.09090909090909091,0.030303030303030304,0.0,0.030303030303030304,0.030303030303030304,0.0,0.030303030303030304,0.075,0.09090909090909091,0.06060606060606061,0.05,0.24242424242424243,0.303030303030303,0.06060606060606061,0.0,0.06060606060606061,0.06060606060606061,0.09090909090909091,0.09090909090909091,0.075,0.30303030303030304,0.075,0.06060606060606061,0.303030303030303,0.05,0.06060606060606061,0.06060606060606061,0.06060606060606061,0.09090909090909091,26.217755745161288,0.09883720930232559,0.030303030303030304,0.06060606060606061,0.30303030303030304,0.030303030303030304,0.15151515151515152,0.33333333333333337,0.1,0.12121212121212122,0.19999999999999998,0.09090909090909091,0.030303030303030304,0.275,0.12121212121212122,0.06060606060606061,0.0,0.0,0.030303030303030304,0.0,0.18181818181818182,0.06060606060606061,0.05,0.0,0.025,0.09090909090909091,0.09090909090909091,0.1,0.09090909090909091,0.09090909090909091,0.030303030303030304,0.18181818181818182,826.7988787258062,0.07655038759689922,0.030303030303030304,0.21212121212121213,0.15151515151515152,0.15151515151515152,0.0,0.0,0.125,0.15151515151515152,0.07500000000000001,0.15151515151515152,0.24242424242424243,0.1,0.0,0.12121212121212122,0.0,0.0,0.030303030303030304,0.030303030303030304,0.18181818181818182,0.21212121212121213,0.0,0.0,0.0,0.0,0.030303030303030304,0.025,0.15151515151515152,0.0,0.09090909090909091,0.06060606060606061
20.8090845151613,0.0998062015503876,0.24242424242424243,0.0,0.12121212121212122,0.18181818181818182,0.09090909090909091,0.09090909090909091,0.125,0.06060606060606061,0.125,0.12121212121212122,0.09090909090909091,0.1,0.24242424242424243,0.030303030303030304,0.0,0.0,0.030303030303030304,0.0,0.0,0.0,0.1,0.30303030303030304,0.025,0.06060606060606061,0.2727272727272727,0.05,0.15151515151515152,0.06060606060606061,0.15151515151515152,0.18181818181818182,6.86097099664516,0.21220930232558138,0.18181818181818182,0.24242424242424243,0.18181818181818182,0.030303030303030304,0.30303030303030304,0.30303030303030304,0.15,0.21212121212121213,0.15,0.15151515151515152,0.15151515151515152,0.15,0.30303030303030304,0.45454545454545453,0.2727272727272727,0.09090909090909091,0.21212121212121213,0.2727272727272727,0.12121212121212122,0.15151515151515152,0.35,0.30303030303030304,0.225,0.30303030303030304,0.15151515151515152,0.225,0.15151515151515152,0.30303030303030304,0.15151515151515152,0.12121212121212122,5.81068396367742,0.025193798449612403,0.0,0.0,0.0,0.0,0.0,0.0,0.0,0.0,0.0,0.0,0.0,0.0,0.0,0.0,0.18181818181818182,0.18181818181818182,0.15151515151515152,0.2727272727272727,0.0,0.0,0.0,0.0,0.0,0.0,0.0,0.0,0.0,0.0,0.0,0.0,593.839584567742,0.09302325581395349,0.30303030303030304,0.09090909090909091,0.030303030303030304,0.0,0.030303030303030304,0.030303030303030304,0.0,0.030303030303030304,0.075,0.09090909090909091,0.06060606060606061,0.05,0.24242424242424243,0.303030303030303,0.06060606060606061,0.0,0.06060606060606061,0.06060606060606061,0.09090909090909091,0.09090909090909091,0.075,0.30303030303030304,0.075,0.06060606060606061,0.303030303030303,0.05,0.06060606060606061,0.06060606060606061,0.06060606060606061,0.09090909090909091,26.651753569354835,0.15503875968992248,0.15151515151515152,0.09090909090909091,0.42424242424242425,0.030303030303030304,0.2727272727272727,0.4242424242424243,0.175,0.18181818181818182,0.3,0.12121212121212122,0.12121212121212122,0.30000000000000004,0.21212121212121213,0.06060606060606061,0.0,0.0,0.030303030303030304,0.0,0.33333333333333337,0.06060606060606061,0.05,0.0,0.1,0.18181818181818182,0.15151515151515152,0.125,0.18181818181818182,0.24242424242424243,0.06060606060606061,0.24242424242424243,849.100521096774,0.08527131782945736,0.030303030303030304,0.21212121212121213,0.18181818181818182,0.15151515151515152,0.0,0.0,0.125,0.15151515151515152,0.07500000000000001,0.15151515151515152,0.24242424242424243,0.125,0.030303030303030304,0.12121212121212122,0.0,0.0,0.030303030303030304,0.030303030303030304,0.24242424242424243,0.24242424242424243,0.0,0.0,0.025,0.0,0.030303030303030304,0.025,0.15151515151515152,0.0,0.09090909090909091,0.12121212121212122
20.917642371612914,0.1298449612403101,0.2727272727272727,0.0,0.21212121212121213,0.30303030303030304,0.18181818181818182,0.12121212121212122,0.2,0.18181818181818182,0.125,0.18181818181818182,0.15151515151515152,0.1,0.2727272727272727,0.06060606060606061,0.0,0.0,0.030303030303030304,0.0,0.0,0.0,0.15000000000000002,0.33333333333333337,0.05,0.09090909090909091,0.303030303030303,0.05,0.15151515151515152,0.06060606060606061,0.15151515151515152,0.18181818181818182,7.139930683451611,0.27228682170542634,0.21212121212121213,0.33333333333333337,0.21212121212121213,0.030303030303030304,0.36363636363636365,0.36363636363636365,0.275,0.2727272727272727,0.22499999999999998,0.21212121212121213,0.24242424242424243,0.2,0.33333333333333337,0.48484848484848486,0.303030303030303,0.09090909090909091,0.24242424242424243,0.36363636363636365,0.24242424242424243,0.2727272727272727,0.375,0.33333333333333337,0.3,0.33333333333333337,0.30303030303030304,0.3,0.18181818181818182,0.33333333333333337,0.18181818181818182,0.24242424242424243,6.180634004774195,0.06492248062015504,0.12121212121212122,0.09090909090909091,0.0,0.12121212121212122,0.0,0.0,0.1,0.0,0.0,0.0,0.0,0.0,0.0,0.0,0.2727272727272727,0.21212121212121213,0.15151515151515152,0.303030303030303,0.09090909090909091,0.09090909090909091,0.025,0.15151515151515152,0.0,0.0,0.09090909090909091,0.0,0.09090909090909091,0.0,0.09090909090909091,0.0,595.0684021774196,0.0939922480620155,0.30303030303030304,0.09090909090909091,0.030303030303030304,0.030303030303030304,0.030303030303030304,0.030303030303030304,0.0,0.030303030303030304,0.075,0.09090909090909091,0.06060606060606061,0.05,0.24242424242424243,0.303030303030303,0.06060606060606061,0.0,0.06060606060606061,0.06060606060606061,0.09090909090909091,0.09090909090909091,0.075,0.30303030303030304,0.075,0.06060606060606061,0.303030303030303,0.05,0.06060606060606061,0.06060606060606061,0.06060606060606061,0.09090909090909091,27.085751393548385,0.1937984496124031,0.15151515151515152,0.15151515151515152,0.5151515151515151,0.030303030303030304,0.3939393939393939,0.5757575757575758,0.175,0.21212121212121213,0.3,0.18181818181818182,0.15151515151515152,0.32500000000000007,0.2727272727272727,0.09090909090909091,0.0,0.030303030303030304,0.030303030303030304,0.030303030303030304,0.4242424242424243,0.09090909090909091,0.175,0.0,0.175,0.21212121212121213,0.15151515151515152,0.125,0.18181818181818182,0.33333333333333337,0.06060606060606061,0.24242424242424243,871.4021634677416,0.10562015503875968,0.06060606060606061,0.24242424242424243,0.18181818181818182,0.15151515151515152,0.0,0.0,0.175,0.24242424242424243,0.07500000000000001,0.18181818181818182,0.24242424242424243,0.125,0.06060606060606061,0.12121212121212122,0.030303030303030304,0.0,0.06060606060606061,0.030303030303030304,0.24242424242424243,0.2727272727272727,0.0,0.0,0.025,0.030303030303030304,0.030303030303030304,0.125,0.24242424242424243,0.0,0.12121212121212122,0.12121212121212122
21.02620022806453,0.1492248062015504,0.2727272727272727,0.0,0.21212121212121213,0.30303030303030304,0.24242424242424243,0.15151515151515152,0.2,0.21212121212121213,0.125,0.18181818181818182,0.18181818181818182,0.125,0.2727272727272727,0.06060606060606061,0.0,0.0,0.06060606060606061,0.0,0.0,0.0,0.2,0.33333333333333337,0.125,0.12121212121212122,0.303030303030303,0.125,0.18181818181818182,0.12121212121212122,0.15151515151515152,0.21212121212121213,7.418890370258063,0.4215116279069767,0.42424242424242425,0.48484848484848486,0.36363636363636365,0.303030303030303,0.48484848484848486,0.48484848484848486,0.375,0.45454545454545453,0.425,0.42424242424242425,0.42424242424242425,0.325,0.33333333333333337,0.696969696969697,0.3939393939393939,0.12121212121212122,0.36363636363636365,0.48484848484848486,0.2727272727272727,0.48484848484848486,0.425,0.48484848484848486,0.475,0.4545454545454546,0.5151515151515151,0.475,0.42424242424242425,0.36363636363636365,0.42424242424242425,0.48484848484848486,6.550584045870968,0.12015503875968993,0.12121212121212122,0.12121212121212122,0.09090909090909091,0.18181818181818182,0.030303030303030304,0.030303030303030304,0.125,0.09090909090909091,0.125,0.12121212121212122,0.12121212121212122,0.15,0.0,0.21212121212121213,0.2727272727272727,0.24242424242424243,0.18181818181818182,0.303030303030303,0.12121212121212122,0.12121212121212122,0.025,0.15151515151515152,0.0,0.0,0.12121212121212122,0.1,0.18181818181818182,0.0,0.18181818181818182,0.12121212121212122,596.297219787097,0.0939922480620155,0.30303030303030304,0.09090909090909091,0.030303030303030304,0.030303030303030304,0.030303030303030304,0.030303030303030304,0.0,0.030303030303030304,0.075,0.09090909090909091,0.06060606060606061,0.05,0.24242424242424243,0.303030303030303,0.06060606060606061,0.0,0.06060606060606061,0.06060606060606061,0.09090909090909091,0.09090909090909091,0.075,0.30303030303030304,0.075,0.06060606060606061,0.303030303030303,0.05,0.06060606060606061,0.06060606060606061,0.06060606060606061,0.09090909090909091,27.519749217741932,0.2974806201550388,0.2727272727272727,0.21212121212121213,0.5757575757575757,0.030303030303030304,0.4242424242424242,0.6666666666666667,0.3,0.2727272727272727,0.55,0.24242424242424243,0.18181818181818182,0.4000000000000001,0.5454545454545454,0.18181818181818182,0.030303030303030304,0.12121212121212122,0.12121212121212122,0.18181818181818182,0.6060606060606062,0.15151515151515152,0.275,0.030303030303030304,0.3,0.2727272727272727,0.2727272727272727,0.375,0.24242424242424243,0.5454545454545455,0.18181818181818182,0.2727272727272727,893.7038058387093,0.14147286821705427,0.06060606060606061,0.30303030303030304,0.21212121212121213,0.2727272727272727,0.0,0.0,0.19999999999999998,0.24242424242424243,0.125,0.18181818181818182,0.24242424242424243,0.15,0.09090909090909091,0.18181818181818182,0.12121212121212122,0.030303030303030304,0.09090909090909091,0.21212121212121213,0.24242424242424243,0.3333333333333333,0.0,0.030303030303030304,0.05,0.030303030303030304,0.09090909090909091,0.175,0.30303030303030304,0.0,0.18181818181818182,0.12121212121212122
21.134758084516143,0.2296511627906977,0.5151515151515151,0.0,0.24242424242424243,0.3939393939393939,0.42424242424242425,0.4242424242424242,0.225,0.21212121212121213,0.2,0.21212121212121213,0.2727272727272727,0.2,0.2727272727272727,0.09090909090909091,0.0,0.0,0.06060606060606061,0.0,0.0,0.0,0.55,0.5454545454545455,0.2,0.24242424242424243,0.5151515151515151,0.2,0.18181818181818182,0.24242424242424243,0.18181818181818182,0.24242424242424243,7.697850057064514,0.7868217054263565,0.7878787878787878,0.8484848484848485,0.7878787878787878,0.4848484848484848,0.7878787878787878,0.7878787878787878,0.825,0.8181818181818181,0.85,0.8484848484848485,0.8484848484848485,0.825,0.7878787878787878,0.8181818181818182,0.8181818181818181,0.5757575757575757,0.7878787878787878,0.8484848484848485,0.5454545454545454,0.8181818181818181,0.8,0.7575757575757576,0.8,0.7878787878787878,0.8181818181818181,0.825,0.8484848484848485,0.7575757575757576,0.8484848484848485,0.8181818181818181,6.920534086967743,0.17829457364341086,0.18181818181818182,0.15151515151515152,0.21212121212121213,0.18181818181818182,0.15151515151515152,0.15151515151515152,0.125,0.15151515151515152,0.15,0.15151515151515152,0.15151515151515152,0.175,0.0,0.24242424242424243,0.3333333333333333,0.42424242424242425,0.2727272727272727,0.5151515151515151,0.15151515151515152,0.15151515151515152,0.025,0.21212121212121213,0.025,0.15151515151515152,0.18181818181818182,0.15000000000000002,0.18181818181818182,0.15151515151515152,0.18181818181818182,0.15151515151515152,597.5260373967744,0.12112403100775193,0.33333333333333337,0.12121212121212122,0.06060606060606061,0.06060606060606061,0.06060606060606061,0.06060606060606061,0.025,0.06060606060606061,0.1,0.12121212121212122,0.09090909090909091,0.07500000000000001,0.2727272727272727,0.33333333333333326,0.06060606060606061,0.030303030303030304,0.06060606060606061,0.09090909090909091,0.12121212121212122,0.12121212121212122,0.1,0.33333333333333337,0.1,0.09090909090909091,0.33333333333333326,0.07500000000000001,0.09090909090909091,0.09090909090909091,0.09090909090909091,0.12121212121212122,27.95374704193548,0.39437984496124034,0.303030303030303,0.2727272727272727,0.6363636363636362,0.06060606060606061,0.4848484848484848,0.7272727272727273,0.44999999999999996,0.45454545454545453,0.55,0.42424242424242425,0.24242424242424243,0.5000000000000001,0.5454545454545454,0.24242424242424243,0.09090909090909091,0.21212121212121213,0.42424242424242425,0.24242424242424243,0.6060606060606062,0.18181818181818182,0.525,0.18181818181818182,0.475,0.4242424242424242,0.303030303030303,0.525,0.36363636363636365,0.5757575757575758,0.2727272727272727,0.3939393939393939,916.005448209677,0.17248062015503876,0.12121212121212122,0.36363636363636365,0.33333333333333337,0.303030303030303,0.0,0.06060606060606061,0.22499999999999998,0.24242424242424243,0.125,0.2727272727272727,0.2727272727272727,0.175,0.12121212121212122,0.24242424242424243,0.12121212121212122,0.030303030303030304,0.15151515151515152,0.21212121212121213,0.24242424242424243,0.3939393939393939,0.0,0.06060606060606061,0.05,0.06060606060606061,0.15151515151515152,0.19999999999999998,0.33333333333333337,0.0,0.21212121212121213,0.15151515151515152
21.243315940967758,0.2606589147286822,0.5151515151515151,0.06060606060606061,0.2727272727272727,0.48484848484848486,0.48484848484848486,0.4848484848484848,0.225,0.2727272727272727,0.225,0.2727272727272727,0.36363636363636365,0.30000000000000004,0.2727272727272727,0.15151515151515152,0.0,0.0,0.09090909090909091,0.0,0.030303030303030304,0.030303030303030304,0.5750000000000001,0.5454545454545455,0.225,0.24242424242424243,0.5151515151515151,0.275,0.18181818181818182,0.24242424242424243,0.18181818181818182,0.24242424242424243,7.976809743870966,0.8527131782945736,0.8484848484848484,0.8787878787878788,0.8484848484848484,0.6363636363636364,0.8484848484848484,0.8484848484848484,0.875,0.8484848484848484,0.875,0.8787878787878788,0.8787878787878788,0.875,0.8484848484848484,0.8787878787878789,0.8787878787878787,0.7575757575757576,0.8484848484848484,0.8787878787878788,0.8484848484848484,0.8787878787878787,0.8500000000000001,0.8484848484848485,0.8500000000000001,0.8484848484848484,0.8787878787878787,0.85,0.8787878787878788,0.8484848484848485,0.8787878787878788,0.8787878787878787,7.2904841280645165,0.23837209302325582,0.21212121212121213,0.18181818181818182,0.33333333333333337,0.2727272727272727,0.15151515151515152,0.15151515151515152,0.2,0.30303030303030304,0.15,0.15151515151515152,0.24242424242424243,0.275,0.09090909090909091,0.3939393939393939,0.45454545454545453,0.6363636363636364,0.303030303030303,0.6060606060606061,0.18181818181818182,0.18181818181818182,0.025,0.21212121212121213,0.025,0.21212121212121213,0.21212121212121213,0.30000000000000004,0.18181818181818182,0.21212121212121213,0.18181818181818182,0.21212121212121213,598.7548550064519,0.5232558139534884,0.9696969696969697,0.33333333333333337,0.24242424242424243,0.06060606060606061,0.24242424242424243,0.24242424242424243,0.25,0.5757575757575757,0.875,0.9696969696969697,0.30303030303030304,0.275,0.8787878787878788,0.9696969696969696,0.45454545454545453,0.33333333333333337,0.45454545454545453,0.9696969696969697,0.30303030303030304,0.33333333333333337,0.30000000000000004,0.6363636363636365,0.30000000000000004,0.2727272727272727,0.9696969696969696,0.30000000000000004,0.9696969696969697,0.2727272727272727,0.8484848484848485,0.9696969696969697,28.387744866129026,0.4593023255813954,0.3939393939393939,0.2727272727272727,0.7878787878787877,0.09090909090909091,0.6363636363636364,0.7575757575757576,0.49999999999999994,0.5757575757575757,0.5750000000000001,0.5454545454545454,0.24242424242424243,0.5250000000000001,0.6363636363636364,0.24242424242424243,0.21212121212121213,0.21212121212121213,0.5454545454545454,0.3939393939393939,0.6060606060606062,0.18181818181818182,0.5750000000000001,0.24242424242424243,0.525,0.4242424242424242,0.33333333333333326,0.6,0.48484848484848486,0.696969696969697,0.3333333333333333,0.5151515151515151,938.3070905806446,0.2238372093023256,0.21212121212121213,0.36363636363636365,0.393939393939394,0.33333333333333326,0.12121212121212122,0.06060606060606061,0.22499999999999998,0.30303030303030304,0.125,0.3333333333333333,0.303030303030303,0.22499999999999998,0.18181818181818182,0.2727272727272727,0.24242424242424243,0.030303030303030304,0.15151515151515152,0.24242424242424243,0.36363636363636365,0.4242424242424242,0.05,0.12121212121212122,0.1,0.21212121212121213,0.18181818181818182,0.25,0.33333333333333337,0.06060606060606061,0.33333333333333337,0.24242424242424243
21.351873797419373,0.27422480620155043,0.5151515151515151,0.09090909090909091,0.2727272727272727,0.48484848484848486,0.48484848484848486,0.4848484848484848,0.275,0.2727272727272727,0.275,0.2727272727272727,0.36363636363636365,0.30000000000000004,0.2727272727272727,0.15151515151515152,0.0,0.030303030303030304,0.15151515151515152,0.030303030303030304,0.030303030303030304,0.06060606060606061,0.5750000000000001,0.5757575757575758,0.225,0.2727272727272727,0.5151515151515151,0.275,0.18181818181818182,0.2727272727272727,0.18181818181818182,0.2727272727272727,8.255769430677418,0.8653100775193798,0.8484848484848484,0.8787878787878788,0.8787878787878787,0.7575757575757576,0.8787878787878787,0.8787878787878787,0.875,0.8787878787878787,0.875,0.8787878787878788,0.8787878787878788,0.875,0.8484848484848484,0.8787878787878789,0.8787878787878787,0.7878787878787878,0.8787878787878787,0.8787878787878788,0.8787878787878787,0.8787878787878787,0.8500000000000001,0.8484848484848485,0.8750000000000001,0.8484848484848484,0.8787878787878787,0.875,0.8787878787878788,0.8484848484848485,0.8787878787878788,0.8787878787878787,7.660434169161292,0.29554263565891475,0.33333333333333337,0.2727272727272727,0.33333333333333337,0.2727272727272727,0.24242424242424243,0.24242424242424243,0.2,0.30303030303030304,0.2,0.18181818181818182,0.24242424242424243,0.275,0.30303030303030304,0.45454545454545453,0.45454545454545453,0.6666666666666666,0.3636363636363636,0.6363636363636364,0.2727272727272727,0.2727272727272727,0.125,0.30303030303030304,0.025,0.30303030303030304,0.30303030303030304,0.30000000000000004,0.30303030303030304,0.30303030303030304,0.30303030303030304,0.21212121212121213,599.9836726161293,0.5281007751937985,0.9696969696969697,0.33333333333333337,0.24242424242424243,0.06060606060606061,0.24242424242424243,0.24242424242424243,0.25,0.606060606060606,0.875,0.9696969696969697,0.30303030303030304,0.275,0.9090909090909091,0.9696969696969696,0.45454545454545453,0.4242424242424243,0.45454545454545453,0.9696969696969697,0.30303030303030304,0.33333333333333337,0.30000000000000004,0.6363636363636365,0.30000000000000004,0.2727272727272727,0.9696969696969696,0.30000000000000004,0.9696969696969697,0.2727272727272727,0.8484848484848485,0.9696969696969697,28.821742690322576,0.5145348837209303,0.45454545454545453,0.2727272727272727,0.8484848484848484,0.09090909090909091,0.7272727272727273,0.8484848484848485,0.5249999999999999,0.6363636363636362,0.6000000000000001,0.5454545454545454,0.24242424242424243,0.5250000000000001,0.6666666666666666,0.24242424242424243,0.33333333333333337,0.21212121212121213,0.6363636363636364,0.4242424242424242,0.6666666666666667,0.18181818181818182,0.7250000000000001,0.3939393939393939,0.65,0.4545454545454545,0.4545454545454545,0.6749999999999999,0.48484848484848486,0.7575757575757576,0.5151515151515151,0.5151515151515151,960.6087329516124,0.29457364341085274,0.2727272727272727,0.3939393939393939,0.4242424242424243,0.39393939393939387,0.18181818181818182,0.12121212121212122,0.39999999999999997,0.3939393939393939,0.15,0.3333333333333333,0.33333333333333326,0.27499999999999997,0.2727272727272727,0.3333333333333333,0.36363636363636365,0.030303030303030304,0.30303030303030304,0.2727272727272727,0.3939393939393939,0.4545454545454545,0.15000000000000002,0.12121212121212122,0.225,0.24242424242424243,0.33333333333333337,0.35,0.4545454545454546,0.09090909090909091,0.4242424242424243,0.3939393939393939
21.460431653870987,0.3468992248062016,0.5151515151515151,0.24242424242424243,0.2727272727272727,0.7272727272727273,0.6060606060606061,0.606060606060606,0.275,0.2727272727272727,0.275,0.2727272727272727,0.6666666666666667,0.65,0.303030303030303,0.30303030303030304,0.0,0.030303030303030304,0.18181818181818182,0.030303030303030304,0.09090909090909091,0.18181818181818182,0.5750000000000001,0.6363636363636365,0.55,0.2727272727272727,0.5151515151515151,0.275,0.21212121212121213,0.2727272727272727,0.21212121212121213,0.2727272727272727,8.534729117483868,0.877906976744186,0.8787878787878787,0.8787878787878788,0.8787878787878787,0.8787878787878788,0.8787878787878787,0.8787878787878787,0.875,0.8787878787878787,0.875,0.8787878787878788,0.8787878787878788,0.875,0.8787878787878787,0.8787878787878789,0.8787878787878787,0.9090909090909091,0.8787878787878787,0.8787878787878788,0.8787878787878787,0.8787878787878787,0.8750000000000001,0.8787878787878788,0.8750000000000001,0.8787878787878787,0.8787878787878787,0.875,0.8787878787878788,0.8484848484848485,0.8787878787878788,0.8787878787878787,8.030384210258067,0.3420542635658915,0.33333333333333337,0.2727272727272727,0.48484848484848486,0.303030303030303,0.24242424242424243,0.24242424242424243,0.30000000000000004,0.30303030303030304,0.35,0.33333333333333337,0.2727272727272727,0.30000000000000004,0.30303030303030304,0.5151515151515151,0.45454545454545453,0.7272727272727273,0.3636363636363636,0.6666666666666666,0.2727272727272727,0.2727272727272727,0.25,0.33333333333333337,0.30000000000000004,0.30303030303030304,0.30303030303030304,0.30000000000000004,0.30303030303030304,0.30303030303030304,0.30303030303030304,0.30303030303030304,601.2124902258067,0.5281007751937985,0.9696969696969697,0.33333333333333337,0.24242424242424243,0.06060606060606061,0.24242424242424243,0.24242424242424243,0.25,0.606060606060606,0.875,0.9696969696969697,0.30303030303030304,0.275,0.9090909090909091,0.9696969696969696,0.45454545454545453,0.4242424242424243,0.45454545454545453,0.9696969696969697,0.30303030303030304,0.33333333333333337,0.30000000000000004,0.6363636363636365,0.30000000000000004,0.2727272727272727,0.9696969696969696,0.30000000000000004,0.9696969696969697,0.2727272727272727,0.8484848484848485,0.9696969696969697,29.255740514516123,0.5281007751937985,0.45454545454545453,0.2727272727272727,0.8484848484848484,0.15151515151515152,0.7575757575757576,0.8787878787878788,0.5499999999999999,0.6363636363636362,0.675,0.5757575757575757,0.24242424242424243,0.5250000000000001,0.6666666666666666,0.24242424242424243,0.33333333333333337,0.21212121212121213,0.6363636363636364,0.4242424242424242,0.696969696969697,0.18181818181818182,0.7250000000000001,0.3939393939393939,0.675,0.48484848484848475,0.48484848484848475,0.6749999999999999,0.5151515151515151,0.7575757575757576,0.5151515151515151,0.5151515151515151,982.9103753225801,0.3294573643410853,0.303030303030303,0.4242424242424242,0.4545454545454546,0.4242424242424242,0.21212121212121213,0.12121212121212122,0.39999999999999997,0.4242424242424242,0.3,0.3939393939393939,0.33333333333333326,0.27499999999999997,0.303030303030303,0.36363636363636365,0.48484848484848486,0.030303030303030304,0.3939393939393939,0.4242424242424242,0.4242424242424242,0.4545454545454545,0.15000000000000002,0.12121212121212122,0.275,0.2727272727272727,0.36363636363636365,0.425,0.4545454545454546,0.09090909090909091,0.4242424242424243,0.3939393939393939
21.568989510322602,0.3585271317829458,0.5454545454545454,0.2727272727272727,0.2727272727272727,0.7272727272727273,0.6060606060606061,0.606060606060606,0.275,0.2727272727272727,0.275,0.2727272727272727,0.6666666666666667,0.65,0.33333333333333326,0.30303030303030304,0.0,0.030303030303030304,0.18181818181818182,0.030303030303030304,0.18181818181818182,0.24242424242424243,0.5750000000000001,0.6363636363636365,0.5750000000000001,0.2727272727272727,0.5757575757575757,0.275,0.24242424242424243,0.2727272727272727,0.21212121212121213,0.2727272727272727,8.81368880429032,0.8827519379844961,0.8787878787878787,0.8787878787878788,0.8787878787878787,0.9696969696969697,0.8787878787878787,0.8787878787878787,0.875,0.8787878787878787,0.875,0.8787878787878788,0.8787878787878788,0.875,0.8787878787878787,0.8787878787878789,0.8787878787878787,0.9393939393939393,0.8787878787878787,0.8787878787878788,0.8787878787878787,0.8787878787878787,0.8750000000000001,0.8787878787878788,0.8750000000000001,0.8787878787878787,0.8787878787878787,0.875,0.8787878787878788,0.8787878787878788,0.8787878787878788,0.8787878787878787,8.40033425135484,0.36434108527131787,0.33333333333333337,0.303030303030303,0.5757575757575758,0.3636363636363636,0.24242424242424243,0.24242424242424243,0.30000000000000004,0.30303030303030304,0.35,0.33333333333333337,0.2727272727272727,0.30000000000000004,0.30303030303030304,0.5757575757575757,0.6060606060606061,0.8787878787878788,0.4242424242424242,0.6969696969696969,0.303030303030303,0.303030303030303,0.25,0.33333333333333337,0.30000000000000004,0.30303030303030304,0.30303030303030304,0.30000000000000004,0.30303030303030304,0.30303030303030304,0.30303030303030304,0.30303030303030304,602.4413078354842,0.9127906976744187,0.9696969696969697,0.9696969696969697,0.9090909090909091,0.06060606060606061,0.9090909090909091,0.9090909090909091,0.925,0.9393939393939392,0.975,0.9696969696969697,0.9393939393939394,0.9500000000000001,0.9696969696969697,0.9696969696969696,0.9696969696969697,0.4242424242424243,0.9696969696969697,0.9696969696969697,0.9696969696969697,0.9696969696969697,0.9750000000000001,0.9696969696969697,0.9750000000000001,0.9393939393939393,0.9696969696969696,0.9750000000000001,0.9696969696969697,0.9696969696969697,0.9696969696969697,0.9696969696969697,29.689738338709674,0.616279069767442,0.5151515151515151,0.3333333333333333,0.8787878787878787,0.24242424242424243,0.7878787878787878,0.9090909090909091,0.6499999999999999,0.7272727272727272,0.9,0.6969696969696969,0.3939393939393939,0.6750000000000002,0.7575757575757576,0.36363636363636365,0.4242424242424243,0.21212121212121213,0.7575757575757576,0.5151515151515151,0.787878787878788,0.21212121212121213,0.8250000000000001,0.4242424242424242,0.775,0.5454545454545454,0.5757575757575757,0.7999999999999999,0.6060606060606061,0.7878787878787878,0.5454545454545454,0.6666666666666666,1005.2120176935478,0.3488372093023256,0.303030303030303,0.4848484848484848,0.4545454545454546,0.4242424242424242,0.21212121212121213,0.15151515151515152,0.39999999999999997,0.4242424242424242,0.3,0.3939393939393939,0.33333333333333326,0.27499999999999997,0.303030303030303,0.36363636363636365,0.6060606060606061,0.030303030303030304,0.4242424242424242,0.5151515151515151,0.4545454545454545,0.48484848484848475,0.15000000000000002,0.18181818181818182,0.275,0.303030303030303,0.3939393939393939,0.425,0.4545454545454546,0.15151515151515152,0.4242424242424243,0.4242424242424242
21.677547366774217,0.39244186046511637,0.606060606060606,0.36363636363636365,0.2727272727272727,0.8181818181818182,0.6060606060606061,0.606060606060606,0.275,0.2727272727272727,0.275,0.2727272727272727,0.7575757575757577,0.7000000000000001,0.4242424242424242,0.3939393939393939,0.030303030303030304,0.030303030303030304,0.21212121212121213,0.030303030303030304,0.33333333333333337,0.33333333333333337,0.5750000000000001,0.7272727272727274,0.5750000000000001,0.2727272727272727,0.606060606060606,0.275,0.2727272727272727,0.2727272727272727,0.24242424242424243,0.2727272727272727,9.09264849109677,0.8963178294573644,0.8787878787878787,0.8787878787878788,0.8787878787878787,0.9696969696969697,0.8787878787878787,0.8787878787878787,0.875,0.8787878787878787,0.875,0.8787878787878788,0.8787878787878788,0.875,0.9696969696969696,0.9696969696969698,0.8787878787878787,0.9696969696969696,0.8787878787878787,0.8787878787878788,0.8787878787878787,0.8787878787878787,0.9750000000000001,0.9696969696969697,0.8750000000000001,0.8787878787878787,0.8787878787878787,0.875,0.8787878787878788,0.8787878787878788,0.8787878787878788,0.8787878787878787,8.770284292451615,0.3914728682170543,0.33333333333333337,0.303030303030303,0.6060606060606061,0.6969696969696969,0.24242424242424243,0.24242424242424243,0.30000000000000004,0.30303030303030304,0.35,0.33333333333333337,0.2727272727272727,0.30000000000000004,0.30303030303030304,0.6363636363636362,0.6060606060606061,0.9393939393939394,0.4848484848484848,0.7575757575757576,0.303030303030303,0.303030303030303,0.3,0.33333333333333337,0.30000000000000004,0.30303030303030304,0.30303030303030304,0.30000000000000004,0.3939393939393939,0.30303030303030304,0.3939393939393939,0.30303030303030304,603.6701254451616,0.9205426356589148,0.9696969696969697,0.9696969696969697,0.9393939393939393,0.06060606060606061,0.9696969696969697,0.9696969696969697,0.9500000000000001,0.9393939393939392,0.975,0.9696969696969697,0.9696969696969697,0.9750000000000001,0.9696969696969697,0.9696969696969696,0.9696969696969697,0.4242424242424243,0.9696969696969697,0.9696969696969697,0.9696969696969697,0.9696969696969697,0.9750000000000001,0.9696969696969697,0.9750000000000001,0.9393939393939393,0.9696969696969696,0.9750000000000001,0.9696969696969697,0.9696969696969697,0.9696969696969697,0.9696969696969697,30.12373616290322,0.8817829457364342,0.8181818181818181,0.9696969696969697,0.9999999999999999,0.5151515151515151,0.9696969696969697,1.0,0.9749999999999999,0.9999999999999999,0.9500000000000001,0.9393939393939393,0.9393939393939393,0.9750000000000001,0.8787878787878788,0.9696969696969697,0.4242424242424243,0.7272727272727273,0.9393939393939394,0.5454545454545454,0.9696969696969697,0.9393939393939394,0.925,0.6969696969696969,0.9,0.7878787878787878,0.8484848484848484,0.9749999999999999,0.9696969696969697,0.9393939393939393,0.9393939393939393,0.9393939393939393,1027.5136600645155,0.37887596899224807,0.33333333333333326,0.5151515151515151,0.48484848484848486,0.4848484848484848,0.24242424242424243,0.21212121212121213,0.5,0.4242424242424242,0.3,0.3939393939393939,0.39393939393939387,0.3,0.33333333333333326,0.3939393939393939,0.6060606060606061,0.030303030303030304,0.4545454545454545,0.5757575757575757,0.5151515151515151,0.48484848484848475,0.17500000000000002,0.21212121212121213,0.35000000000000003,0.33333333333333326,0.4242424242424242,0.425,0.4545454545454546,0.18181818181818182,0.4242424242424243,0.4545454545454545
21.786105223225828,0.431201550387597,0.6363636363636362,0.42424242424242425,0.36363636363636365,0.8484848484848485,0.6363636363636364,0.6363636363636362,0.30000000000000004,0.36363636363636365,0.275,0.36363636363636365,0.787878787878788,0.775,0.6666666666666666,0.4242424242424242,0.06060606060606061,0.09090909090909091,0.21212121212121213,0.030303030303030304,0.393939393939394,0.393939393939394,0.5750000000000001,0.7272727272727274,0.5750000000000001,0.2727272727272727,0.6363636363636362,0.275,0.3333333333333333,0.2727272727272727,0.2727272727272727,0.2727272727272727,9.371608177903223,0.9709302325581396,0.9696969696969696,0.9696969696969697,0.9696969696969696,0.9696969696969697,0.9696969696969696,0.9696969696969696,0.975,0.9696969696969696,0.975,0.9696969696969697,0.9696969696969697,0.975,0.9696969696969696,0.9696969696969698,0.9696969696969696,0.9696969696969696,0.9696969696969696,0.9696969696969697,0.9696969696969696,0.9696969696969696,0.9750000000000001,0.9696969696969697,0.9750000000000001,0.9696969696969696,0.9696969696969696,0.975,0.9696969696969697,0.9696969696969697,0.9696969696969697,0.9696969696969696,9.140234333548388,0.45736434108527135,0.4545454545454546,0.606060606060606,0.8484848484848485,0.7272727272727272,0.24242424242424243,0.24242424242424243,0.30000000000000004,0.30303030303030304,0.35,0.33333333333333337,0.3333333333333333,0.35000000000000003,0.30303030303030304,0.7272727272727272,0.6363636363636364,0.9393939393939394,0.6363636363636364,0.7575757575757576,0.5757575757575757,0.606060606060606,0.4,0.33333333333333337,0.37500000000000006,0.30303030303030304,0.42424242424242425,0.30000000000000004,0.4242424242424242,0.30303030303030304,0.4242424242424242,0.30303030303030304,604.898943054839,0.9273255813953489,0.9696969696969697,0.9696969696969697,0.9393939393939393,0.2727272727272727,0.9696969696969697,0.9696969696969697,0.9500000000000001,0.9393939393939392,0.975,0.9696969696969697,0.9696969696969697,0.9750000000000001,0.9696969696969697,0.9696969696969696,0.9696969696969697,0.4242424242424243,0.9696969696969697,0.9696969696969697,0.9696969696969697,0.9696969696969697,0.9750000000000001,0.9696969696969697,0.9750000000000001,0.9393939393939393,0.9696969696969696,0.9750000000000001,0.9696969696969697,0.9696969696969697,0.9696969696969697,0.9696969696969697,30.557733987096768,0.8934108527131784,0.8484848484848484,0.9696969696969697,0.9999999999999999,0.5151515151515151,0.9696969696969697,1.0,0.9749999999999999,0.9999999999999999,0.9500000000000001,0.9696969696969696,0.9696969696969696,0.9750000000000001,0.9090909090909091,0.9696969696969697,0.4242424242424243,0.7272727272727273,0.9393939393939394,0.606060606060606,0.9696969696969697,0.9696969696969697,0.9500000000000001,0.7272727272727272,0.925,0.7878787878787878,0.8787878787878787,0.9749999999999999,0.9696969696969697,0.9393939393939393,0.9393939393939393,0.9696969696969696,1049.815302435483,0.4118217054263566,0.36363636363636354,0.5151515151515151,0.48484848484848486,0.4848484848484848,0.24242424242424243,0.24242424242424243,0.5,0.4242424242424242,0.3,0.3939393939393939,0.4545454545454545,0.4,0.36363636363636354,0.3939393939393939,0.7272727272727273,0.06060606060606061,0.5151515151515151,0.6363636363636362,0.5151515151515151,0.515151515151515,0.22500000000000003,0.30303030303030304,0.35000000000000003,0.36363636363636354,0.4545454545454545,0.425,0.48484848484848486,0.2727272727272727,0.4848484848484849,0.5151515151515151
21.894663079677443,0.48449612403100784,0.6666666666666665,0.48484848484848486,0.4545454545454546,0.8484848484848485,0.696969696969697,0.6666666666666665,0.37500000000000006,0.4545454545454546,0.325,0.4545454545454546,0.8181818181818182,0.8,0.6969696969696969,0.4848484848484848,0.18181818181818182,0.12121212121212122,0.33333333333333337,0.12121212121212122,0.393939393939394,0.4242424242424243,0.6000000000000001,0.8181818181818183,0.5750000000000001,0.36363636363636365,0.6969696969696968,0.325,0.4242424242424242,0.2727272727272727,0.303030303030303,0.3333333333333333,9.650567864709675,0.9709302325581396,0.9696969696969696,0.9696969696969697,0.9696969696969696,0.9696969696969697,0.9696969696969696,0.9696969696969696,0.975,0.9696969696969696,0.975,0.9696969696969697,0.9696969696969697,0.975,0.9696969696969696,0.9696969696969698,0.9696969696969696,0.9696969696969696,0.9696969696969696,0.9696969696969697,0.9696969696969696,0.9696969696969696,0.9750000000000001,0.9696969696969697,0.9750000000000001,0.9696969696969696,0.9696969696969696,0.975,0.9696969696969697,0.9696969696969697,0.9696969696969697,0.9696969696969696,9.510184374645164,0.5242248062015504,0.4545454545454546,0.7575757575757575,0.9090909090909092,0.7575757575757575,0.36363636363636365,0.33333333333333337,0.4,0.30303030303030304,0.475,0.4545454545454546,0.36363636363636365,0.37500000000000006,0.30303030303030304,0.8787878787878787,0.696969696969697,0.9696969696969697,0.7575757575757576,0.7575757575757576,0.7272727272727272,0.7575757575757575,0.47500000000000003,0.5454545454545455,0.4000000000000001,0.30303030303030304,0.48484848484848486,0.30000000000000004,0.4242424242424242,0.30303030303030304,0.4242424242424242,0.42424242424242425,606.1277606645165,0.9273255813953489,0.9696969696969697,0.9696969696969697,0.9393939393939393,0.2727272727272727,0.9696969696969697,0.9696969696969697,0.9500000000000001,0.9393939393939392,0.975,0.9696969696969697,0.9696969696969697,0.9750000000000001,0.9696969696969697,0.9696969696969696,0.9696969696969697,0.4242424242424243,0.9696969696969697,0.9696969696969697,0.9696969696969697,0.9696969696969697,0.9750000000000001,0.9696969696969697,0.9750000000000001,0.9393939393939393,0.9696969696969696,0.9750000000000001,0.9696969696969697,0.9696969696969697,0.9696969696969697,0.9696969696969697,30.991731811290315,0.9031007751937986,0.8484848484848484,0.9696969696969697,0.9999999999999999,0.5151515151515151,0.9696969696969697,1.0,0.9749999999999999,0.9999999999999999,0.9500000000000001,0.9999999999999999,0.9999999999999999,0.9750000000000001,0.9090909090909091,0.9696969696969697,0.5151515151515152,0.7272727272727273,0.9393939393939394,0.6666666666666665,1.0,0.9696969696969697,0.9500000000000001,0.7575757575757575,0.925,0.7878787878787878,0.909090909090909,0.9749999999999999,0.9696969696969697,0.9393939393939393,0.9393939393939393,0.9696969696969696,1072.1169448064509,0.4486434108527132,0.36363636363636354,0.5454545454545454,0.6666666666666667,0.4848484848484848,0.33333333333333337,0.2727272727272727,0.5,0.5454545454545454,0.3,0.3939393939393939,0.5454545454545454,0.47500000000000003,0.3939393939393938,0.4242424242424242,0.7575757575757576,0.06060606060606061,0.5757575757575757,0.6363636363636362,0.5454545454545454,0.5454545454545453,0.25000000000000006,0.30303030303030304,0.47500000000000003,0.42424242424242414,0.4545454545454545,0.45,0.48484848484848486,0.2727272727272727,0.4848484848484849,0.5454545454545454
22.003220936129058,0.5765503875968994,0.818181818181818,0.5454545454545454,0.6060606060606061,0.8787878787878788,0.8181818181818182,0.7575757575757575,0.55,0.6060606060606061,0.375,0.6060606060606061,0.9090909090909092,0.8250000000000001,0.9393939393939393,0.5151515151515151,0.24242424242424243,0.15151515151515152,0.33333333333333337,0.15151515151515152,0.4545454545454546,0.4848484848484849,0.7000000000000001,0.9696969696969698,0.65,0.4545454545454546,0.909090909090909,0.4,0.5151515151515151,0.303030303030303,0.3636363636363636,0.45454545454545453,9.929527551516125,0.9709302325581396,0.9696969696969696,0.9696969696969697,0.9696969696969696,0.9696969696969697,0.9696969696969696,0.9696969696969696,0.975,0.9696969696969696,0.975,0.9696969696969697,0.9696969696969697,0.975,0.9696969696969696,0.9696969696969698,0.9696969696969696,0.9696969696969696,0.9696969696969696,0.9696969696969697,0.9696969696969696,0.9696969696969696,0.9750000000000001,0.9696969696969697,0.9750000000000001,0.9696969696969696,0.9696969696969696,0.975,0.9696969696969697,0.9696969696969697,0.9696969696969697,0.9696969696969696,9.880134415741937,0.6046511627906977,0.5151515151515151,0.7878787878787877,0.9393939393939394,0.9393939393939392,0.36363636363636365,0.36363636363636365,0.47500000000000003,0.5151515151515151,0.525,0.5151515151515151,0.3939393939393939,0.37500000000000006,0.3939393939393939,0.9393939393939392,0.696969696969697,0.9696969696969697,0.7575757575757576,0.9090909090909091,0.7575757575757575,0.7878787878787877,0.5,0.5757575757575758,0.6250000000000001,0.5757575757575757,0.6060606060606061,0.525,0.4242424242424242,0.5151515151515151,0.4242424242424242,0.5757575757575758,607.3565782741939,0.9273255813953489,0.9696969696969697,0.9696969696969697,0.9393939393939393,0.2727272727272727,0.9696969696969697,0.9696969696969697,0.9500000000000001,0.9393939393939392,0.975,0.9696969696969697,0.9696969696969697,0.9750000000000001,0.9696969696969697,0.9696969696969696,0.9696969696969697,0.4242424242424243,0.9696969696969697,0.9696969696969697,0.9696969696969697,0.9696969696969697,0.9750000000000001,0.9696969696969697,0.9750000000000001,0.9393939393939393,0.9696969696969696,0.9750000000000001,0.9696969696969697,0.9696969696969697,0.9696969696969697,0.9696969696969697,31.425729635483865,0.9205426356589149,0.8787878787878787,0.9696969696969697,0.9999999999999999,0.5757575757575757,1.0,1.0,0.9749999999999999,0.9999999999999999,0.9750000000000001,0.9999999999999999,0.9999999999999999,0.9750000000000001,0.9393939393939393,1.0,0.5757575757575759,0.8181818181818182,0.9696969696969697,0.6666666666666665,1.0,1.0,0.9500000000000001,0.7575757575757575,0.925,0.8484848484848484,0.909090909090909,0.9749999999999999,0.9696969696969697,0.9696969696969696,0.9393939393939393,0.9999999999999999,1094.4185871774184,0.5348837209302326,0.42424242424242414,0.7272727272727273,0.696969696969697,0.5454545454545454,0.33333333333333337,0.36363636363636365,0.575,0.6363636363636364,0.375,0.48484848484848486,0.6363636363636364,0.5,0.4242424242424241,0.5757575757575757,0.8181818181818181,0.2727272727272727,0.606060606060606,0.7272727272727272,0.7272727272727273,0.7272727272727271,0.32500000000000007,0.36363636363636365,0.5,0.48484848484848475,0.5454545454545454,0.5,0.6060606060606061,0.36363636363636365,0.6060606060606062,0.6666666666666666
22.111778792580672,0.7218992248062017,0.909090909090909,0.6363636363636364,0.8787878787878788,0.8787878787878788,0.8787878787878789,0.8181818181818181,0.8500000000000001,0.9090909090909092,0.75,0.8787878787878788,0.9090909090909092,0.8500000000000001,1.0,0.5757575757575757,0.2727272727272727,0.18181818181818182,0.33333333333333337,0.18181818181818182,0.48484848484848486,0.6060606060606062,0.7500000000000001,0.9696969696969698,0.775,0.7272727272727273,0.909090909090909,0.75,0.7878787878787878,0.6969696969696969,0.6666666666666666,0.7575757575757576,10.208487238322578,0.9709302325581396,0.9696969696969696,0.9696969696969697,0.9696969696969696,0.9696969696969697,0.9696969696969696,0.9696969696969696,0.975,0.9696969696969696,0.975,0.9696969696969697,0.9696969696969697,0.975,0.9696969696969696,0.9696969696969698,0.9696969696969696,0.9696969696969696,0.9696969696969696,0.9696969696969697,0.9696969696969696,0.9696969696969696,0.9750000000000001,0.9696969696969697,0.9750000000000001,0.9696969696969696,0.9696969696969696,0.975,0.9696969696969697,0.9696969696969697,0.9696969696969697,0.9696969696969696,10.250084456838712,0.7257751937984497,0.8181818181818181,0.8484848484848484,0.9393939393939394,0.9393939393939392,0.6060606060606061,0.6060606060606061,0.65,0.6363636363636364,0.5750000000000001,0.5757575757575757,0.6666666666666666,0.6500000000000001,0.5454545454545454,0.9393939393939392,0.7272727272727273,1.0,0.9696969696969697,0.9090909090909091,0.8484848484848484,0.8484848484848484,0.575,0.696969696969697,0.7500000000000001,0.6666666666666666,0.696969696969697,0.625,0.606060606060606,0.6363636363636364,0.606060606060606,0.7272727272727273,608.5853958838713,0.9467054263565893,0.9696969696969697,0.9696969696969697,0.9393939393939393,0.8787878787878788,0.9696969696969697,0.9696969696969697,0.9500000000000001,0.9393939393939392,0.975,0.9696969696969697,0.9696969696969697,0.9750000000000001,0.9696969696969697,0.9696969696969696,0.9696969696969697,0.4242424242424243,0.9696969696969697,0.9696969696969697,0.9696969696969697,0.9696969696969697,0.9750000000000001,0.9696969696969697,0.9750000000000001,0.9393939393939393,0.9696969696969696,0.9750000000000001,0.9696969696969697,0.9696969696969697,0.9696969696969697,0.9696969696969697,31.859727459677412,0.9389534883720932,0.8787878787878787,1.0,0.9999999999999999,0.6969696969696969,1.0,1.0,0.9749999999999999,0.9999999999999999,0.9750000000000001,0.9999999999999999,0.9999999999999999,0.9750000000000001,0.9393939393939393,1.0,0.5757575757575759,1.0,0.9696969696969697,0.7272727272727271,1.0,1.0,0.9750000000000001,0.7575757575757575,0.925,0.8787878787878787,0.9696969696969695,0.9749999999999999,1.0,0.9696969696969696,0.9696969696969696,0.9999999999999999,1116.7202295483862,0.6017441860465117,0.515151515151515,0.7878787878787878,0.8484848484848485,0.6363636363636364,0.393939393939394,0.4545454545454546,0.625,0.7272727272727273,0.45,0.5454545454545454,0.696969696969697,0.55,0.606060606060606,0.6666666666666666,0.8484848484848484,0.2727272727272727,0.606060606060606,0.7272727272727272,0.8181818181818182,0.7878787878787876,0.3500000000000001,0.5151515151515151,0.575,0.5454545454545454,0.6363636363636364,0.575,0.6363636363636364,0.42424242424242425,0.6363636363636365,0.6969696969696969
22.220336649032287,0.8420542635658916,0.9999999999999999,0.8484848484848485,0.9696969696969697,0.8787878787878788,0.9696969696969698,0.9696969696969696,0.9500000000000001,1.0,0.925,1.0,0.9090909090909092,0.8500000000000001,1.0,0.7878787878787878,0.2727272727272727,0.33333333333333337,0.5757575757575758,0.24242424242424243,0.7878787878787878,0.8484848484848486,0.9000000000000001,0.9696969696969698,0.9,0.8787878787878788,0.9999999999999999,0.925,0.8787878787878788,0.8787878787878787,0.8181818181818181,0.9090909090909091,10.487446925129028,0.9709302325581396,0.9696969696969696,0.9696969696969697,0.9696969696969696,0.9696969696969697,0.9696969696969696,0.9696969696969696,0.975,0.9696969696969696,0.975,0.9696969696969697,0.9696969696969697,0.975,0.9696969696969696,0.9696969696969698,0.9696969696969696,0.9696969696969696,0.9696969696969696,0.9696969696969697,0.9696969696969696,0.9696969696969696,0.9750000000000001,0.9696969696969697,0.9750000000000001,0.9696969696969696,0.9696969696969696,0.975,0.9696969696969697,0.9696969696969697,0.9696969696969697,0.9696969696969696,10.620034497935485,0.8798449612403101,0.8181818181818181,0.9393939393939393,1.0,0.9696969696969695,0.6666666666666667,0.6666666666666667,0.825,0.9090909090909091,0.8500000000000001,0.8484848484848484,0.9090909090909091,0.9000000000000001,0.8787878787878787,0.9696969696969695,0.7878787878787878,1.0,0.9696969696969697,0.9696969696969697,0.9393939393939393,0.9393939393939393,0.825,0.7272727272727273,0.9500000000000002,0.9090909090909091,0.9090909090909092,0.95,0.8181818181818181,0.8787878787878788,0.8181818181818181,0.8484848484848485,609.8142134935488,0.9476744186046513,0.9696969696969697,0.9696969696969697,0.9393939393939393,0.9090909090909091,0.9696969696969697,0.9696969696969697,0.9500000000000001,0.9393939393939392,0.975,0.9696969696969697,0.9696969696969697,0.9750000000000001,0.9696969696969697,0.9696969696969696,0.9696969696969697,0.4242424242424243,0.9696969696969697,0.9696969696969697,0.9696969696969697,0.9696969696969697,0.9750000000000001,0.9696969696969697,0.9750000000000001,0.9393939393939393,0.9696969696969696,0.9750000000000001,0.9696969696969697,0.9696969696969697,0.9696969696969697,0.9696969696969697,32.29372528387096,0.9583333333333336,0.9393939393939392,1.0,0.9999999999999999,0.9090909090909091,1.0,1.0,0.9749999999999999,0.9999999999999999,0.9750000000000001,0.9999999999999999,0.9999999999999999,0.9750000000000001,0.9696969696969696,1.0,0.6363636363636365,1.0,1.0,0.7878787878787876,1.0,1.0,0.9750000000000001,0.7878787878787877,0.925,0.9393939393939392,0.9696969696969695,0.9749999999999999,1.0,0.9999999999999999,0.9999999999999999,0.9999999999999999,1139.021871919354,0.7054263565891473,0.6363636363636362,0.8484848484848484,0.9090909090909092,0.7272727272727273,0.6060606060606061,0.5151515151515151,0.7,0.8181818181818182,0.575,0.6363636363636364,0.787878787878788,0.625,0.7272727272727272,0.7272727272727273,0.8787878787878787,0.3939393939393939,0.7272727272727272,0.8787878787878787,0.8787878787878789,0.8484848484848482,0.5750000000000001,0.6060606060606061,0.7,0.6666666666666666,0.7272727272727273,0.7,0.7575757575757576,0.5454545454545454,0.7272727272727274,0.7878787878787878
22.328894505483902,0.9001937984496126,0.9999999999999999,0.9393939393939394,1.0,0.9696969696969697,0.9696969696969698,0.9696969696969696,1.0,1.0,1.0,1.0,1.0,1.0,1.0,0.8787878787878788,0.2727272727272727,0.36363636363636365,0.6363636363636365,0.3939393939393939,0.9393939393939393,0.9393939393939396,0.9750000000000001,1.0000000000000002,0.975,0.9696969696969697,0.9999999999999999,1.0,0.8787878787878788,0.9696969696969696,0.8484848484848484,1.0,10.76640661193548,0.9709302325581396,0.9696969696969696,0.9696969696969697,0.9696969696969696,0.9696969696969697,0.9696969696969696,0.9696969696969696,0.975,0.9696969696969696,0.975,0.9696969696969697,0.9696969696969697,0.975,0.9696969696969696,0.9696969696969698,0.9696969696969696,0.9696969696969696,0.9696969696969696,0.9696969696969697,0.9696969696969696,0.9696969696969696,0.9750000000000001,0.9696969696969697,0.9750000000000001,0.9696969696969696,0.9696969696969696,0.975,0.9696969696969697,0.9696969696969697,0.9696969696969697,0.9696969696969696,10.98998453903226,0.9156976744186046,0.8787878787878787,0.9393939393939393,1.0,0.9696969696969695,0.696969696969697,0.696969696969697,0.8999999999999999,0.9393939393939393,0.9000000000000001,0.8787878787878787,0.9090909090909091,0.9000000000000001,0.909090909090909,0.9999999999999998,0.9393939393939393,1.0,0.9696969696969697,0.9696969696969697,0.9393939393939393,0.9393939393939393,0.975,0.7575757575757576,0.9500000000000002,0.9393939393939393,0.9090909090909092,0.975,0.9090909090909091,0.9090909090909091,0.9393939393939393,0.9090909090909092,611.0430311032262,0.9476744186046513,0.9696969696969697,0.9696969696969697,0.9393939393939393,0.9090909090909091,0.9696969696969697,0.9696969696969697,0.9500000000000001,0.9393939393939392,0.975,0.9696969696969697,0.9696969696969697,0.9750000000000001,0.9696969696969697,0.9696969696969696,0.9696969696969697,0.4242424242424243,0.9696969696969697,0.9696969696969697,0.9696969696969697,0.9696969696969697,0.9750000000000001,0.9696969696969697,0.9750000000000001,0.9393939393939393,0.9696969696969696,0.9750000000000001,0.9696969696969697,0.9696969696969697,0.9696969696969697,0.9696969696969697,32.72772310806451,0.9709302325581398,0.9696969696969695,1.0,0.9999999999999999,0.9090909090909091,1.0,1.0,0.9999999999999999,0.9999999999999999,1.0,0.9999999999999999,0.9999999999999999,1.0,0.9999999999999999,1.0,0.6666666666666667,1.0,1.0,0.7878787878787876,1.0,1.0,1.0,0.909090909090909,0.925,0.9393939393939392,0.9999999999999998,0.9999999999999999,1.0,0.9999999999999999,0.9999999999999999,0.9999999999999999,1161.3235142903216,0.750968992248062,0.6969696969696968,0.8484848484848484,1.0,0.7272727272727273,0.6363636363636364,0.6060606060606061,0.7999999999999999,0.8484848484848485,0.6,0.696969696969697,0.8181818181818182,0.675,0.7575757575757575,0.7272727272727273,0.909090909090909,0.5757575757575757,0.8181818181818181,0.8787878787878787,0.8787878787878789,0.8484848484848482,0.6250000000000001,0.696969696969697,0.7,0.7575757575757576,0.8181818181818182,0.725,0.8181818181818181,0.606060606060606,0.7272727272727274,0.7878787878787878
22.437452361935517,0.9108527131782947,0.9999999999999999,0.9393939393939394,1.0,0.9696969696969697,0.9696969696969698,0.9696969696969696,1.0,1.0,1.0,1.0,1.0,1.0,1.0,0.9090909090909091,0.303030303030303,0.4545454545454546,0.7575757575757577,0.4242424242424242,0.9393939393939393,0.9393939393939396,0.9750000000000001,1.0000000000000002,0.975,0.9696969696969697,0.9999999999999999,1.0,0.8787878787878788,0.9696969696969696,0.8787878787878787,1.0,11.045366298741932,0.9709302325581396,0.9696969696969696,0.9696969696969697,0.9696969696969696,0.9696969696969697,0.9696969696969696,0.9696969696969696,0.975,0.9696969696969696,0.975,0.9696969696969697,0.9696969696969697,0.975,0.9696969696969696,0.9696969696969698,0.9696969696969696,0.9696969696969696,0.9696969696969696,0.9696969696969697,0.9696969696969696,0.9696969696969696,0.9750000000000001,0.9696969696969697,0.9750000000000001,0.9696969696969696,0.9696969696969696,0.975,0.9696969696969697,0.9696969696969697,0.9696969696969697,0.9696969696969696,11.359934580129034,0.9496124031007751,0.9393939393939392,0.9393939393939393,1.0,0.9696969696969695,0.8181818181818182,0.787878787878788,0.9749999999999999,0.9393939393939393,0.9500000000000002,0.9393939393939392,0.9393939393939393,0.9500000000000002,0.9393939393939392,0.9999999999999998,0.9696969696969696,1.0,1.0,1.0,0.9696969696969696,0.9393939393939393,1.0,0.9090909090909091,0.9750000000000002,0.9393939393939393,0.9393939393939394,0.975,0.9393939393939393,0.9090909090909091,0.9696969696969696,0.9393939393939394,612.2718487129036,0.9476744186046513,0.9696969696969697,0.9696969696969697,0.9393939393939393,0.9090909090909091,0.9696969696969697,0.9696969696969697,0.9500000000000001,0.9393939393939392,0.975,0.9696969696969697,0.9696969696969697,0.9750000000000001,0.9696969696969697,0.9696969696969696,0.9696969696969697,0.4242424242424243,0.9696969696969697,0.9696969696969697,0.9696969696969697,0.9696969696969697,0.9750000000000001,0.9696969696969697,0.9750000000000001,0.9393939393939393,0.9696969696969696,0.9750000000000001,0.9696969696969697,0.9696969696969697,0.9696969696969697,0.9696969696969697,33.161720932258056,0.9777131782945739,0.9696969696969695,1.0,0.9999999999999999,0.9090909090909091,1.0,1.0,0.9999999999999999,0.9999999999999999,1.0,0.9999999999999999,0.9999999999999999,1.0,0.9999999999999999,1.0,0.8484848484848486,1.0,1.0,0.7878787878787876,1.0,1.0,1.0,0.9393939393939392,0.925,0.9393939393939392,0.9999999999999998,0.9999999999999999,1.0,0.9999999999999999,0.9999999999999999,0.9999999999999999,1183.6251566612893,0.7906976744186046,0.7272727272727271,0.8484848484848484,1.0,0.7272727272727273,0.6363636363636364,0.6363636363636364,0.85,0.8484848484848485,0.6749999999999999,0.787878787878788,0.8181818181818182,0.775,0.7878787878787877,0.7272727272727273,0.9999999999999999,0.606060606060606,0.8484848484848484,0.9696969696969696,0.8787878787878789,0.8484848484848482,0.6250000000000001,0.7272727272727273,0.85,0.7575757575757576,0.8484848484848485,0.75,0.8484848484848484,0.7575757575757575,0.7878787878787881,0.8181818181818181
22.54601021838713,0.927325581395349,0.9999999999999999,0.9696969696969697,1.0,0.9696969696969697,0.9696969696969698,0.9696969696969696,1.0,1.0,1.0,1.0,1.0,1.0,1.0,0.9393939393939393,0.4545454545454545,0.48484848484848486,0.8484848484848486,0.606060606060606,0.9393939393939393,0.9393939393939396,0.9750000000000001,1.0000000000000002,0.975,0.9696969696969697,0.9999999999999999,1.0,0.8787878787878788,0.9696969696969696,0.8787878787878787,1.0,11.324325985548384,0.9709302325581396,0.9696969696969696,0.9696969696969697,0.9696969696969696,0.9696969696969697,0.9696969696969696,0.9696969696969696,0.975,0.9696969696969696,0.975,0.9696969696969697,0.9696969696969697,0.975,0.9696969696969696,0.9696969696969698,0.9696969696969696,0.9696969696969696,0.9696969696969696,0.9696969696969697,0.9696969696969696,0.9696969696969696,0.9750000000000001,0.9696969696969697,0.9750000000000001,0.9696969696969696,0.9696969696969696,0.975,0.9696969696969697,0.9696969696969697,0.9696969696969697,0.9696969696969696,11.729884621225809,0.9728682170542635,0.9999999999999998,0.9696969696969696,1.0,0.9999999999999998,0.9696969696969697,0.9696969696969697,0.9999999999999999,0.9393939393939393,0.9500000000000002,0.9393939393939392,0.9393939393939393,0.9500000000000002,0.9696969696969695,0.9999999999999998,0.9696969696969696,1.0,1.0,1.0,0.9696969696969696,0.9696969696969696,1.0,0.9393939393939393,1.0000000000000002,1.0,0.9696969696969697,0.975,0.9393939393939393,0.9393939393939393,0.9696969696969696,0.9393939393939394,613.5006663225811,0.9689922480620157,0.9696969696969697,0.9696969696969697,0.9696969696969696,0.9090909090909091,0.9696969696969697,0.9696969696969697,0.9500000000000001,0.9696969696969695,0.975,0.9696969696969697,0.9696969696969697,1.0,0.9696969696969697,0.9696969696969696,0.9696969696969697,1.0,0.9696969696969697,0.9696969696969697,0.9696969696969697,0.9696969696969697,0.9750000000000001,0.9696969696969697,0.9750000000000001,0.9393939393939393,0.9696969696969696,0.9750000000000001,0.9696969696969697,0.9696969696969697,0.9696969696969697,0.9696969696969697,33.5957187564516,0.9777131782945739,0.9696969696969695,1.0,0.9999999999999999,0.9090909090909091,1.0,1.0,0.9999999999999999,0.9999999999999999,1.0,0.9999999999999999,0.9999999999999999,1.0,0.9999999999999999,1.0,0.8484848484848486,1.0,1.0,0.7878787878787876,1.0,1.0,1.0,0.9393939393939392,0.925,0.9393939393939392,0.9999999999999998,0.9999999999999999,1.0,0.9999999999999999,0.9999999999999999,0.9999999999999999,1205.926799032257,0.8197674418604651,0.7575757575757573,0.8484848484848484,1.0,0.7272727272727273,0.7575757575757576,0.7878787878787878,0.85,0.8484848484848485,0.6749999999999999,0.787878787878788,0.8484848484848485,0.8250000000000001,0.818181818181818,0.7272727272727273,0.9999999999999999,0.6363636363636362,0.9393939393939393,0.9696969696969696,0.9090909090909092,0.8484848484848482,0.7000000000000001,0.7878787878787878,0.875,0.7575757575757576,0.8787878787878788,0.8,0.8787878787878787,0.7575757575757575,0.7878787878787881,0.8484848484848484
22.654568074838746,0.9370155038759692,0.9999999999999999,1.0,1.0,0.9696969696969697,0.9696969696969698,0.9696969696969696,1.0,1.0,1.0,1.0,1.0,1.0,1.0,1.0,0.4545454545454545,0.5454545454545454,0.8484848484848486,0.6363636363636362,0.9393939393939393,0.9696969696969698,0.9750000000000001,1.0000000000000002,0.975,0.9696969696969697,0.9999999999999999,1.0,0.9393939393939394,0.9696969696969696,0.909090909090909,1.0,11.603285672354835,0.9709302325581396,0.9696969696969696,0.9696969696969697,0.9696969696969696,0.9696969696969697,0.9696969696969696,0.9696969696969696,0.975,0.9696969696969696,0.975,0.9696969696969697,0.9696969696969697,0.975,0.9696969696969696,0.9696969696969698,0.9696969696969696,0.9696969696969696,0.9696969696969696,0.9696969696969697,0.9696969696969696,0.9696969696969696,0.9750000000000001,0.9696969696969697,0.9750000000000001,0.9696969696969696,0.9696969696969696,0.975,0.9696969696969697,0.9696969696969697,0.9696969696969697,0.9696969696969696,12.099834662322584,0.9854651162790697,0.9999999999999998,0.9696969696969696,1.0,0.9999999999999998,0.9696969696969697,0.9696969696969697,0.9999999999999999,1.0,0.9750000000000002,0.9696969696969695,0.9696969696969696,0.9750000000000002,0.9696969696969695,0.9999999999999998,0.9696969696969696,1.0,1.0,1.0,0.9696969696969696,0.9696969696969696,1.0,0.9696969696969696,1.0000000000000002,1.0,1.0,1.0,0.9696969696969696,1.0,0.9696969696969696,0.9696969696969697,614.7294839322586,0.9689922480620157,0.9696969696969697,0.9696969696969697,0.9696969696969696,0.9090909090909091,0.9696969696969697,0.9696969696969697,0.9500000000000001,0.9696969696969695,0.975,0.9696969696969697,0.9696969696969697,1.0,0.9696969696969697,0.9696969696969696,0.9696969696969697,1.0,0.9696969696969697,0.9696969696969697,0.9696969696969697,0.9696969696969697,0.9750000000000001,0.9696969696969697,0.9750000000000001,0.9393939393939393,0.9696969696969696,0.9750000000000001,0.9696969696969697,0.9696969696969697,0.9696969696969697,0.9696969696969697,34.02971658064516,0.979651162790698,0.9696969696969695,1.0,0.9999999999999999,0.9393939393939393,1.0,1.0,0.9999999999999999,0.9999999999999999,1.0,0.9999999999999999,0.9999999999999999,1.0,0.9999999999999999,1.0,0.8484848484848486,1.0,1.0,0.7878787878787876,1.0,1.0,1.0,0.9696969696969695,0.925,0.9393939393939392,0.9999999999999998,0.9999999999999999,1.0,0.9999999999999999,0.9999999999999999,0.9999999999999999,1228.2284414032247,0.8439922480620156,0.8181818181818179,0.8484848484848484,1.0,0.7272727272727273,0.7878787878787878,0.8181818181818181,0.85,0.8484848484848485,0.6749999999999999,0.787878787878788,0.8787878787878788,0.8250000000000001,0.818181818181818,0.7878787878787878,0.9999999999999999,0.6363636363636362,0.9696969696969696,0.9999999999999999,0.9090909090909092,0.8484848484848482,0.7000000000000001,1.0,0.9,0.7878787878787878,0.9090909090909091,0.8250000000000001,0.8787878787878787,0.7878787878787877,0.878787878787879,0.8787878787878787
22.76312593129036,0.9631782945736437,0.9999999999999999,1.0,1.0,0.9696969696969697,0.9696969696969698,0.9696969696969696,1.0,1.0,1.0,1.0,1.0,1.0,1.0,1.0,0.6969696969696969,0.8181818181818181,1.0000000000000002,0.7272727272727272,0.9393939393939393,0.9696969696969698,0.9750000000000001,1.0000000000000002,0.975,0.9696969696969697,0.9999999999999999,1.0,0.9696969696969697,0.9696969696969696,0.9393939393939392,1.0,11.882245359161285,0.9709302325581396,0.9696969696969696,0.9696969696969697,0.9696969696969696,0.9696969696969697,0.9696969696969696,0.9696969696969696,0.975,0.9696969696969696,0.975,0.9696969696969697,0.9696969696969697,0.975,0.9696969696969696,0.9696969696969698,0.9696969696969696,0.9696969696969696,0.9696969696969696,0.9696969696969697,0.9696969696969696,0.9696969696969696,0.9750000000000001,0.9696969696969697,0.9750000000000001,0.9696969696969696,0.9696969696969696,0.975,0.9696969696969697,0.9696969696969697,0.9696969696969697,0.9696969696969696,12.469784703419357,0.9874031007751938,0.9999999999999998,0.9696969696969696,1.0,0.9999999999999998,0.9696969696969697,0.9696969696969697,0.9999999999999999,1.0,0.9750000000000002,0.9696969696969695,0.9696969696969696,0.9750000000000002,0.9696969696969695,0.9999999999999998,0.9999999999999999,1.0,1.0,1.0,0.9696969696969696,0.9696969696969696,1.0,0.9999999999999999,1.0000000000000002,1.0,1.0,1.0,0.9696969696969696,1.0,0.9696969696969696,0.9696969696969697,615.9583015419361,0.9689922480620157,0.9696969696969697,0.9696969696969697,0.9696969696969696,0.9090909090909091,0.9696969696969697,0.9696969696969697,0.9500000000000001,0.9696969696969695,0.975,0.9696969696969697,0.9696969696969697,1.0,0.9696969696969697,0.9696969696969696,0.9696969696969697,1.0,0.9696969696969697,0.9696969696969697,0.9696969696969697,0.9696969696969697,0.9750000000000001,0.9696969696969697,0.9750000000000001,0.9393939393939393,0.9696969696969696,0.9750000000000001,0.9696969696969697,0.9696969696969697,0.9696969696969697,0.9696969696969697,34.4637144048387,0.9893410852713181,0.9999999999999998,1.0,0.9999999999999999,0.9696969696969696,1.0,1.0,0.9999999999999999,0.9999999999999999,1.0,0.9999999999999999,0.9999999999999999,1.0,0.9999999999999999,1.0,0.8484848484848486,1.0,1.0,0.9393939393939391,1.0,1.0,1.0,0.9999999999999998,0.9750000000000001,0.9393939393939392,0.9999999999999998,0.9999999999999999,1.0,0.9999999999999999,0.9999999999999999,0.9999999999999999,1250.5300837741925,0.8730620155038761,0.9090909090909088,0.8484848484848484,1.0,0.7272727272727273,0.8181818181818181,0.8181818181818181,0.85,0.8484848484848485,0.7749999999999999,0.787878787878788,0.9090909090909091,0.8250000000000001,0.909090909090909,0.8484848484848484,0.9999999999999999,0.6969696969696968,0.9696969696969696,0.9999999999999999,0.9090909090909092,0.8484848484848482,0.875,1.0,0.9,0.7878787878787878,0.9696969696969697,0.8250000000000001,0.909090909090909,0.7878787878787877,0.9393939393939397,0.9393939393939392
22.871683787741972,0.98062015503876,0.9999999999999999,1.0,1.0,0.9696969696969697,0.9696969696969698,0.9696969696969696,1.0,1.0,1.0,1.0,1.0,1.0,1.0,1.0,0.8484848484848484,0.8787878787878787,1.0000000000000002,0.9696969696969696,1.0,1.0000000000000002,0.9750000000000001,1.0000000000000002,0.975,0.9696969696969697,0.9999999999999999,1.0,0.9696969696969697,0.9696969696969696,0.9393939393939392,1.0,12.161205045967737,0.9709302325581396,0.9696969696969696,0.9696969696969697,0.9696969696969696,0.9696969696969697,0.9696969696969696,0.9696969696969696,0.975,0.9696969696969696,0.975,0.9696969696969697,0.9696969696969697,0.975,0.9696969696969696,0.9696969696969698,0.9696969696969696,0.9696969696969696,0.9696969696969696,0.9696969696969697,0.9696969696969696,0.9696969696969696,0.9750000000000001,0.9696969696969697,0.9750000000000001,0.9696969696969696,0.9696969696969696,0.975,0.9696969696969697,0.9696969696969697,0.9696969696969697,0.9696969696969696,12.839734744516132,0.9932170542635659,0.9999999999999998,0.9696969696969696,1.0,0.9999999999999998,0.9696969696969697,0.9696969696969697,0.9999999999999999,1.0,1.0000000000000002,0.9999999999999998,0.9696969696969696,1.0000000000000002,0.9999999999999998,0.9999999999999998,0.9999999999999999,1.0,1.0,1.0,0.9696969696969696,0.9696969696969696,1.0,0.9999999999999999,1.0000000000000002,1.0,1.0,1.0,0.9999999999999999,1.0,0.9999999999999999,0.9696969696969697,617.1871191516135,0.9689922480620157,0.9696969696969697,0.9696969696969697,0.9696969696969696,0.9090909090909091,0.9696969696969697,0.9696969696969697,0.9500000000000001,0.9696969696969695,0.975,0.9696969696969697,0.9696969696969697,1.0,0.9696969696969697,0.9696969696969696,0.9696969696969697,1.0,0.9696969696969697,0.9696969696969697,0.9696969696969697,0.9696969696969697,0.9750000000000001,0.9696969696969697,0.9750000000000001,0.9393939393939393,0.9696969696969696,0.9750000000000001,0.9696969696969697,0.9696969696969697,0.9696969696969697,0.9696969696969697,34.89771222903225,0.9912790697674422,0.9999999999999998,1.0,0.9999999999999999,0.9999999999999999,1.0,1.0,0.9999999999999999,0.9999999999999999,1.0,0.9999999999999999,0.9999999999999999,1.0,0.9999999999999999,1.0,0.8484848484848486,1.0,1.0,0.9393939393939391,1.0,1.0,1.0,0.9999999999999998,0.9750000000000001,0.9696969696969695,0.9999999999999998,0.9999999999999999,1.0,0.9999999999999999,0.9999999999999999,0.9999999999999999,1272.8317261451602,0.9399224806201552,0.9696969696969695,0.8484848484848484,1.0,0.8787878787878788,0.9090909090909091,0.9090909090909091,0.95,0.9696969696969697,0.9249999999999999,0.9393939393939394,1.0,0.925,0.909090909090909,0.8787878787878787,0.9999999999999999,0.8787878787878787,0.9696969696969696,0.9999999999999999,1.0,0.9696969696969694,0.875,1.0,0.9,0.8787878787878788,1.0,0.9500000000000001,0.9696969696969695,0.8787878787878787,0.96969696969697,0.9696969696969695
22.980241644193587,0.983527131782946,0.9999999999999999,1.0,1.0,0.9696969696969697,0.9696969696969698,0.9696969696969696,1.0,1.0,1.0,1.0,1.0,1.0,1.0,1.0,0.8484848484848484,0.8787878787878787,1.0000000000000002,0.9696969696969696,1.0,1.0000000000000002,0.9750000000000001,1.0000000000000002,0.975,0.9696969696969697,0.9999999999999999,1.0,1.0,0.9696969696969696,0.9999999999999998,1.0,12.440164732774189,0.9718992248062016,0.9696969696969696,0.9696969696969697,0.9696969696969696,0.9696969696969697,0.9696969696969696,0.9696969696969696,0.975,0.9696969696969696,0.975,0.9696969696969697,0.9696969696969697,0.975,0.9696969696969696,0.9696969696969698,0.9696969696969696,0.9999999999999999,0.9696969696969696,0.9696969696969697,0.9696969696969696,0.9696969696969696,0.9750000000000001,0.9696969696969697,0.9750000000000001,0.9696969696969696,0.9696969696969696,0.975,0.9696969696969697,0.9696969696969697,0.9696969696969697,0.9696969696969696,13.209684785612906,0.9932170542635659,0.9999999999999998,0.9696969696969696,1.0,0.9999999999999998,0.9696969696969697,0.9696969696969697,0.9999999999999999,1.0,1.0000000000000002,0.9999999999999998,0.9696969696969696,1.0000000000000002,0.9999999999999998,0.9999999999999998,0.9999999999999999,1.0,1.0,1.0,0.9696969696969696,0.9696969696969696,1.0,0.9999999999999999,1.0000000000000002,1.0,1.0,1.0,0.9999999999999999,1.0,0.9999999999999999,0.9696969696969697,618.4159367612909,0.9970930232558142,1.0,1.0,0.9999999999999999,0.9090909090909091,1.0,1.0,1.0,0.9999999999999998,1.0,1.0,1.0,1.0,1.0,0.9999999999999999,1.0,1.0,1.0,1.0,1.0,1.0,1.0,1.0,1.0,1.0,0.9999999999999999,1.0,1.0,1.0,1.0,1.0,35.3317100532258,0.9951550387596902,0.9999999999999998,1.0,0.9999999999999999,0.9999999999999999,1.0,1.0,0.9999999999999999,0.9999999999999999,1.0,0.9999999999999999,0.9999999999999999,1.0,0.9999999999999999,1.0,0.9393939393939396,1.0,1.0,0.9393939393939391,1.0,1.0,1.0,0.9999999999999998,0.9750000000000001,0.9999999999999998,0.9999999999999998,0.9999999999999999,1.0,0.9999999999999999,0.9999999999999999,0.9999999999999999,1295.1333685161278,0.9660852713178296,0.9999999999999998,0.9393939393939393,1.0,1.0,0.9696969696969697,0.9696969696969697,0.95,1.0,0.9249999999999999,0.9393939393939394,1.0,0.9750000000000001,0.909090909090909,0.9393939393939392,0.9999999999999999,0.9393939393939392,0.9999999999999999,0.9999999999999999,1.0,0.9696969696969694,0.9,1.0,0.925,0.8787878787878788,1.0,1.0,0.9999999999999998,0.8787878787878787,1.0000000000000002,0.9999999999999998
23.0887995006452,0.9883720930232561,0.9999999999999999,1.0,1.0,0.9696969696969697,0.9696969696969698,0.9696969696969696,1.0,1.0,1.0,1.0,1.0,1.0,1.0,1.0,0.8787878787878787,0.9999999999999999,1.0000000000000002,0.9696969696969696,1.0,1.0000000000000002,0.9750000000000001,1.0000000000000002,0.975,0.9696969696969697,0.9999999999999999,1.0,1.0,0.9696969696969696,0.9999999999999998,1.0,12.719124419580641,0.9718992248062016,0.9696969696969696,0.9696969696969697,0.9696969696969696,0.9696969696969697,0.9696969696969696,0.9696969696969696,0.975,0.9696969696969696,0.975,0.9696969696969697,0.9696969696969697,0.975,0.9696969696969696,0.9696969696969698,0.9696969696969696,0.9999999999999999,0.9696969696969696,0.9696969696969697,0.9696969696969696,0.9696969696969696,0.9750000000000001,0.9696969696969697,0.9750000000000001,0.9696969696969696,0.9696969696969696,0.975,0.9696969696969697,0.9696969696969697,0.9696969696969697,0.9696969696969696,13.57963482670968,0.9961240310077519,0.9999999999999998,0.9696969696969696,1.0,0.9999999999999998,0.9696969696969697,1.0,0.9999999999999999,1.0,1.0000000000000002,0.9999999999999998,0.9696969696969696,1.0000000000000002,0.9999999999999998,0.9999999999999998,0.9999999999999999,1.0,1.0,1.0,0.9999999999999999,0.9696969696969696,1.0,0.9999999999999999,1.0000000000000002,1.0,1.0,1.0,0.9999999999999999,1.0,0.9999999999999999,1.0,619.6447543709684,0.9970930232558142,1.0,1.0,0.9999999999999999,0.9090909090909091,1.0,1.0,1.0,0.9999999999999998,1.0,1.0,1.0,1.0,1.0,0.9999999999999999,1.0,1.0,1.0,1.0,1.0,1.0,1.0,1.0,1.0,1.0,0.9999999999999999,1.0,1.0,1.0,1.0,1.0,35.765707877419345,0.9961240310077523,0.9999999999999998,1.0,0.9999999999999999,0.9999999999999999,1.0,1.0,0.9999999999999999,0.9999999999999999,1.0,0.9999999999999999,0.9999999999999999,1.0,0.9999999999999999,1.0,0.9696969696969698,1.0,1.0,0.9393939393939391,1.0,1.0,1.0,0.9999999999999998,0.9750000000000001,0.9999999999999998,0.9999999999999998,0.9999999999999999,1.0,0.9999999999999999,0.9999999999999999,0.9999999999999999,1317.4350108870954,0.988372093023256,0.9999999999999998,0.9696969696969696,1.0,1.0,1.0,1.0,0.975,1.0,0.9249999999999999,1.0,1.0,1.0,0.909090909090909,0.9999999999999998,0.9999999999999999,0.9999999999999998,0.9999999999999999,0.9999999999999999,1.0,0.9696969696969694,0.975,1.0,1.0,0.9696969696969697,1.0,1.0,0.9999999999999998,0.9696969696969696,1.0000000000000002,0.9999999999999998
23.197357357096816,0.9903100775193802,0.9999999999999999,1.0,1.0,0.9696969696969697,0.9696969696969698,0.9696969696969696,1.0,1.0,1.0,1.0,1.0,1.0,1.0,1.0,0.9393939393939392,0.9999999999999999,1.0000000000000002,0.9696969696969696,1.0,1.0000000000000002,0.9750000000000001,1.0000000000000002,0.975,0.9696969696969697,0.9999999999999999,1.0,1.0,0.9696969696969696,0.9999999999999998,1.0,12.998084106387092,0.9767441860465117,0.9696969696969696,0.9696969696969697,0.9696969696969696,1.0,0.9696969696969696,0.9696969696969696,0.975,0.9696969696969696,0.975,0.9696969696969697,0.9696969696969697,0.975,0.9999999999999999,1.0000000000000002,0.9696969696969696,0.9999999999999999,0.9696969696969696,0.9696969696969697,0.9696969696969696,0.9696969696969696,1.0,1.0,0.9750000000000001,0.9696969696969696,0.9696969696969696,0.975,0.9696969696969697,0.9696969696969697,0.9696969696969697,0.9696969696969696,13.949584867806454,0.9961240310077519,0.9999999999999998,0.9696969696969696,1.0,0.9999999999999998,0.9696969696969697,1.0,0.9999999999999999,1.0,1.0000000000000002,0.9999999999999998,0.9696969696969696,1.0000000000000002,0.9999999999999998,0.9999999999999998,0.9999999999999999,1.0,1.0,1.0,0.9999999999999999,0.9696969696969696,1.0,0.9999999999999999,1.0000000000000002,1.0,1.0,1.0,0.9999999999999999,1.0,0.9999999999999999,1.0,620.8735719806458,0.9970930232558142,1.0,1.0,0.9999999999999999,0.9090909090909091,1.0,1.0,1.0,0.9999999999999998,1.0,1.0,1.0,1.0,1.0,0.9999999999999999,1.0,1.0,1.0,1.0,1.0,1.0,1.0,1.0,1.0,1.0,0.9999999999999999,1.0,1.0,1.0,1.0,1.0,36.19970570161289,0.9961240310077523,0.9999999999999998,1.0,0.9999999999999999,0.9999999999999999,1.0,1.0,0.9999999999999999,0.9999999999999999,1.0,0.9999999999999999,0.9999999999999999,1.0,0.9999999999999999,1.0,0.9696969696969698,1.0,1.0,0.9393939393939391,1.0,1.0,1.0,0.9999999999999998,0.9750000000000001,0.9999999999999998,0.9999999999999998,0.9999999999999999,1.0,0.9999999999999999,0.9999999999999999,0.9999999999999999,1339.7366532580631,0.9961240310077522,0.9999999999999998,0.9999999999999999,1.0,1.0,1.0,1.0,1.0,1.0,0.975,1.0,1.0,1.0,0.9696969696969695,0.9999999999999998,0.9999999999999999,0.9999999999999998,0.9999999999999999,0.9999999999999999,1.0,0.9999999999999997,1.0,1.0,1.0,0.9696969696969697,1.0,1.0,0.9999999999999998,0.9696969696969696,1.0000000000000002,0.9999999999999998
23.30591521354843,0.9980620155038763,0.9999999999999999,1.0,1.0,0.9696969696969697,1.0000000000000002,0.9999999999999999,1.0,1.0,1.0,1.0,1.0,1.0,1.0,1.0,0.9999999999999998,0.9999999999999999,1.0000000000000002,0.9696969696969696,1.0,1.0000000000000002,1.0,1.0000000000000002,1.0,1.0,0.9999999999999999,1.0,1.0,0.9999999999999999,0.9999999999999998,1.0,13.277043793193544,0.9893410852713179,0.9999999999999999,1.0,0.9696969696969696,1.0,0.9999999999999999,0.9999999999999999,0.975,0.9999999999999999,1.0,1.0,1.0,0.975,0.9999999999999999,1.0000000000000002,0.9696969696969696,0.9999999999999999,0.9696969696969696,0.9696969696969697,0.9696969696969696,0.9696969696969696,1.0,1.0,1.0,0.9999999999999999,0.9696969696969696,1.0,1.0,0.9696969696969697,1.0,0.9696969696969696,14.319534908903229,0.998062015503876,0.9999999999999998,0.9999999999999999,1.0,0.9999999999999998,0.9696969696969697,1.0,0.9999999999999999,1.0,1.0000000000000002,0.9999999999999998,0.9999999999999999,1.0000000000000002,0.9999999999999998,0.9999999999999998,0.9999999999999999,1.0,1.0,1.0,0.9999999999999999,0.9696969696969696,1.0,0.9999999999999999,1.0000000000000002,1.0,1.0,1.0,0.9999999999999999,1.0,0.9999999999999999,1.0,622.1023895903232,0.9970930232558142,1.0,1.0,0.9999999999999999,0.9090909090909091,1.0,1.0,1.0,0.9999999999999998,1.0,1.0,1.0,1.0,1.0,0.9999999999999999,1.0,1.0,1.0,1.0,1.0,1.0,1.0,1.0,1.0,1.0,0.9999999999999999,1.0,1.0,1.0,1.0,1.0,36.63370352580644,0.9970930232558143,0.9999999999999998,1.0,0.9999999999999999,0.9999999999999999,1.0,1.0,0.9999999999999999,0.9999999999999999,1.0,0.9999999999999999,0.9999999999999999,1.0,0.9999999999999999,1.0,0.9696969696969698,1.0,1.0,0.9393939393939391,1.0,1.0,1.0,0.9999999999999998,1.0,0.9999999999999998,0.9999999999999998,0.9999999999999999,1.0,0.9999999999999999,0.9999999999999999,0.9999999999999999,1362.038295629031,0.9990310077519382,0.9999999999999998,0.9999999999999999,1.0,1.0,1.0,1.0,1.0,1.0,0.975,1.0,1.0,1.0,0.9999999999999998,0.9999999999999998,0.9999999999999999,0.9999999999999998,0.9999999999999999,0.9999999999999999,1.0,0.9999999999999997,1.0,1.0,1.0,1.0,1.0,1.0,0.9999999999999998,0.9999999999999999,1.0000000000000002,0.9999999999999998
23.414473070000046,1.0000000000000002,0.9999999999999999,1.0,1.0,1.0,1.0000000000000002,0.9999999999999999,1.0,1.0,1.0,1.0,1.0,1.0,1.0,1.0,0.9999999999999998,0.9999999999999999,1.0000000000000002,0.9999999999999999,1.0,1.0000000000000002,1.0,1.0000000000000002,1.0,1.0,0.9999999999999999,1.0,1.0,0.9999999999999999,0.9999999999999998,1.0,13.556003479999994,1.0,0.9999999999999999,1.0,0.9999999999999999,1.0,0.9999999999999999,0.9999999999999999,1.0,0.9999999999999999,1.0,1.0,1.0,1.0,0.9999999999999999,1.0000000000000002,0.9999999999999999,0.9999999999999999,0.9999999999999999,1.0,0.9999999999999999,0.9999999999999999,1.0,1.0,1.0,0.9999999999999999,0.9999999999999999,1.0,1.0,1.0,1.0,0.9999999999999999,14.689484950000002,1.0,0.9999999999999998,0.9999999999999999,1.0,0.9999999999999998,1.0,1.0,0.9999999999999999,1.0,1.0000000000000002,0.9999999999999998,0.9999999999999999,1.0000000000000002,0.9999999999999998,0.9999999999999998,0.9999999999999999,1.0,1.0,1.0,0.9999999999999999,0.9999999999999999,1.0,0.9999999999999999,1.0000000000000002,1.0,1.0,1.0,0.9999999999999999,1.0,0.9999999999999999,1.0,623.3312072000007,1.0000000000000002,1.0,1.0,0.9999999999999999,1.0,1.0,1.0,1.0,0.9999999999999998,1.0,1.0,1.0,1.0,1.0,0.9999999999999999,1.0,1.0,1.0,1.0,1.0,1.0,1.0,1.0,1.0,1.0,0.9999999999999999,1.0,1.0,1.0,1.0,1.0,37.06770134999999,1.0000000000000002,0.9999999999999998,1.0,0.9999999999999999,0.9999999999999999,1.0,1.0,0.9999999999999999,0.9999999999999999,1.0,0.9999999999999999,0.9999999999999999,1.0,0.9999999999999999,1.0,1.0000000000000002,1.0,1.0,0.9999999999999998,1.0,1.0,1.0,0.9999999999999998,1.0,0.9999999999999998,0.9999999999999998,0.9999999999999999,1.0,0.9999999999999999,0.9999999999999999,0.9999999999999999,1384.3399379999987,1.0000000000000002,0.9999999999999998,0.9999999999999999,1.0,1.0,1.0,1.0,1.0,1.0,1.0,1.0,1.0,1.0,0.9999999999999998,0.9999999999999998,0.9999999999999999,0.9999999999999998,0.9999999999999999,0.9999999999999999,1.0,0.9999999999999997,1.0,1.0,1.0,1.0,1.0,1.0,0.9999999999999998,0.9999999999999999,1.0000000000000002,0.9999999999999998
