sp_d_x,sp_d_y,sp_d_1,sp_d_2,sp_d_3,sp_d_4,sp_d_5,sp_d_6,sp_d_7,sp_d_8,sp_d_9,sp_d_10,sp_d_11,sp_d_12,sp_d_13,sp_d_14,sp_d_15,sp_d_16,sp_d_17,sp_d_18,sp_d_19,sp_d_20,sp_d_21,sp_d_22,sp_d_23,sp_d_24,sp_d_25,sp_h_x,sp_h_y,sp_h_1,sp_h_2,sp_h_3,sp_h_4,sp_h_5,sp_h_6,sp_h_7,sp_h_8,sp_h_9,sp_h_10,sp_h_11,sp_h_12,sp_h_13,sp_h_14,sp_h_15,sp_h_16,sp_h_17,sp_h_18,sp_h_19,sp_h_20,sp_h_21,sp_h_22,sp_h_23,sp_h_24,sp_h_25,sp_p_x,sp_p_y,sp_p_1,sp_p_2,sp_p_3,sp_p_4,sp_p_5,sp_p_6,sp_p_7,sp_p_8,sp_p_9,sp_p_10,sp_p_11,sp_p_12,sp_p_13,sp_p_14,sp_p_15,sp_p_16,sp_p_17,sp_p_18,sp_p_19,sp_p_20,sp_p_21,sp_p_22,sp_p_23,sp_p_24,sp_p_25,td_x,td_y,td_1,td_2,td_3,td_4,td_5,td_6,td_7,td_8,td_9,td_10,td_11,td_12,td_13,td_14,td_15,td_16,td_17,td_18,td_19,td_20,td_21,td_22,td_23,td_24,td_25,fs_x,fs_y,fs_1,fs_2,fs_3,fs_4,fs_5,fs_6,fs_7,fs_8,fs_9,fs_10,fs_11,fs_12,fs_13,fs_14,fs_15,fs_16,fs_17,fs_18,fs_19,fs_20,fs_21,fs_22,fs_23,fs_24,fs_25,vis_pre_110_x,vis_pre_110_y,vis_pre_110_1,vis_pre_110_2,vis_pre_110_3,vis_pre_110_4,vis_pre_110_5,vis_pre_110_6,vis_pre_110_7,vis_pre_110_8,vis_pre_110_9,vis_pre_110_10,vis_pre_110_11,vis_pre_110_12,vis_pre_110_13,vis_pre_110_14,vis_pre_110_15,vis_pre_110_16,vis_pre_110_17,vis_pre_110_18,vis_pre_110_19,vis_pre_110_20,vis_pre_110_21,vis_pre_110_22,vis_pre_110_23,vis_pre_110_24,vis_pre_110_25
20.04917952,0.001937984496124031,0.0,0.0,0.0,0.0,0.0,0.0,0.0,0.0,0.0,0.0,0.0,0.0,0.0,0.0,0.0,0.0,0.0,0.0,0.0,0.0,0.0,0.0,0.06666666666666667,0.0,0.0,4.908253189,0.01937984496124031,0.0,0.0,0.0,0.0,0.0,0.0,0.0,0.0,0.0,0.027777777777777776,0.4,0.23333333333333334,0.0,0.0,0.0,0.0,0.0,0.0,0.0,0.0,0.0,0.0,0.0,0.0,0.0,3.221033676,0.0009689922480620155,0.0,0.0,0.0,0.0,0.0,0.0,0.0,0.0,0.0,0.0,0.0,0.0,0.03333333333333333,0.0,0.0,0.0,0.0,0.0,0.0,0.0,0.0,0.0,0.0,0.0,0.0,585.2378613,0.05426356589147287,0.0,0.0,0.0,0.0,0.0,0.0,0.16666666666666666,0.0,0.15625,0.0,0.13333333333333333,0.2,0.23333333333333334,0.1,0.0,0.0,0.0,0.0,0.0,0.0,0.16666666666666666,0.0,0.36666666666666664,0.0,0.0,23.6137688,0.011627906976744186,0.0,0.08333333333333333,0.0,0.0,0.0,0.0,0.0,0.0,0.0,0.25,0.0,0.0,0.0,0.0,0.0,0.0,0.0,0.0,0.0,0.0,0.0,0.0,0.0,0.0,0.0,692.9890245,0.001937984496124031,0.0,0.0,0.0,0.03333333333333333,0.0,0.0,0.0,0.0,0.0,0.0,0.0,0.0,0.0,0.0,0.0,0.0,0.0,0.0,0.0,0.0,0.0,0.03333333333333333,0.0,0.0,0.0
20.157737376451614,0.011627906976744186,0.0,0.08333333333333333,0.0,0.0,0.0,0.0,0.0,0.0,0.0,0.0,0.0,0.0,0.2,0.0,0.0,0.0,0.0,0.0,0.0,0.0,0.0,0.0,0.1,0.0,0.0,5.187212875806451,0.022286821705426355,0.0,0.0,0.0,0.0,0.0,0.0,0.0,0.0,0.0,0.1111111111111111,0.4,0.23333333333333334,0.0,0.0,0.0,0.0,0.0,0.0,0.0,0.0,0.0,0.0,0.0,0.0,0.0,3.590983717096774,0.001937984496124031,0.0,0.0,0.0,0.0,0.0,0.0,0.0,0.0,0.0,0.0,0.0,0.0,0.03333333333333333,0.0,0.03333333333333333,0.0,0.0,0.0,0.0,0.0,0.0,0.0,0.0,0.0,0.0,586.4666789096774,0.05426356589147287,0.0,0.0,0.0,0.0,0.0,0.0,0.16666666666666666,0.0,0.15625,0.0,0.13333333333333333,0.2,0.23333333333333334,0.1,0.0,0.0,0.0,0.0,0.0,0.0,0.16666666666666666,0.0,0.36666666666666664,0.0,0.0,24.047766624193546,0.016472868217054265,0.0,0.1388888888888889,0.0,0.0,0.0,0.0,0.0,0.010416666666666666,0.0,0.2777777777777778,0.0,0.0,0.0,0.0,0.03333333333333333,0.0,0.0,0.0,0.0,0.0,0.0,0.0,0.0,0.0,0.0,715.2906668709677,0.005813953488372093,0.0,0.0,0.0,0.13333333333333333,0.0,0.0,0.0,0.0,0.0,0.0,0.0,0.0,0.0,0.0,0.0,0.0,0.0,0.0,0.0,0.0,0.0,0.06666666666666667,0.0,0.0,0.0
20.26629523290323,0.015503875968992248,0.0,0.1111111111111111,0.0,0.0,0.0,0.0,0.0,0.0,0.0,0.0,0.0,0.1,0.2,0.0,0.0,0.0,0.0,0.0,0.0,0.0,0.0,0.0,0.1,0.0,0.0,5.466172562612902,0.023255813953488372,0.0,0.0,0.0,0.0,0.0,0.0,0.0,0.0,0.0,0.1388888888888889,0.4,0.23333333333333334,0.0,0.0,0.0,0.0,0.0,0.0,0.0,0.0,0.0,0.0,0.0,0.0,0.0,3.9609337581935486,0.001937984496124031,0.0,0.0,0.0,0.0,0.0,0.0,0.0,0.0,0.0,0.0,0.0,0.0,0.03333333333333333,0.0,0.03333333333333333,0.0,0.0,0.0,0.0,0.0,0.0,0.0,0.0,0.0,0.0,587.6954965193548,0.05426356589147287,0.0,0.0,0.0,0.0,0.0,0.0,0.16666666666666666,0.0,0.15625,0.0,0.13333333333333333,0.2,0.23333333333333334,0.1,0.0,0.0,0.0,0.0,0.0,0.0,0.16666666666666666,0.0,0.36666666666666664,0.0,0.0,24.481764448387096,0.017441860465116282,0.0,0.1388888888888889,0.0,0.0,0.0,0.0,0.0,0.010416666666666666,0.0,0.2777777777777778,0.0,0.0,0.0,0.0,0.03333333333333333,0.0,0.0,0.0,0.0,0.03333333333333333,0.0,0.0,0.0,0.0,0.0,737.5923092419354,0.00872093023255814,0.0,0.0,0.0,0.2,0.0,0.0,0.0,0.010416666666666666,0.0,0.0,0.0,0.0,0.0,0.0,0.0,0.0,0.0,0.0,0.0,0.0,0.0,0.06666666666666667,0.0,0.0,0.0
20.374853089354843,0.02422480620155039,0.0,0.16666666666666666,0.0,0.0,0.0,0.0,0.0,0.0,0.0,0.0,0.03333333333333333,0.1,0.4,0.0,0.0,0.0,0.0,0.0,0.0,0.0,0.0,0.0,0.1,0.0,0.0,5.745132249419354,0.03294573643410853,0.0,0.0,0.0,0.0,0.0,0.06666666666666667,0.0,0.0,0.0,0.3611111111111111,0.4,0.23333333333333334,0.0,0.0,0.0,0.0,0.0,0.0,0.0,0.0,0.0,0.0,0.0,0.0,0.0,4.330883799290323,0.0029069767441860465,0.0,0.0,0.0,0.0,0.0,0.0,0.0,0.0,0.0,0.027777777777777776,0.0,0.0,0.03333333333333333,0.0,0.03333333333333333,0.0,0.0,0.0,0.0,0.0,0.0,0.0,0.0,0.0,0.0,588.9243141290323,0.09302325581395349,0.0,0.0,0.0,0.0,0.0,0.0,0.16666666666666666,0.0,0.15625,0.0,0.13333333333333333,0.4,0.7666666666666666,0.16666666666666669,0.0,0.0,0.0,0.0,0.0,0.0,0.16666666666666666,0.0,0.8999999999999999,0.0,0.0,24.915762272580643,0.025193798449612406,0.0,0.16666666666666669,0.0,0.0,0.0,0.0,0.0,0.010416666666666666,0.0,0.3888888888888889,0.0,0.0,0.06666666666666667,0.0,0.03333333333333333,0.0,0.0,0.0,0.0,0.03333333333333333,0.0,0.0,0.0,0.0,0.03333333333333333,759.8939516129032,0.023255813953488372,0.06666666666666667,0.0,0.0,0.33333333333333337,0.0,0.0,0.0,0.010416666666666666,0.0,0.0,0.0,0.0,0.0,0.0,0.0,0.0,0.1,0.0,0.0,0.0,0.0,0.2,0.0,0.06666666666666667,0.0
20.483410945806458,0.02616279069767442,0.0,0.16666666666666666,0.0,0.0,0.0,0.0,0.0,0.0,0.0,0.05555555555555555,0.03333333333333333,0.1,0.4,0.0,0.0,0.0,0.0,0.0,0.0,0.0,0.0,0.0,0.1,0.0,0.0,6.024091936225806,0.035852713178294575,0.0,0.0,0.0,0.0,0.0,0.06666666666666667,0.0,0.0,0.0,0.4444444444444444,0.4,0.23333333333333334,0.0,0.0,0.0,0.0,0.0,0.0,0.0,0.0,0.0,0.0,0.0,0.0,0.0,4.700833840387097,0.005813953488372093,0.0,0.0,0.0,0.0,0.0,0.0,0.0,0.0,0.0,0.027777777777777776,0.0,0.0,0.03333333333333333,0.0,0.06666666666666667,0.03333333333333333,0.0,0.0,0.0,0.0,0.0,0.0,0.03333333333333333,0.0,0.0,590.1531317387097,0.09302325581395349,0.0,0.0,0.0,0.0,0.0,0.0,0.16666666666666666,0.0,0.15625,0.0,0.13333333333333333,0.4,0.7666666666666666,0.16666666666666669,0.0,0.0,0.0,0.0,0.0,0.0,0.16666666666666666,0.0,0.8999999999999999,0.0,0.0,25.34976009677419,0.0310077519379845,0.0,0.25,0.0,0.0,0.0,0.0,0.0,0.03125,0.0,0.3888888888888889,0.0,0.0,0.06666666666666667,0.0,0.03333333333333333,0.0,0.0,0.0,0.0,0.06666666666666667,0.0,0.0,0.0,0.0,0.03333333333333333,782.1955939838708,0.04844961240310078,0.36666666666666664,0.0,0.1,0.3666666666666667,0.0,0.0,0.0,0.010416666666666666,0.0,0.0,0.0,0.0,0.0,0.0,0.0,0.0,0.23333333333333334,0.0,0.0,0.0,0.0,0.2,0.0,0.36666666666666664,0.0
20.591968802258073,0.03875968992248062,0.0,0.38888888888888884,0.0,0.0,0.0,0.0,0.03333333333333333,0.0,0.0,0.1111111111111111,0.06666666666666667,0.13333333333333333,0.4,0.0,0.0,0.0,0.0,0.0,0.0,0.0,0.0,0.0,0.1,0.0,0.0,6.303051623032257,0.0436046511627907,0.0,0.0,0.0,0.0,0.0,0.06666666666666667,0.0,0.0,0.0625,0.4444444444444444,0.4,0.23333333333333334,0.0,0.0,0.0,0.0,0.0,0.0,0.0,0.0,0.06666666666666667,0.0,0.0,0.0,0.0,5.070783881483871,0.011627906976744186,0.0,0.0,0.0,0.0,0.0,0.0,0.03333333333333333,0.0,0.03125,0.027777777777777776,0.0,0.0,0.03333333333333333,0.03333333333333333,0.06666666666666667,0.03333333333333333,0.0,0.0,0.0,0.0,0.03333333333333333,0.0,0.03333333333333333,0.0,0.0,591.3819493483871,0.09302325581395349,0.0,0.0,0.0,0.0,0.0,0.0,0.16666666666666666,0.0,0.15625,0.0,0.13333333333333333,0.4,0.7666666666666666,0.16666666666666669,0.0,0.0,0.0,0.0,0.0,0.0,0.16666666666666666,0.0,0.8999999999999999,0.0,0.0,25.78375792096774,0.044573643410852716,0.0,0.2777777777777778,0.0,0.0,0.0,0.0,0.1,0.03125,0.0,0.4166666666666667,0.13333333333333333,0.0,0.06666666666666667,0.0,0.16666666666666666,0.0,0.0,0.0,0.0,0.06666666666666667,0.0,0.0,0.03333333333333333,0.0,0.03333333333333333,804.4972363548385,0.06201550387596899,0.5333333333333333,0.0,0.16666666666666669,0.4,0.0,0.03333333333333333,0.0,0.010416666666666666,0.0,0.0,0.0,0.0,0.0,0.0,0.0,0.1,0.23333333333333334,0.0,0.0,0.0,0.0,0.2,0.0,0.4333333333333333,0.0
20.700526658709684,0.05329457364341085,0.0,0.38888888888888884,0.0,0.0,0.0,0.0,0.23333333333333334,0.0,0.0,0.1111111111111111,0.1,0.2,0.4,0.1,0.0,0.0,0.0,0.0,0.0,0.0,0.0,0.0,0.2,0.0,0.0,6.582011309838709,0.14534883720930233,0.0,0.027777777777777776,0.0,0.0,0.0,0.1,0.0,0.0,0.8020833333333334,0.5,0.5333333333333333,0.3,0.0,0.0,0.0,0.0,0.0,0.0,0.0,0.0,0.7999999999999999,0.03333333333333333,0.03333333333333333,0.0,0.0,5.440733922580646,0.01744186046511628,0.0,0.0,0.0,0.0,0.0,0.0,0.03333333333333333,0.0,0.0625,0.027777777777777776,0.03333333333333333,0.0,0.03333333333333333,0.03333333333333333,0.06666666666666667,0.06666666666666667,0.0,0.0,0.0,0.0,0.06666666666666667,0.0,0.03333333333333333,0.0,0.0,592.6107669580646,0.09302325581395349,0.0,0.0,0.0,0.0,0.0,0.0,0.16666666666666666,0.0,0.15625,0.0,0.13333333333333333,0.4,0.7666666666666666,0.16666666666666669,0.0,0.0,0.0,0.0,0.0,0.0,0.16666666666666666,0.0,0.8999999999999999,0.0,0.0,26.217755745161288,0.09883720930232559,0.0,0.3055555555555556,0.06666666666666667,0.0,0.0,0.0,0.26666666666666666,0.0625,0.0,0.6944444444444444,0.13333333333333333,0.0,0.06666666666666667,0.23333333333333334,0.26666666666666666,0.0,0.0,0.19444444444444445,0.125,0.1,0.0,0.0,0.06666666666666667,0.0,0.16666666666666666,826.7988787258062,0.07655038759689922,0.5666666666666667,0.0,0.30000000000000004,0.4,0.0,0.03333333333333333,0.0,0.010416666666666666,0.0,0.0,0.0,0.0,0.0,0.0,0.0,0.13333333333333333,0.26666666666666666,0.027777777777777776,0.0,0.0,0.06666666666666667,0.30000000000000004,0.0,0.49999999999999994,0.0
20.8090845151613,0.0998062015503876,0.0,0.38888888888888884,0.1,0.0,0.0,0.0,0.6666666666666667,0.0,0.0,0.1111111111111111,0.6,0.23333333333333334,0.5666666666666667,0.2,0.0,0.0,0.0,0.08333333333333333,0.0,0.0,0.0,0.0,0.2,0.0,0.16666666666666666,6.86097099664516,0.21220930232558138,0.03333333333333333,0.25,0.0,0.1,0.0,0.1,0.13333333333333333,0.03125,0.9375,0.5277777777777778,0.7,0.36666666666666664,0.23333333333333334,0.13333333333333333,0.0,0.0,0.03333333333333333,0.2222222222222222,0.0,0.0,0.9333333333333332,0.16666666666666666,0.03333333333333333,0.03333333333333333,0.0,5.81068396367742,0.025193798449612403,0.0,0.0,0.0,0.0,0.0,0.0,0.03333333333333333,0.0,0.125,0.027777777777777776,0.03333333333333333,0.0,0.03333333333333333,0.03333333333333333,0.06666666666666667,0.06666666666666667,0.0,0.0,0.0,0.0,0.13333333333333333,0.0,0.03333333333333333,0.0,0.0,593.839584567742,0.09302325581395349,0.0,0.0,0.0,0.0,0.0,0.0,0.16666666666666666,0.0,0.15625,0.0,0.13333333333333333,0.4,0.7666666666666666,0.16666666666666669,0.0,0.0,0.0,0.0,0.0,0.0,0.16666666666666666,0.0,0.8999999999999999,0.0,0.0,26.651753569354835,0.15503875968992248,0.0,0.33333333333333337,0.13333333333333333,0.0,0.17708333333333334,0.0,0.4,0.08333333333333333,0.0,0.6944444444444444,0.13333333333333333,0.0,0.06666666666666667,0.6333333333333333,0.4666666666666667,0.0,0.0,0.33333333333333337,0.20833333333333331,0.1,0.0,0.0,0.1,0.0,0.16666666666666666,849.100521096774,0.08527131782945736,0.5666666666666667,0.0,0.33333333333333337,0.4666666666666667,0.0,0.03333333333333333,0.0,0.03125,0.0,0.0,0.0,0.0,0.0,0.0,0.0,0.13333333333333333,0.3,0.027777777777777776,0.0,0.0,0.1,0.3666666666666667,0.0,0.49999999999999994,0.0
20.917642371612914,0.1298449612403101,0.0,0.38888888888888884,0.13333333333333333,0.0,0.0,0.0,0.6666666666666667,0.0,0.0,0.2777777777777778,0.6666666666666666,0.43333333333333335,0.6,0.43333333333333335,0.0,0.03333333333333333,0.0,0.1388888888888889,0.0,0.0,0.0,0.0,0.33333333333333337,0.0,0.19999999999999998,7.139930683451611,0.27228682170542634,0.1,0.3888888888888889,0.0,0.2,0.0,0.26666666666666666,0.3,0.03125,0.9375,0.9722222222222222,0.8333333333333333,0.6,0.23333333333333334,0.3,0.0,0.0,0.03333333333333333,0.2222222222222222,0.0,0.0,0.9333333333333332,0.26666666666666666,0.03333333333333333,0.03333333333333333,0.23333333333333334,6.180634004774195,0.06492248062015504,0.0,0.0,0.0,0.0,0.0,0.0,0.06666666666666667,0.0,0.4479166666666667,0.08333333333333333,0.03333333333333333,0.0,0.03333333333333333,0.06666666666666667,0.06666666666666667,0.16666666666666669,0.0,0.0,0.0,0.0,0.23333333333333334,0.0,0.03333333333333333,0.0,0.0,595.0684021774196,0.0939922480620155,0.0,0.0,0.0,0.0,0.0,0.0,0.16666666666666666,0.0,0.15625,0.0,0.13333333333333333,0.4,0.7666666666666666,0.16666666666666669,0.0,0.0,0.0,0.0,0.0,0.0,0.16666666666666666,0.0,0.9333333333333332,0.0,0.0,27.085751393548385,0.1937984496124031,0.13333333333333333,0.47222222222222227,0.16666666666666666,0.0,0.27083333333333337,0.0,0.4,0.11458333333333333,0.0,0.6944444444444444,0.2,0.06666666666666667,0.16666666666666669,0.7666666666666666,0.5,0.0,0.0,0.36111111111111116,0.20833333333333331,0.13333333333333333,0.0,0.0,0.2,0.0,0.19999999999999998,871.4021634677416,0.10562015503875968,0.6333333333333333,0.0,0.33333333333333337,0.5666666666666667,0.0,0.03333333333333333,0.0,0.08333333333333334,0.0,0.0,0.0,0.0,0.0,0.0,0.0,0.16666666666666666,0.4,0.2222222222222222,0.0,0.0,0.1,0.3666666666666667,0.0,0.49999999999999994,0.0
21.02620022806453,0.1492248062015504,0.0,0.6388888888888888,0.13333333333333333,0.0,0.0,0.0,0.6666666666666667,0.0,0.0,0.4166666666666667,0.6666666666666666,0.43333333333333335,0.7333333333333333,0.4666666666666667,0.0,0.06666666666666667,0.0,0.1388888888888889,0.0,0.0,0.0,0.0,0.33333333333333337,0.0,0.19999999999999998,7.418890370258063,0.4215116279069767,0.30000000000000004,0.4722222222222222,0.06666666666666667,0.6666666666666667,0.0625,0.8333333333333333,0.7333333333333334,0.1875,0.96875,1.0,0.8666666666666666,0.7,0.43333333333333335,0.7333333333333334,0.0,0.0,0.39999999999999997,0.6111111111111112,0.0,0.06666666666666667,0.9666666666666666,0.8,0.23333333333333334,0.06666666666666667,0.23333333333333334,6.550584045870968,0.12015503875968993,0.0,0.0,0.0,0.06666666666666667,0.0,0.03333333333333333,0.06666666666666667,0.03125,0.7291666666666667,0.16666666666666666,0.03333333333333333,0.0,0.03333333333333333,0.06666666666666667,0.1,0.30000000000000004,0.0,0.0,0.03125,0.0,0.6,0.06666666666666667,0.03333333333333333,0.0,0.0,596.297219787097,0.0939922480620155,0.0,0.0,0.0,0.0,0.0,0.0,0.16666666666666666,0.0,0.15625,0.0,0.13333333333333333,0.4,0.7666666666666666,0.16666666666666669,0.0,0.0,0.0,0.0,0.0,0.0,0.16666666666666666,0.0,0.9333333333333332,0.0,0.0,27.519749217741932,0.2974806201550388,0.13333333333333333,0.5555555555555556,0.19999999999999998,0.06666666666666667,0.27083333333333337,0.0,0.4666666666666667,0.2604166666666667,0.3229166666666667,0.7777777777777778,0.2,0.06666666666666667,0.3666666666666667,0.7666666666666666,0.5666666666666667,0.13333333333333333,0.3,0.5555555555555556,0.34375,0.13333333333333333,0.1,0.1,0.23333333333333334,0.03333333333333333,0.26666666666666666,893.7038058387093,0.14147286821705427,0.6666666666666666,0.0,0.3666666666666667,0.6,0.0,0.06666666666666667,0.0,0.16666666666666669,0.0,0.0,0.0,0.0,0.0,0.0,0.0,0.43333333333333335,0.43333333333333335,0.25,0.10416666666666667,0.0,0.13333333333333333,0.4666666666666667,0.0,0.5333333333333333,0.0
21.134758084516143,0.2296511627906977,0.0,0.6388888888888888,0.26666666666666666,0.0,0.13541666666666666,0.0,0.6666666666666667,0.0,0.0,0.5,0.7666666666666666,0.7333333333333334,0.7333333333333333,0.6666666666666667,0.0,0.13333333333333333,0.03333333333333333,0.19444444444444445,0.19791666666666666,0.13333333333333333,0.0,0.0,0.7666666666666667,0.03333333333333333,0.3,7.697850057064514,0.7868217054263565,0.9333333333333333,0.9722222222222222,0.9333333333333333,0.9666666666666668,0.9375,0.9333333333333332,1.0,0.9375,1.0,1.0,0.9333333333333332,0.8999999999999999,0.9,1.0,0.3333333333333333,0.0,1.0,0.9722222222222223,0.0,0.9333333333333333,0.9999999999999999,1.0,0.4,0.6333333333333333,0.5333333333333333,6.920534086967743,0.17829457364341086,0.06666666666666667,0.0,0.0,0.23333333333333334,0.0,0.03333333333333333,0.06666666666666667,0.09375,0.8854166666666667,0.25,0.03333333333333333,0.0,0.03333333333333333,0.06666666666666667,0.13333333333333333,0.6000000000000001,0.0,0.0,0.09375,0.0,0.8666666666666667,0.23333333333333334,0.03333333333333333,0.0,0.0,597.5260373967744,0.12112403100775193,0.0,0.0,0.0,0.0,0.0,0.0,0.16666666666666666,0.0,0.15625,0.0,0.13333333333333333,0.4,0.7666666666666666,0.16666666666666669,0.9333333333333333,0.0,0.0,0.0,0.0,0.0,0.16666666666666666,0.0,0.9333333333333332,0.0,0.0,27.95374704193548,0.39437984496124034,0.16666666666666666,0.5555555555555556,0.3,0.06666666666666667,0.5520833333333334,0.16666666666666666,0.5333333333333333,0.36458333333333337,0.4791666666666667,0.8333333333333334,0.23333333333333334,0.06666666666666667,0.4,0.8333333333333333,0.6,0.13333333333333333,0.4,0.6111111111111112,0.5,0.16666666666666666,0.13333333333333333,0.1,0.26666666666666666,0.13333333333333333,0.4,916.005448209677,0.17248062015503876,0.7,0.0,0.4,0.6666666666666666,0.0,0.06666666666666667,0.0,0.23958333333333337,0.0,0.0,0.0,0.0,0.0,0.0,0.0,0.5666666666666667,0.43333333333333335,0.3611111111111111,0.17708333333333334,0.0,0.13333333333333333,0.5333333333333333,0.0,0.6666666666666666,0.0
21.243315940967758,0.2606589147286822,0.0,0.8333333333333333,0.26666666666666666,0.0,0.13541666666666666,0.4,0.6666666666666667,0.0,0.0,0.5277777777777778,0.7999999999999999,0.7333333333333334,0.8666666666666666,0.6666666666666667,0.0,0.13333333333333333,0.03333333333333333,0.2777777777777778,0.22916666666666666,0.13333333333333333,0.0,0.0,0.7666666666666667,0.03333333333333333,0.3333333333333333,7.976809743870966,0.8527131782945736,0.9666666666666667,1.0,1.0,1.0000000000000002,1.0,0.9999999999999999,1.0,0.96875,1.0,1.0,0.9333333333333332,0.9333333333333332,0.9333333333333333,1.0,0.5333333333333333,0.0,1.0,1.0,0.0,1.0,0.9999999999999999,1.0,1.0,1.0,0.9333333333333333,7.2904841280645165,0.23837209302325582,0.13333333333333333,0.0,0.0,0.5333333333333333,0.0,0.03333333333333333,0.1,0.125,0.8854166666666667,0.3055555555555556,0.03333333333333333,0.0,0.1,0.1,0.13333333333333333,0.8666666666666667,0.03333333333333333,0.0,0.33333333333333337,0.0,0.9,0.5333333333333333,0.03333333333333333,0.0,0.0,598.7548550064519,0.5232558139534884,0.43333333333333335,0.3611111111111111,0.36666666666666664,0.36666666666666664,0.3541666666666667,0.0,0.6,0.3958333333333333,0.96875,0.9444444444444444,0.4,0.5,0.7666666666666666,0.43333333333333335,0.9333333333333333,0.43333333333333335,0.9,0.3333333333333333,0.3229166666666667,0.3333333333333333,0.9666666666666667,0.4,0.9333333333333332,0.36666666666666664,0.36666666666666664,28.387744866129026,0.4593023255813954,0.19999999999999998,0.638888888888889,0.43333333333333335,0.13333333333333333,0.6666666666666667,0.16666666666666666,0.6333333333333333,0.40625000000000006,0.6666666666666667,0.8611111111111112,0.23333333333333334,0.16666666666666669,0.43333333333333335,0.8333333333333333,0.7333333333333333,0.13333333333333333,0.43333333333333335,0.6111111111111112,0.5,0.19999999999999998,0.33333333333333337,0.1,0.3333333333333333,0.13333333333333333,0.4666666666666667,938.3070905806446,0.2238372093023256,0.7666666666666666,0.05555555555555555,0.5,0.7,0.0,0.1,0.0,0.33333333333333337,0.0,0.0,0.0,0.0,0.0,0.0,0.0,0.7333333333333333,0.43333333333333335,0.5555555555555556,0.28125,0.0,0.13333333333333333,0.7333333333333334,0.0,0.8999999999999999,0.0
21.351873797419373,0.27422480620155043,0.0,0.8333333333333333,0.26666666666666666,0.0,0.13541666666666666,0.5333333333333333,0.7000000000000001,0.0,0.0,0.6666666666666667,0.8333333333333333,0.8,0.8666666666666666,0.7000000000000001,0.0,0.13333333333333333,0.03333333333333333,0.2777777777777778,0.22916666666666666,0.13333333333333333,0.0,0.0,0.7666666666666667,0.03333333333333333,0.3333333333333333,8.255769430677418,0.8653100775193798,1.0,1.0,1.0,1.0000000000000002,1.0,0.9999999999999999,1.0,1.0,1.0,1.0,0.9333333333333332,0.9333333333333332,0.9666666666666667,1.0,0.8,0.0,1.0,1.0,0.0,1.0,0.9999999999999999,1.0,1.0,1.0,0.9333333333333333,7.660434169161292,0.29554263565891475,0.13333333333333333,0.05555555555555555,0.0,0.6,0.0,0.06666666666666667,0.1,0.125,0.9166666666666667,0.3888888888888889,0.03333333333333333,0.0,0.1,0.1,0.13333333333333333,0.9333333333333333,0.03333333333333333,0.0,0.78125,0.0,0.9333333333333333,0.6,0.03333333333333333,0.0,0.0,599.9836726161293,0.5281007751937985,0.43333333333333335,0.3611111111111111,0.36666666666666664,0.36666666666666664,0.3541666666666667,0.0,0.6,0.3958333333333333,0.96875,0.9444444444444444,0.4,0.5666666666666667,0.8333333333333333,0.43333333333333335,0.9333333333333333,0.43333333333333335,0.9,0.3333333333333333,0.3229166666666667,0.3333333333333333,0.9666666666666667,0.4,0.9666666666666666,0.36666666666666664,0.36666666666666664,28.821742690322576,0.5145348837209303,0.19999999999999998,0.638888888888889,0.4666666666666667,0.13333333333333333,0.6875000000000001,0.5333333333333333,0.8333333333333333,0.46875000000000006,0.6979166666666667,0.888888888888889,0.23333333333333334,0.16666666666666669,0.5,0.8999999999999999,0.8333333333333333,0.16666666666666666,0.5666666666666667,0.75,0.5520833333333334,0.3,0.33333333333333337,0.1,0.3333333333333333,0.13333333333333333,0.5333333333333333,960.6087329516124,0.29457364341085274,0.7999999999999999,0.6111111111111112,0.6666666666666666,0.7333333333333333,0.052083333333333336,0.1,0.0,0.42708333333333337,0.0,0.0,0.0,0.0,0.0,0.0,0.0,0.7666666666666666,0.7,0.6666666666666667,0.4375,0.06666666666666667,0.2,0.7333333333333334,0.0,0.8999999999999999,0.0
21.460431653870987,0.3468992248062016,0.0,0.9166666666666666,0.3666666666666667,0.06666666666666667,0.34375,0.5333333333333333,0.7666666666666667,0.0,0.0625,0.6944444444444445,0.8333333333333333,0.8,0.8666666666666666,0.7000000000000001,0.0,0.16666666666666666,0.06666666666666667,0.3888888888888889,0.34375,0.33333333333333337,0.23333333333333334,0.2,0.7666666666666667,0.06666666666666667,0.36666666666666664,8.534729117483868,0.877906976744186,1.0,1.0,1.0,1.0000000000000002,1.0,0.9999999999999999,1.0,1.0,1.0,1.0,0.9999999999999999,0.9666666666666666,1.0,1.0,0.9666666666666667,0.0,1.0,1.0,0.03125,1.0,0.9999999999999999,1.0,1.0,1.0,0.9666666666666667,8.030384210258067,0.3420542635658915,0.13333333333333333,0.1111111111111111,0.0,0.7,0.0,0.1,0.1,0.15625,1.0,0.3888888888888889,0.03333333333333333,0.0,0.1,0.1,0.13333333333333333,1.0,0.06666666666666667,0.1111111111111111,0.96875,0.0,1.0,0.7,0.03333333333333333,0.03333333333333333,0.0,601.2124902258067,0.5281007751937985,0.43333333333333335,0.3611111111111111,0.36666666666666664,0.36666666666666664,0.3541666666666667,0.0,0.6,0.3958333333333333,0.96875,0.9444444444444444,0.4,0.5666666666666667,0.8333333333333333,0.43333333333333335,0.9333333333333333,0.43333333333333335,0.9,0.3333333333333333,0.3229166666666667,0.3333333333333333,0.9666666666666667,0.4,0.9666666666666666,0.36666666666666664,0.36666666666666664,29.255740514516123,0.5281007751937985,0.19999999999999998,0.7222222222222223,0.5333333333333333,0.13333333333333333,0.6875000000000001,0.5333333333333333,0.8333333333333333,0.46875000000000006,0.6979166666666667,0.9166666666666667,0.23333333333333334,0.16666666666666669,0.5333333333333333,0.8999999999999999,0.8666666666666666,0.16666666666666666,0.5666666666666667,0.75,0.5520833333333334,0.3333333333333333,0.33333333333333337,0.1,0.5,0.13333333333333333,0.5333333333333333,982.9103753225801,0.3294573643410853,0.7999999999999999,0.888888888888889,0.7333333333333333,0.7666666666666666,0.08333333333333334,0.1,0.0,0.5520833333333334,0.0,0.0,0.0,0.0,0.0,0.0,0.0,0.7666666666666666,0.7666666666666666,0.7222222222222223,0.4479166666666667,0.1,0.23333333333333334,0.7666666666666667,0.0,0.8999999999999999,0.0
21.568989510322602,0.3585271317829458,0.0,0.9166666666666666,0.3666666666666667,0.06666666666666667,0.34375,0.5666666666666667,0.7666666666666667,0.0,0.0625,0.7777777777777779,0.8666666666666666,0.8666666666666667,0.8666666666666666,0.7333333333333334,0.0,0.19999999999999998,0.06666666666666667,0.3888888888888889,0.34375,0.33333333333333337,0.23333333333333334,0.2,0.8666666666666667,0.06666666666666667,0.36666666666666664,8.81368880429032,0.8827519379844961,1.0,1.0,1.0,1.0000000000000002,1.0,0.9999999999999999,1.0,1.0,1.0,1.0,0.9999999999999999,0.9999999999999999,1.0,1.0,1.0,0.0,1.0,1.0,0.0625,1.0,0.9999999999999999,1.0,1.0,1.0,0.9666666666666667,8.40033425135484,0.36434108527131787,0.16666666666666666,0.1388888888888889,0.03333333333333333,0.7,0.03125,0.1,0.1,0.15625,1.0,0.3888888888888889,0.06666666666666667,0.0,0.23333333333333334,0.1,0.16666666666666666,1.0,0.06666666666666667,0.2222222222222222,1.0,0.03333333333333333,1.0,0.7,0.13333333333333333,0.03333333333333333,0.0,602.4413078354842,0.9127906976744187,0.9333333333333333,0.9444444444444444,0.9333333333333333,0.9333333333333333,0.9375,0.0,0.9666666666666666,0.9375,0.96875,0.9722222222222222,0.9666666666666667,0.7,0.8333333333333333,0.9666666666666667,1.0,0.9333333333333333,0.9666666666666667,0.9444444444444444,0.9375,0.9333333333333333,0.9666666666666667,0.9666666666666667,0.9999999999999999,0.9333333333333333,0.9333333333333333,29.689738338709674,0.616279069767442,0.7,0.8055555555555557,0.5333333333333333,0.16666666666666666,0.6875000000000001,0.5333333333333333,0.8333333333333333,0.47916666666666674,0.7291666666666667,0.9722222222222223,0.5333333333333333,0.5,0.6666666666666666,0.8999999999999999,0.8666666666666666,0.23333333333333334,0.5666666666666667,0.8055555555555556,0.6770833333333334,0.3333333333333333,0.33333333333333337,0.6333333333333333,0.6666666666666666,0.23333333333333334,0.6333333333333333,1005.2120176935478,0.3488372093023256,0.7999999999999999,0.9166666666666667,0.7666666666666666,0.8333333333333333,0.10416666666666667,0.16666666666666669,0.0,0.5833333333333334,0.0,0.05555555555555555,0.0,0.0,0.0,0.06666666666666667,0.0,0.7666666666666666,0.7666666666666666,0.7500000000000001,0.4479166666666667,0.1,0.3,0.8,0.0,0.8999999999999999,0.03333333333333333
21.677547366774217,0.39244186046511637,0.06666666666666667,0.9166666666666666,0.3666666666666667,0.2,0.34375,0.7333333333333333,0.9,0.0,0.16666666666666669,0.8611111111111113,0.8666666666666666,0.8666666666666667,0.8999999999999999,0.7666666666666667,0.0,0.3,0.06666666666666667,0.3888888888888889,0.34375,0.33333333333333337,0.26666666666666666,0.23333333333333334,0.8666666666666667,0.06666666666666667,0.36666666666666664,9.09264849109677,0.8963178294573644,1.0,1.0,1.0,1.0000000000000002,1.0,0.9999999999999999,1.0,1.0,1.0,1.0,0.9999999999999999,0.9999999999999999,1.0,1.0,1.0,0.0,1.0,1.0,0.19791666666666666,1.0,0.9999999999999999,1.0,1.0,1.0,1.0,8.770284292451615,0.3914728682170543,0.16666666666666666,0.1388888888888889,0.06666666666666667,0.7666666666666666,0.0625,0.16666666666666669,0.13333333333333333,0.21875,1.0,0.3888888888888889,0.1,0.03333333333333333,0.23333333333333334,0.13333333333333333,0.23333333333333334,1.0,0.1,0.25,1.0,0.06666666666666667,1.0,0.7666666666666666,0.16666666666666666,0.06666666666666667,0.03333333333333333,603.6701254451616,0.9205426356589148,0.9333333333333333,0.9444444444444444,0.9333333333333333,0.9333333333333333,0.9375,0.0,0.9666666666666666,0.9375,0.96875,0.9722222222222222,0.9666666666666667,0.8333333333333333,0.9666666666666666,0.9666666666666667,1.0,0.9333333333333333,0.9666666666666667,0.9444444444444444,0.9375,0.9333333333333333,0.9666666666666667,0.9666666666666667,0.9999999999999999,0.9333333333333333,0.9333333333333333,30.12373616290322,0.8817829457364342,0.9666666666666666,0.8333333333333335,0.8666666666666667,0.9666666666666667,0.9166666666666667,0.8,0.8999999999999999,0.8541666666666667,0.9687500000000001,1.0,0.8,0.8333333333333333,0.7,0.9666666666666666,0.8999999999999999,0.8,0.9333333333333333,0.9722222222222222,0.8125,0.8,1.0,0.9333333333333333,0.7333333333333333,0.9666666666666666,0.7333333333333333,1027.5136600645155,0.37887596899224807,0.7999999999999999,0.9166666666666667,0.8333333333333333,0.8999999999999999,0.15625,0.23333333333333334,0.0,0.65625,0.0,0.08333333333333333,0.0,0.0,0.0,0.1,0.0,0.7999999999999999,0.7666666666666666,0.8055555555555557,0.48958333333333337,0.1,0.3,0.8333333333333334,0.0,0.8999999999999999,0.13333333333333333
21.786105223225828,0.431201550387597,0.06666666666666667,0.9722222222222222,0.5,0.23333333333333334,0.375,0.7333333333333333,0.9,0.0,0.23958333333333337,0.8611111111111113,0.8999999999999999,0.8666666666666667,0.8999999999999999,0.8333333333333334,0.03333333333333333,0.3333333333333333,0.06666666666666667,0.3888888888888889,0.375,0.3666666666666667,0.26666666666666666,0.23333333333333334,0.8666666666666667,0.36666666666666664,0.5333333333333333,9.371608177903223,0.9709302325581396,1.0,1.0,1.0,1.0000000000000002,1.0,0.9999999999999999,1.0,1.0,1.0,1.0,0.9999999999999999,0.9999999999999999,1.0,1.0,1.0,0.0,1.0,1.0,1.0,1.0,0.9999999999999999,1.0,1.0,1.0,1.0,9.140234333548388,0.45736434108527135,0.3,0.19444444444444445,0.23333333333333334,0.9333333333333332,0.21875,0.2,0.16666666666666666,0.28125,1.0,0.5,0.1,0.03333333333333333,0.33333333333333337,0.16666666666666666,0.23333333333333334,1.0,0.30000000000000004,0.25,1.0,0.23333333333333334,1.0,0.9333333333333332,0.26666666666666666,0.1,0.06666666666666667,604.898943054839,0.9273255813953489,0.9333333333333333,0.9444444444444444,0.9333333333333333,0.9333333333333333,0.9375,0.0,0.9999999999999999,0.9375,1.0,1.0,0.9666666666666667,0.8333333333333333,0.9666666666666666,0.9666666666666667,1.0,0.9333333333333333,1.0,0.9444444444444444,0.9375,0.9333333333333333,1.0,0.9666666666666667,0.9999999999999999,0.9333333333333333,0.9333333333333333,30.557733987096768,0.8934108527131784,0.9666666666666666,0.8333333333333335,0.8666666666666667,0.9666666666666667,0.9375000000000001,0.8,0.8999999999999999,0.8958333333333334,0.9687500000000001,1.0,0.8,0.8333333333333333,0.7,0.9666666666666666,0.8999999999999999,0.8666666666666667,0.9333333333333333,0.9722222222222222,0.8541666666666666,0.8,1.0,0.9333333333333333,0.7333333333333333,0.9666666666666666,0.7333333333333333,1049.815302435483,0.4118217054263566,0.7999999999999999,0.9444444444444445,0.8333333333333333,0.9666666666666666,0.16666666666666666,0.5,0.06666666666666667,0.7708333333333334,0.020833333333333332,0.08333333333333333,0.0,0.0,0.0,0.13333333333333333,0.0,0.7999999999999999,0.7666666666666666,0.8333333333333335,0.5208333333333334,0.1,0.3333333333333333,0.8333333333333334,0.0,0.8999999999999999,0.16666666666666666
21.894663079677443,0.48449612403100784,0.3,1.0,0.7,0.3,0.375,0.7333333333333333,0.9,0.0,0.27083333333333337,0.8611111111111113,0.8999999999999999,0.8666666666666667,0.8999999999999999,0.8333333333333334,0.06666666666666667,0.43333333333333335,0.23333333333333334,0.5833333333333334,0.375,0.3666666666666667,0.3,0.33333333333333337,0.8666666666666667,0.6,0.8333333333333333,9.650567864709675,0.9709302325581396,1.0,1.0,1.0,1.0000000000000002,1.0,0.9999999999999999,1.0,1.0,1.0,1.0,0.9999999999999999,0.9999999999999999,1.0,1.0,1.0,0.0,1.0,1.0,1.0,1.0,0.9999999999999999,1.0,1.0,1.0,1.0,9.510184374645164,0.5242248062015504,0.5333333333333333,0.19444444444444445,0.26666666666666666,0.9999999999999999,0.25,0.2,0.23333333333333334,0.5520833333333333,1.0,0.5555555555555556,0.13333333333333333,0.1,0.4,0.23333333333333334,0.3,1.0,0.30000000000000004,0.2777777777777778,1.0,0.26666666666666666,1.0,0.9999999999999999,0.4666666666666667,0.26666666666666666,0.13333333333333333,606.1277606645165,0.9273255813953489,0.9333333333333333,0.9444444444444444,0.9333333333333333,0.9333333333333333,0.9375,0.0,0.9999999999999999,0.9375,1.0,1.0,0.9666666666666667,0.8333333333333333,0.9666666666666666,0.9666666666666667,1.0,0.9333333333333333,1.0,0.9444444444444444,0.9375,0.9333333333333333,1.0,0.9666666666666667,0.9999999999999999,0.9333333333333333,0.9333333333333333,30.991731811290315,0.9031007751937986,0.9666666666666666,0.8611111111111113,0.8666666666666667,0.9666666666666667,0.9375000000000001,0.8,0.9666666666666666,0.90625,0.9791666666666667,1.0,0.8,0.8333333333333333,0.7,0.9666666666666666,0.9666666666666666,0.8666666666666667,0.9333333333333333,0.9722222222222222,0.8541666666666666,0.8,1.0,0.9333333333333333,0.7333333333333333,0.9666666666666666,0.8333333333333333,1072.1169448064509,0.4486434108527132,0.7999999999999999,0.9444444444444445,0.8333333333333333,0.9666666666666666,0.22916666666666666,0.5666666666666667,0.2,0.84375,0.07291666666666667,0.08333333333333333,0.03333333333333333,0.0,0.0,0.2,0.13333333333333333,0.7999999999999999,0.7666666666666666,0.8888888888888891,0.5520833333333334,0.1,0.3333333333333333,0.9,0.0,0.8999999999999999,0.16666666666666666
22.003220936129058,0.5765503875968994,0.4666666666666667,1.0,0.7,0.4666666666666667,0.375,0.7333333333333333,0.9,0.0625,0.44791666666666674,0.9166666666666669,0.8999999999999999,0.8666666666666667,0.8999999999999999,0.9,0.6333333333333333,0.5,0.4666666666666667,0.5833333333333334,0.375,0.3666666666666667,0.8333333333333333,0.8333333333333334,0.8666666666666667,0.6333333333333333,0.8333333333333333,9.929527551516125,0.9709302325581396,1.0,1.0,1.0,1.0000000000000002,1.0,0.9999999999999999,1.0,1.0,1.0,1.0,0.9999999999999999,0.9999999999999999,1.0,1.0,1.0,0.0,1.0,1.0,1.0,1.0,0.9999999999999999,1.0,1.0,1.0,1.0,9.880134415741937,0.6046511627906977,0.7666666666666666,0.2777777777777778,0.3,0.9999999999999999,0.28125,0.23333333333333334,0.4,0.7604166666666666,1.0,0.6944444444444444,0.13333333333333333,0.13333333333333333,0.6666666666666667,0.4,0.43333333333333335,1.0,0.4666666666666667,0.2777777777777778,1.0,0.3,1.0,0.9999999999999999,0.7333333333333334,0.3,0.3,607.3565782741939,0.9273255813953489,0.9333333333333333,0.9444444444444444,0.9333333333333333,0.9333333333333333,0.9375,0.0,0.9999999999999999,0.9375,1.0,1.0,0.9666666666666667,0.8333333333333333,0.9666666666666666,0.9666666666666667,1.0,0.9333333333333333,1.0,0.9444444444444444,0.9375,0.9333333333333333,1.0,0.9666666666666667,0.9999999999999999,0.9333333333333333,0.9333333333333333,31.425729635483865,0.9205426356589149,0.9999999999999999,0.8611111111111113,0.9,0.9666666666666667,0.9479166666666667,0.8333333333333334,0.9999999999999999,0.90625,0.9791666666666667,1.0,0.8333333333333334,0.8666666666666666,0.7666666666666666,0.9666666666666666,0.9999999999999999,0.8666666666666667,0.9333333333333333,0.9722222222222222,0.8645833333333333,0.8333333333333334,1.0,0.9333333333333333,0.8666666666666666,0.9666666666666666,0.8999999999999999,1094.4185871774184,0.5348837209302326,0.8333333333333333,0.9722222222222223,0.8999999999999999,0.9666666666666666,0.35416666666666663,0.5666666666666667,0.4666666666666667,0.875,0.11458333333333334,0.1111111111111111,0.5333333333333333,0.06666666666666667,0.03333333333333333,0.33333333333333337,0.7333333333333333,0.7999999999999999,0.7999999999999999,0.8888888888888891,0.6145833333333334,0.13333333333333333,0.39999999999999997,0.9666666666666667,0.0,0.8999999999999999,0.3333333333333333
22.111778792580672,0.7218992248062017,0.6666666666666667,1.0,0.8666666666666666,0.7,0.75,0.9666666666666666,0.9,0.0625,0.6354166666666667,0.9166666666666669,0.8999999999999999,0.8666666666666667,0.8999999999999999,0.9,0.6333333333333333,0.6,0.5666666666666667,0.8611111111111112,0.75,0.7333333333333334,0.8333333333333333,0.9666666666666667,0.8666666666666667,0.7333333333333333,0.8666666666666666,10.208487238322578,0.9709302325581396,1.0,1.0,1.0,1.0000000000000002,1.0,0.9999999999999999,1.0,1.0,1.0,1.0,0.9999999999999999,0.9999999999999999,1.0,1.0,1.0,0.0,1.0,1.0,1.0,1.0,0.9999999999999999,1.0,1.0,1.0,1.0,10.250084456838712,0.7257751937984497,0.8666666666666666,0.3888888888888889,0.4666666666666667,0.9999999999999999,0.44791666666666663,0.5333333333333333,0.7333333333333334,0.8645833333333333,1.0,0.861111111111111,0.2,0.16666666666666666,0.6666666666666667,0.7333333333333334,0.8666666666666667,1.0,0.6333333333333333,0.5277777777777778,1.0,0.4666666666666667,1.0,0.9999999999999999,0.7666666666666667,0.6333333333333333,0.5,608.5853958838713,0.9467054263565893,0.9666666666666667,0.9722222222222222,0.9666666666666667,0.9666666666666667,0.96875,0.0,0.9999999999999999,0.96875,1.0,1.0,1.0,0.8333333333333333,0.9666666666666666,1.0,1.0,0.9666666666666667,1.0,0.9722222222222222,0.96875,0.9666666666666667,1.0,1.0,0.9999999999999999,0.9333333333333333,0.9666666666666667,31.859727459677412,0.9389534883720932,0.9999999999999999,0.8611111111111113,0.9,1.0,0.9479166666666667,0.8333333333333334,0.9999999999999999,0.9270833333333334,0.9791666666666667,1.0,0.9,0.9333333333333332,0.8333333333333333,0.9666666666666666,0.9999999999999999,0.9666666666666667,0.9333333333333333,0.9722222222222222,0.8958333333333333,0.8333333333333334,1.0,1.0,0.8999999999999999,0.9999999999999999,0.8999999999999999,1116.7202295483862,0.6017441860465117,0.8999999999999999,0.9722222222222223,0.8999999999999999,0.9666666666666666,0.43749999999999994,0.5666666666666667,0.8,0.8854166666666666,0.13541666666666669,0.1111111111111111,0.6666666666666666,0.16666666666666669,0.6,0.5333333333333334,0.7666666666666666,0.8333333333333333,0.7999999999999999,0.9166666666666669,0.625,0.2,0.4666666666666666,0.9666666666666667,0.03333333333333333,0.9333333333333332,0.5333333333333333
22.220336649032287,0.8420542635658916,0.8333333333333334,1.0,0.8999999999999999,0.7,0.90625,0.9666666666666666,0.9333333333333333,0.6458333333333334,0.7083333333333334,0.9722222222222224,0.8999999999999999,0.8666666666666667,0.8999999999999999,0.9,0.6333333333333333,0.7666666666666666,0.7666666666666666,0.9166666666666667,0.90625,0.9,0.8999999999999999,0.9666666666666667,0.8666666666666667,0.7666666666666666,0.8999999999999999,10.487446925129028,0.9709302325581396,1.0,1.0,1.0,1.0000000000000002,1.0,0.9999999999999999,1.0,1.0,1.0,1.0,0.9999999999999999,0.9999999999999999,1.0,1.0,1.0,0.0,1.0,1.0,1.0,1.0,0.9999999999999999,1.0,1.0,1.0,1.0,10.620034497935485,0.8798449612403101,0.8999999999999999,0.75,0.9333333333333333,0.9999999999999999,0.9375,0.7666666666666666,0.8333333333333334,0.8958333333333333,1.0,0.8888888888888888,0.33333333333333337,0.3333333333333333,0.6666666666666667,0.8333333333333334,0.9,1.0,0.7999999999999999,0.8888888888888888,1.0,0.9666666666666667,1.0,0.9999999999999999,0.8,0.9333333333333333,0.9666666666666667,609.8142134935488,0.9476744186046513,0.9666666666666667,0.9722222222222222,0.9666666666666667,0.9666666666666667,0.96875,0.0,0.9999999999999999,0.96875,1.0,1.0,1.0,0.8333333333333333,0.9999999999999999,1.0,1.0,0.9666666666666667,1.0,0.9722222222222222,0.96875,0.9666666666666667,1.0,1.0,0.9999999999999999,0.9333333333333333,0.9666666666666667,32.29372528387096,0.9583333333333336,0.9999999999999999,0.9166666666666669,0.9333333333333333,1.0,0.9791666666666667,0.8666666666666667,0.9999999999999999,0.9375,1.0,1.0,0.9333333333333333,0.9999999999999999,0.8666666666666666,0.9666666666666666,0.9999999999999999,1.0,0.9666666666666667,1.0,0.9062499999999999,0.8666666666666667,1.0,1.0,0.9333333333333332,0.9999999999999999,0.8999999999999999,1139.021871919354,0.7054263565891473,0.9666666666666666,0.9722222222222223,0.9666666666666666,0.9999999999999999,0.5104166666666666,0.5666666666666667,0.8,0.8958333333333333,0.16666666666666669,0.4722222222222222,0.7666666666666666,0.7666666666666666,0.8333333333333333,0.5333333333333334,0.7999999999999999,0.8666666666666666,0.8999999999999999,0.9722222222222224,0.7083333333333334,0.23333333333333334,0.5666666666666667,1.0,0.6333333333333333,0.9666666666666666,0.8999999999999999
22.328894505483902,0.9001937984496126,0.9,1.0,0.8999999999999999,0.9666666666666666,0.90625,0.9999999999999999,0.9333333333333333,0.90625,0.90625,0.9722222222222224,0.9333333333333332,0.9,0.8999999999999999,0.9333333333333333,0.6333333333333333,0.8333333333333333,0.7666666666666666,0.9166666666666667,0.90625,0.9,0.8999999999999999,0.9666666666666667,0.8666666666666667,0.7666666666666666,0.8999999999999999,10.76640661193548,0.9709302325581396,1.0,1.0,1.0,1.0000000000000002,1.0,0.9999999999999999,1.0,1.0,1.0,1.0,0.9999999999999999,0.9999999999999999,1.0,1.0,1.0,0.0,1.0,1.0,1.0,1.0,0.9999999999999999,1.0,1.0,1.0,1.0,10.98998453903226,0.9156976744186046,0.9333333333333332,0.8333333333333334,0.9666666666666667,0.9999999999999999,0.96875,0.8999999999999999,0.8333333333333334,0.9374999999999999,1.0,0.9722222222222222,0.4,0.43333333333333335,0.6666666666666667,0.8333333333333334,0.9,1.0,1.0,0.9722222222222222,1.0,0.9666666666666667,1.0,0.9999999999999999,0.9,0.9666666666666667,0.9666666666666667,611.0430311032262,0.9476744186046513,0.9666666666666667,0.9722222222222222,0.9666666666666667,0.9666666666666667,0.96875,0.0,0.9999999999999999,0.96875,1.0,1.0,1.0,0.8333333333333333,0.9999999999999999,1.0,1.0,0.9666666666666667,1.0,0.9722222222222222,0.96875,0.9666666666666667,1.0,1.0,0.9999999999999999,0.9333333333333333,0.9666666666666667,32.72772310806451,0.9709302325581398,0.9999999999999999,0.9166666666666669,0.9333333333333333,1.0,0.9791666666666667,1.0,0.9999999999999999,0.9375,1.0,1.0,0.9333333333333333,0.9999999999999999,0.8999999999999999,0.9999999999999999,0.9999999999999999,1.0,0.9666666666666667,1.0,0.9270833333333333,0.9333333333333333,1.0,1.0,0.9333333333333332,0.9999999999999999,0.9999999999999999,1161.3235142903216,0.750968992248062,0.9999999999999999,0.9722222222222223,0.9666666666666666,0.9999999999999999,0.5520833333333333,0.5666666666666667,0.8,0.9479166666666666,0.16666666666666669,0.5277777777777778,0.9666666666666666,0.7999999999999999,0.8666666666666666,0.5333333333333334,0.7999999999999999,0.9333333333333332,0.8999999999999999,0.9722222222222224,0.90625,0.3,0.6,1.0,0.6666666666666666,0.9666666666666666,0.9666666666666666
22.437452361935517,0.9108527131782947,0.9666666666666667,1.0,0.9333333333333332,0.9666666666666666,0.90625,0.9999999999999999,0.9333333333333333,0.90625,0.9166666666666666,1.0000000000000002,0.9333333333333332,0.9,0.8999999999999999,0.9333333333333333,0.6666666666666666,0.9333333333333332,0.7666666666666666,0.9166666666666667,0.90625,0.9,0.9333333333333332,0.9666666666666667,0.9,0.7666666666666666,0.8999999999999999,11.045366298741932,0.9709302325581396,1.0,1.0,1.0,1.0000000000000002,1.0,0.9999999999999999,1.0,1.0,1.0,1.0,0.9999999999999999,0.9999999999999999,1.0,1.0,1.0,0.0,1.0,1.0,1.0,1.0,0.9999999999999999,1.0,1.0,1.0,1.0,11.359934580129034,0.9496124031007751,0.9333333333333332,1.0,1.0,0.9999999999999999,1.0,0.8999999999999999,1.0,0.9374999999999999,1.0,0.9722222222222222,0.4,0.5333333333333333,0.8333333333333334,1.0,1.0,1.0,1.0,0.9722222222222222,1.0,1.0,1.0,0.9999999999999999,0.9333333333333333,1.0,1.0,612.2718487129036,0.9476744186046513,0.9666666666666667,0.9722222222222222,0.9666666666666667,0.9666666666666667,0.96875,0.0,0.9999999999999999,0.96875,1.0,1.0,1.0,0.8333333333333333,0.9999999999999999,1.0,1.0,0.9666666666666667,1.0,0.9722222222222222,0.96875,0.9666666666666667,1.0,1.0,0.9999999999999999,0.9333333333333333,0.9666666666666667,33.161720932258056,0.9777131782945739,0.9999999999999999,0.9444444444444446,0.9666666666666667,1.0,0.9791666666666667,1.0,0.9999999999999999,0.9583333333333334,1.0,1.0,0.9333333333333333,0.9999999999999999,0.8999999999999999,0.9999999999999999,0.9999999999999999,1.0,0.9666666666666667,1.0,0.9583333333333333,0.9333333333333333,1.0,1.0,0.9333333333333332,0.9999999999999999,0.9999999999999999,1183.6251566612893,0.7906976744186046,0.9999999999999999,0.9722222222222223,0.9666666666666666,0.9999999999999999,0.6979166666666666,0.5666666666666667,0.8,0.9583333333333333,0.17708333333333334,0.6944444444444444,0.9999999999999999,0.8666666666666666,0.9333333333333332,0.5333333333333334,0.7999999999999999,0.9999999999999999,0.8999999999999999,0.9722222222222224,1.0,0.3,0.6333333333333333,1.0,0.7333333333333333,0.9666666666666666,0.9666666666666666
22.54601021838713,0.927325581395349,1.0,1.0,0.9666666666666666,0.9666666666666666,0.90625,0.9999999999999999,0.9666666666666667,0.90625,0.9375,1.0000000000000002,0.9666666666666666,0.9,0.9999999999999999,0.9333333333333333,0.7,0.9666666666666666,0.7666666666666666,0.9722222222222223,0.90625,0.9,0.9333333333333332,0.9666666666666667,0.9,0.8333333333333333,0.9666666666666666,11.324325985548384,0.9709302325581396,1.0,1.0,1.0,1.0000000000000002,1.0,0.9999999999999999,1.0,1.0,1.0,1.0,0.9999999999999999,0.9999999999999999,1.0,1.0,1.0,0.0,1.0,1.0,1.0,1.0,0.9999999999999999,1.0,1.0,1.0,1.0,11.729884621225809,0.9728682170542635,0.9999999999999999,1.0,1.0,0.9999999999999999,1.0,0.9999999999999999,1.0,0.9999999999999999,1.0,0.9722222222222222,0.5666666666666667,0.6666666666666666,0.9333333333333333,1.0,1.0,1.0,1.0,1.0,1.0,1.0,1.0,0.9999999999999999,0.9333333333333333,1.0,1.0,613.5006663225811,0.9689922480620157,1.0,1.0,1.0,1.0,1.0,0.1,0.9999999999999999,1.0,1.0,1.0,1.0,0.8666666666666666,0.9999999999999999,1.0,1.0,1.0,1.0,1.0,1.0,1.0,1.0,1.0,0.9999999999999999,0.9666666666666667,1.0,33.5957187564516,0.9777131782945739,0.9999999999999999,0.9444444444444446,0.9666666666666667,1.0,0.9791666666666667,1.0,0.9999999999999999,0.9583333333333334,1.0,1.0,0.9333333333333333,0.9999999999999999,0.8999999999999999,0.9999999999999999,0.9999999999999999,1.0,0.9666666666666667,1.0,0.9583333333333333,0.9333333333333333,1.0,1.0,0.9333333333333332,0.9999999999999999,0.9999999999999999,1205.926799032257,0.8197674418604651,0.9999999999999999,0.9722222222222223,0.9666666666666666,0.9999999999999999,0.6979166666666666,0.6,0.8,0.9583333333333333,0.19791666666666669,0.8055555555555556,0.9999999999999999,0.9999999999999999,0.9999999999999999,0.5333333333333334,0.7999999999999999,0.9999999999999999,0.9333333333333332,0.9722222222222224,1.0,0.43333333333333335,0.7666666666666666,1.0,0.9666666666666666,0.9666666666666666,0.9999999999999999
22.654568074838746,0.9370155038759692,1.0,1.0,0.9666666666666666,0.9666666666666666,0.90625,0.9999999999999999,0.9666666666666667,0.90625,0.9479166666666666,1.0000000000000002,0.9666666666666666,0.9333333333333333,0.9999999999999999,0.9333333333333333,0.7,0.9999999999999999,0.8333333333333333,0.9722222222222223,0.90625,0.9,0.9999999999999999,0.9666666666666667,0.9666666666666667,0.8666666666666666,0.9666666666666666,11.603285672354835,0.9709302325581396,1.0,1.0,1.0,1.0000000000000002,1.0,0.9999999999999999,1.0,1.0,1.0,1.0,0.9999999999999999,0.9999999999999999,1.0,1.0,1.0,0.0,1.0,1.0,1.0,1.0,0.9999999999999999,1.0,1.0,1.0,1.0,12.099834662322584,0.9854651162790697,0.9999999999999999,1.0,1.0,0.9999999999999999,1.0,0.9999999999999999,1.0,0.9999999999999999,1.0,0.9722222222222222,0.7,0.8333333333333333,1.0,1.0,1.0,1.0,1.0,1.0,1.0,1.0,1.0,0.9999999999999999,1.0,1.0,1.0,614.7294839322586,0.9689922480620157,1.0,1.0,1.0,1.0,1.0,0.1,0.9999999999999999,1.0,1.0,1.0,1.0,0.8666666666666666,0.9999999999999999,1.0,1.0,1.0,1.0,1.0,1.0,1.0,1.0,1.0,0.9999999999999999,0.9666666666666667,1.0,34.02971658064516,0.979651162790698,0.9999999999999999,0.9444444444444446,0.9666666666666667,1.0,0.9791666666666667,1.0,0.9999999999999999,0.9583333333333334,1.0,1.0,0.9666666666666667,0.9999999999999999,0.8999999999999999,0.9999999999999999,0.9999999999999999,1.0,0.9666666666666667,1.0,0.9583333333333333,0.9666666666666667,1.0,1.0,0.9333333333333332,0.9999999999999999,0.9999999999999999,1228.2284414032247,0.8439922480620156,0.9999999999999999,0.9722222222222223,0.9666666666666666,0.9999999999999999,0.7604166666666666,0.6,0.8,0.9791666666666666,0.2604166666666667,0.8611111111111112,0.9999999999999999,0.9999999999999999,0.9999999999999999,0.5666666666666668,0.7999999999999999,0.9999999999999999,0.9666666666666666,0.9722222222222224,1.0,0.4666666666666667,0.9666666666666666,1.0,0.9666666666666666,0.9666666666666666,0.9999999999999999
22.76312593129036,0.9631782945736437,1.0,1.0,0.9999999999999999,0.9999999999999999,0.9375,0.9999999999999999,0.9666666666666667,0.96875,0.96875,1.0000000000000002,0.9666666666666666,0.9666666666666667,0.9999999999999999,0.9666666666666667,0.7,0.9999999999999999,0.8333333333333333,0.9722222222222223,0.96875,0.9333333333333333,0.9999999999999999,1.0,0.9666666666666667,0.9666666666666666,0.9999999999999999,11.882245359161285,0.9709302325581396,1.0,1.0,1.0,1.0000000000000002,1.0,0.9999999999999999,1.0,1.0,1.0,1.0,0.9999999999999999,0.9999999999999999,1.0,1.0,1.0,0.0,1.0,1.0,1.0,1.0,0.9999999999999999,1.0,1.0,1.0,1.0,12.469784703419357,0.9874031007751938,0.9999999999999999,1.0,1.0,0.9999999999999999,1.0,0.9999999999999999,1.0,0.9999999999999999,1.0,1.0,0.7,0.8666666666666666,1.0,1.0,1.0,1.0,1.0,1.0,1.0,1.0,1.0,0.9999999999999999,1.0,1.0,1.0,615.9583015419361,0.9689922480620157,1.0,1.0,1.0,1.0,1.0,0.1,0.9999999999999999,1.0,1.0,1.0,1.0,0.8666666666666666,0.9999999999999999,1.0,1.0,1.0,1.0,1.0,1.0,1.0,1.0,1.0,0.9999999999999999,0.9666666666666667,1.0,34.4637144048387,0.9893410852713181,0.9999999999999999,1.0000000000000002,0.9666666666666667,1.0,0.9791666666666667,1.0,0.9999999999999999,0.96875,1.0,1.0,0.9666666666666667,0.9999999999999999,0.9333333333333332,0.9999999999999999,0.9999999999999999,1.0,0.9666666666666667,1.0,0.9999999999999999,1.0,1.0,1.0,0.9666666666666666,0.9999999999999999,0.9999999999999999,1250.5300837741925,0.8730620155038761,0.9999999999999999,0.9722222222222223,0.9666666666666666,0.9999999999999999,0.84375,0.6666666666666666,0.8,0.9791666666666666,0.4375,0.888888888888889,0.9999999999999999,0.9999999999999999,0.9999999999999999,0.5666666666666668,0.7999999999999999,0.9999999999999999,0.9999999999999999,1.0000000000000002,1.0,0.4666666666666667,0.9666666666666666,1.0,0.9666666666666666,0.9666666666666666,0.9999999999999999
22.871683787741972,0.98062015503876,1.0,1.0,0.9999999999999999,0.9999999999999999,0.96875,0.9999999999999999,1.0,1.0,0.96875,1.0000000000000002,0.9666666666666666,0.9666666666666667,0.9999999999999999,1.0,0.7,0.9999999999999999,0.9666666666666666,1.0,1.0,0.9666666666666667,0.9999999999999999,1.0,0.9666666666666667,0.9999999999999999,0.9999999999999999,12.161205045967737,0.9709302325581396,1.0,1.0,1.0,1.0000000000000002,1.0,0.9999999999999999,1.0,1.0,1.0,1.0,0.9999999999999999,0.9999999999999999,1.0,1.0,1.0,0.0,1.0,1.0,1.0,1.0,0.9999999999999999,1.0,1.0,1.0,1.0,12.839734744516132,0.9932170542635659,0.9999999999999999,1.0,1.0,0.9999999999999999,1.0,0.9999999999999999,1.0,0.9999999999999999,1.0,1.0,0.7999999999999999,0.9666666666666666,1.0,1.0,1.0,1.0,1.0,1.0,1.0,1.0,1.0,0.9999999999999999,1.0,1.0,1.0,617.1871191516135,0.9689922480620157,1.0,1.0,1.0,1.0,1.0,0.1,0.9999999999999999,1.0,1.0,1.0,1.0,0.8666666666666666,0.9999999999999999,1.0,1.0,1.0,1.0,1.0,1.0,1.0,1.0,1.0,0.9999999999999999,0.9666666666666667,1.0,34.89771222903225,0.9912790697674422,0.9999999999999999,1.0000000000000002,0.9666666666666667,1.0,0.9791666666666667,1.0,0.9999999999999999,0.9791666666666666,1.0,1.0,0.9666666666666667,0.9999999999999999,0.9333333333333332,0.9999999999999999,0.9999999999999999,1.0,0.9666666666666667,1.0,0.9999999999999999,1.0,1.0,1.0,0.9999999999999999,0.9999999999999999,0.9999999999999999,1272.8317261451602,0.9399224806201552,0.9999999999999999,1.0,0.9666666666666666,0.9999999999999999,0.875,0.7333333333333333,0.8,1.0,0.9583333333333334,0.9722222222222223,0.9999999999999999,0.9999999999999999,0.9999999999999999,0.7000000000000001,0.7999999999999999,0.9999999999999999,0.9999999999999999,1.0000000000000002,1.0,0.5666666666666667,0.9666666666666666,1.0,0.9999999999999999,0.9666666666666666,0.9999999999999999
22.980241644193587,0.983527131782946,1.0,1.0,0.9999999999999999,0.9999999999999999,0.96875,0.9999999999999999,1.0,1.0,1.0,1.0000000000000002,0.9666666666666666,0.9666666666666667,0.9999999999999999,1.0,0.7,0.9999999999999999,0.9666666666666666,1.0,1.0,0.9666666666666667,0.9999999999999999,1.0,0.9666666666666667,0.9999999999999999,0.9999999999999999,12.440164732774189,0.9718992248062016,1.0,1.0,1.0,1.0000000000000002,1.0,0.9999999999999999,1.0,1.0,1.0,1.0,0.9999999999999999,0.9999999999999999,1.0,1.0,1.0,0.03333333333333333,1.0,1.0,1.0,1.0,0.9999999999999999,1.0,1.0,1.0,1.0,13.209684785612906,0.9932170542635659,0.9999999999999999,1.0,1.0,0.9999999999999999,1.0,0.9999999999999999,1.0,0.9999999999999999,1.0,1.0,0.7999999999999999,0.9666666666666666,1.0,1.0,1.0,1.0,1.0,1.0,1.0,1.0,1.0,0.9999999999999999,1.0,1.0,1.0,618.4159367612909,0.9970930232558142,1.0,1.0,1.0,1.0,1.0,0.9666666666666667,0.9999999999999999,1.0,1.0,1.0,1.0,0.9666666666666666,0.9999999999999999,1.0,1.0,1.0,1.0,1.0,1.0,1.0,1.0,1.0,0.9999999999999999,0.9666666666666667,1.0,35.3317100532258,0.9951550387596902,0.9999999999999999,1.0000000000000002,0.9666666666666667,1.0,1.0,1.0,0.9999999999999999,0.9791666666666666,1.0,1.0,1.0,0.9999999999999999,0.9666666666666666,0.9999999999999999,0.9999999999999999,1.0,0.9666666666666667,1.0,0.9999999999999999,1.0,1.0,1.0,0.9999999999999999,0.9999999999999999,0.9999999999999999,1295.1333685161278,0.9660852713178296,0.9999999999999999,1.0,0.9999999999999999,0.9999999999999999,0.9166666666666666,0.8333333333333333,0.9333333333333333,1.0,1.0,1.0,0.9999999999999999,0.9999999999999999,0.9999999999999999,0.8,0.7999999999999999,0.9999999999999999,0.9999999999999999,1.0000000000000002,1.0,0.8,0.9666666666666666,1.0,0.9999999999999999,0.9666666666666666,0.9999999999999999
23.0887995006452,0.9883720930232561,1.0,1.0,0.9999999999999999,0.9999999999999999,1.0,0.9999999999999999,1.0,1.0,1.0,1.0000000000000002,0.9666666666666666,0.9666666666666667,0.9999999999999999,1.0,0.7,0.9999999999999999,0.9999999999999999,1.0,1.0,1.0,0.9999999999999999,1.0,0.9666666666666667,0.9999999999999999,0.9999999999999999,12.719124419580641,0.9718992248062016,1.0,1.0,1.0,1.0000000000000002,1.0,0.9999999999999999,1.0,1.0,1.0,1.0,0.9999999999999999,0.9999999999999999,1.0,1.0,1.0,0.03333333333333333,1.0,1.0,1.0,1.0,0.9999999999999999,1.0,1.0,1.0,1.0,13.57963482670968,0.9961240310077519,0.9999999999999999,1.0,1.0,0.9999999999999999,1.0,0.9999999999999999,1.0,0.9999999999999999,1.0,1.0,0.8666666666666666,0.9999999999999999,1.0,1.0,1.0,1.0,1.0,1.0,1.0,1.0,1.0,0.9999999999999999,1.0,1.0,1.0,619.6447543709684,0.9970930232558142,1.0,1.0,1.0,1.0,1.0,0.9666666666666667,0.9999999999999999,1.0,1.0,1.0,1.0,0.9666666666666666,0.9999999999999999,1.0,1.0,1.0,1.0,1.0,1.0,1.0,1.0,1.0,0.9999999999999999,0.9666666666666667,1.0,35.765707877419345,0.9961240310077523,0.9999999999999999,1.0000000000000002,0.9666666666666667,1.0,1.0,1.0,0.9999999999999999,0.9895833333333333,1.0,1.0,1.0,0.9999999999999999,0.9666666666666666,0.9999999999999999,0.9999999999999999,1.0,0.9666666666666667,1.0,0.9999999999999999,1.0,1.0,1.0,0.9999999999999999,0.9999999999999999,0.9999999999999999,1317.4350108870954,0.988372093023256,0.9999999999999999,1.0,0.9999999999999999,0.9999999999999999,0.9791666666666666,0.9333333333333332,1.0,1.0,1.0,1.0,0.9999999999999999,0.9999999999999999,0.9999999999999999,0.9,1.0,0.9999999999999999,0.9999999999999999,1.0000000000000002,1.0,0.8333333333333334,0.9999999999999999,1.0,0.9999999999999999,0.9999999999999999,0.9999999999999999
23.197357357096816,0.9903100775193802,1.0,1.0,0.9999999999999999,0.9999999999999999,1.0,0.9999999999999999,1.0,1.0,1.0,1.0000000000000002,0.9999999999999999,1.0,0.9999999999999999,1.0,0.7,0.9999999999999999,0.9999999999999999,1.0,1.0,1.0,0.9999999999999999,1.0,0.9666666666666667,0.9999999999999999,0.9999999999999999,12.998084106387092,0.9767441860465117,1.0,1.0,1.0,1.0000000000000002,1.0,0.9999999999999999,1.0,1.0,1.0,1.0,0.9999999999999999,0.9999999999999999,1.0,1.0,1.0,0.19999999999999998,1.0,1.0,1.0,1.0,0.9999999999999999,1.0,1.0,1.0,1.0,13.949584867806454,0.9961240310077519,0.9999999999999999,1.0,1.0,0.9999999999999999,1.0,0.9999999999999999,1.0,0.9999999999999999,1.0,1.0,0.8666666666666666,0.9999999999999999,1.0,1.0,1.0,1.0,1.0,1.0,1.0,1.0,1.0,0.9999999999999999,1.0,1.0,1.0,620.8735719806458,0.9970930232558142,1.0,1.0,1.0,1.0,1.0,0.9666666666666667,0.9999999999999999,1.0,1.0,1.0,1.0,0.9666666666666666,0.9999999999999999,1.0,1.0,1.0,1.0,1.0,1.0,1.0,1.0,1.0,0.9999999999999999,0.9666666666666667,1.0,36.19970570161289,0.9961240310077523,0.9999999999999999,1.0000000000000002,0.9666666666666667,1.0,1.0,1.0,0.9999999999999999,0.9895833333333333,1.0,1.0,1.0,0.9999999999999999,0.9666666666666666,0.9999999999999999,0.9999999999999999,1.0,0.9666666666666667,1.0,0.9999999999999999,1.0,1.0,1.0,0.9999999999999999,0.9999999999999999,0.9999999999999999,1339.7366532580631,0.9961240310077522,0.9999999999999999,1.0,0.9999999999999999,0.9999999999999999,1.0,0.9999999999999999,1.0,1.0,1.0,1.0,0.9999999999999999,0.9999999999999999,0.9999999999999999,1.0,1.0,0.9999999999999999,0.9999999999999999,1.0000000000000002,1.0,0.8666666666666667,0.9999999999999999,1.0,0.9999999999999999,0.9999999999999999,0.9999999999999999
23.30591521354843,0.9980620155038763,1.0,1.0,0.9999999999999999,0.9999999999999999,1.0,0.9999999999999999,1.0,1.0,1.0,1.0000000000000002,0.9999999999999999,1.0,0.9999999999999999,1.0,0.9333333333333333,0.9999999999999999,0.9999999999999999,1.0,1.0,1.0,0.9999999999999999,1.0,1.0,0.9999999999999999,0.9999999999999999,13.277043793193544,0.9893410852713179,1.0,1.0,1.0,1.0000000000000002,1.0,0.9999999999999999,1.0,1.0,1.0,1.0,0.9999999999999999,0.9999999999999999,1.0,1.0,1.0,0.6333333333333333,1.0,1.0,1.0,1.0,0.9999999999999999,1.0,1.0,1.0,1.0,14.319534908903229,0.998062015503876,0.9999999999999999,1.0,1.0,0.9999999999999999,1.0,0.9999999999999999,1.0,0.9999999999999999,1.0,1.0,0.9333333333333332,0.9999999999999999,1.0,1.0,1.0,1.0,1.0,1.0,1.0,1.0,1.0,0.9999999999999999,1.0,1.0,1.0,622.1023895903232,0.9970930232558142,1.0,1.0,1.0,1.0,1.0,0.9666666666666667,0.9999999999999999,1.0,1.0,1.0,1.0,0.9666666666666666,0.9999999999999999,1.0,1.0,1.0,1.0,1.0,1.0,1.0,1.0,1.0,0.9999999999999999,0.9666666666666667,1.0,36.63370352580644,0.9970930232558143,0.9999999999999999,1.0000000000000002,0.9666666666666667,1.0,1.0,1.0,0.9999999999999999,0.9895833333333333,1.0,1.0,1.0,0.9999999999999999,0.9999999999999999,0.9999999999999999,0.9999999999999999,1.0,0.9666666666666667,1.0,0.9999999999999999,1.0,1.0,1.0,0.9999999999999999,0.9999999999999999,0.9999999999999999,1362.038295629031,0.9990310077519382,0.9999999999999999,1.0,0.9999999999999999,0.9999999999999999,1.0,0.9999999999999999,1.0,1.0,1.0,1.0,0.9999999999999999,0.9999999999999999,0.9999999999999999,1.0,1.0,0.9999999999999999,0.9999999999999999,1.0000000000000002,1.0,0.9666666666666667,0.9999999999999999,1.0,0.9999999999999999,0.9999999999999999,0.9999999999999999
23.414473070000046,1.0000000000000002,1.0,1.0,0.9999999999999999,0.9999999999999999,1.0,0.9999999999999999,1.0,1.0,1.0,1.0000000000000002,0.9999999999999999,1.0,0.9999999999999999,1.0,1.0,0.9999999999999999,0.9999999999999999,1.0,1.0,1.0,0.9999999999999999,1.0,1.0,0.9999999999999999,0.9999999999999999,13.556003479999994,1.0,1.0,1.0,1.0,1.0000000000000002,1.0,0.9999999999999999,1.0,1.0,1.0,1.0,0.9999999999999999,0.9999999999999999,1.0,1.0,1.0,1.0,1.0,1.0,1.0,1.0,0.9999999999999999,1.0,1.0,1.0,1.0,14.689484950000002,1.0,0.9999999999999999,1.0,1.0,0.9999999999999999,1.0,0.9999999999999999,1.0,0.9999999999999999,1.0,1.0,0.9999999999999999,0.9999999999999999,1.0,1.0,1.0,1.0,1.0,1.0,1.0,1.0,1.0,0.9999999999999999,1.0,1.0,1.0,623.3312072000007,1.0000000000000002,1.0,1.0,1.0,1.0,1.0,1.0,0.9999999999999999,1.0,1.0,1.0,1.0,0.9999999999999999,0.9999999999999999,1.0,1.0,1.0,1.0,1.0,1.0,1.0,1.0,1.0,0.9999999999999999,1.0,1.0,37.06770134999999,1.0000000000000002,0.9999999999999999,1.0000000000000002,1.0,1.0,1.0,1.0,0.9999999999999999,0.9999999999999999,1.0,1.0,1.0,0.9999999999999999,0.9999999999999999,0.9999999999999999,0.9999999999999999,1.0,1.0,1.0,0.9999999999999999,1.0,1.0,1.0,0.9999999999999999,0.9999999999999999,0.9999999999999999,1384.3399379999987,1.0000000000000002,0.9999999999999999,1.0,0.9999999999999999,0.9999999999999999,1.0,0.9999999999999999,1.0,1.0,1.0,1.0,0.9999999999999999,0.9999999999999999,0.9999999999999999,1.0,1.0,0.9999999999999999,0.9999999999999999,1.0000000000000002,1.0,1.0,0.9999999999999999,1.0,0.9999999999999999,0.9999999999999999,0.9999999999999999
