ATS4pe,AATS3Z,AATS3se,AATSC0s,BCUTd-1l,BCUTse-1h,AETA_eta_L,IC1,BIC1,PEOE_VSA3,MID_N,SLogP,TopoPSA,MaxPartialCharge,fr_lactone,sp_p
924.8248,20.0,8.585300444,3.570150892,0.987200255,3.694993153,0.319405057,2.512789621,0.454921958,0.0,0.0,-5.3972,189.53,0.186732304,0,28.7
853.3326,13.48905109,7.411824993,0.765258495,0.977701123,3.701935195,0.268481241,2.892975182,0.485871649,0.0,4.481186384,4.1367,23.55,0.226459264,0,4.5
0.0,560.1111111,9.0601,0.016482339,0.98658139,3.278920395,0.684094917,1.5,0.534310781,0.0,0.0,3.2182,0.0,0.091979405,0,51.0
470.6375,12.21333333,8.002807413,1.077932099,0.987139761,3.68195172,0.33981292,2.079419005,0.405401495,0.0,0.0,0.8238,47.92,0.078142182,0,5.5
469.0565,8.226666667,7.24298432,0.86,0.987131948,3.667527027,0.423817493,1.816536504,0.373928285,0.0,0.0,2.4395,20.23,0.054471811,0,3.1
441.2114,16.55555556,8.35610819,4.259040105,0.987143264,3.676507097,0.316827799,2.199687795,0.473676984,0.0,0.0,-3.5854,121.38,0.110578607,0,10.7
0.0,136.1111111,10.11664044,0.021900244,0.98658139,3.514842741,0.366966691,1.5,0.534310781,0.0,0.0,2.5938,0.0,0.137343613,0,5.1
14.52,3.166666667,7.439904,2.395061728,0.977336307,3.667352785,0.351364184,1.879964949,0.626654983,0.0,0.0,-0.0014,20.23,0.040220582,0,8.8
191.652,8.866666667,7.452082267,1.396193772,0.987214277,3.667337917,0.29613901,2.015740432,0.503935108,0.0,1.955705271,-0.4597,23.47,0.055773521,0,9.2
1799.3026,15.32773109,7.603571933,2.532561702,0.972363718,3.718569342,0.353317647,3.068623894,0.480048735,0.0,0.0,3.3676,138.2,0.305720291,0,3.5
131.9976,12.18518519,8.185386667,4.03968254,0.9872569,3.671941121,0.312624295,2.155968102,0.582624841,0.0,0.0,-1.6681,60.69,0.100047026,0,12.1
459.435,7.746031746,7.100506222,0.153856427,0.987175621,2.977631346,0.427062777,1.36704393,0.294376887,0.0,0.0,3.0786,0.0,-0.038018218,0,0.0
140.0425,4.888888889,6.919365556,0.119377163,0.9872569,2.927160141,0.482842712,1.159554752,0.289888688,0.0,0.0,2.1965,0.0,-0.053831315,0,0.0
254.174,6.98245614,7.125316281,0.432986111,0.993923622,3.222335445,0.449469854,1.738758681,0.402310877,0.0,1.745348264,1.2778,26.02,0.003877844,0,3.1
353.5375,14.13333333,7.3434032,0.346611177,1.734168958,3.675906052,0.201661531,2.153202999,0.416486312,0.0,0.0,3.4034,9.23,0.072096641,0,3.7
92.218,12.86956522,7.561612696,1.668639053,0.993853848,3.667993766,0.164767267,1.914341184,0.478585296,0.0,0.0,1.3922,20.23,0.115074819,0,5.9
154.409,14.375,8.270735125,3.0,0.977681005,3.714301662,0.293394,2.47385139,0.593260404,4.794537184,0.0,-0.0697,46.53,0.334147689,0,7.6
449.313,18.68181818,7.658950667,1.84362354,0.972804006,3.713805887,0.21139991,3.255130683,0.620269749,0.0,0.0,3.0365,46.53,0.310185725,0,6.2
83.11,9.666666667,7.877415556,1.985207101,0.9872569,3.678493112,0.30093592,2.034940914,0.567632413,0.0,0.0,-0.3749,29.46,0.069342652,0,9.2
150.2665,10.14814815,7.906499704,1.68359375,0.987214277,3.678529123,0.318662514,2.216917187,0.567437744,0.0,0.0,0.0136,29.46,0.074497677,0,6.3
169.5776,24.89655172,7.865425862,0.900471894,0.992520766,3.49299246,0.176158805,2.655639062,0.625161106,0.0,3.493009861,1.5044,52.04,0.063645441,0,5.2
312.451,13.96226415,7.832462868,2.557964853,0.956694265,3.716684582,0.256666588,2.896291529,0.5846138,9.589074368,0.0,1.225,52.6,0.329637894,0,9.1
180.3505,15.4375,7.645439125,2.376009227,0.987868824,3.669055169,0.198814109,2.910992253,0.673540186,0.0,0.0,0.8845,40.46,0.115097739,0,7.0
357.1605,6.613333333,7.0615064,0.822222222,0.987143609,3.667335418,0.45759574,1.561487022,0.321427157,0.0,0.0,2.7293,20.23,0.043052407,0,2.9
785.211,7.407894737,7.101831711,1.050311791,0.972879688,3.713676394,0.443591147,1.555064484,0.267775003,0.0,0.0,6.3325,37.3,0.302839557,0,3.3
58.08,4.142857143,7.282779429,0.437869822,1.838814635,3.675875716,0.398142397,1.546593564,0.41794859,0.0,0.0,0.7968,9.23,0.04663817,0,5.7
189.3505,18.38709677,7.793865677,3.047289504,0.972956105,3.71369884,0.168695359,3.028639312,0.689531065,4.794537184,1.754359856,0.967,63.32,0.335180834,0,14.3
0.0,,,0.038157559,0.977336307,2.918936089,0.854493259,1.521928095,0.760964047,0.0,0.0,1.8139,0.0,0.051622523,0,3.9
180.255,14.68421053,7.188147789,0.224965706,1.745776194,3.097434035,0.176007054,1.392147224,0.303633285,0.0,0.0,2.8398,0.0,-0.018404251,0,4.0
573.2265,16.20930233,7.404736279,0.256399036,0.988600849,3.492949566,0.229177792,3.045158243,0.554486471,0.0,4.030866,3.8186,16.13,0.047834354,0,5.1
0.0,17.0,9.0072,0.467340683,0.968068449,3.510416312,0.258130333,1.918295834,0.742098129,0.0,0.0,1.9352,0.0,0.099184039,0,6.3
452.0065,24.44444444,7.933058222,1.752202614,0.97788759,3.702378147,0.191566459,3.341293085,0.623660411,4.992404733,4.081635886,2.4479,61.69,0.275713559,0,16.2
499.172,23.53333333,7.778847733,1.127886365,0.977887571,3.701952022,0.193513626,3.177435317,0.585565847,0.0,4.191332352,3.1538,32.67,0.24791728,0,13.3
729.2826,15.64485981,7.861556224,0.923712679,0.989343303,3.678980947,0.310072573,2.950249583,0.528248772,0.0,8.24957548,0.5025,107.98,0.270459241,0,6.2
173.3125,22.79310345,7.857153241,1.400471894,0.992520766,3.668020945,0.19430547,3.108458593,0.73175886,0.0,0.0,2.35402,20.23,0.118084748,0,6.5
268.214,18.39215686,7.410946275,0.289434993,1.750883572,3.296291225,0.174161956,1.955794564,0.391158913,4.983978521,2.085758272,3.388,12.89,0.070922712,0,5.4
14.52,7.75,9.176976,5.298611111,0.968068449,3.713739348,0.193854845,2.405639062,0.801879687,0.0,0.0,0.0909,37.3,0.299684553,0,8.0
333.205,12.19047619,7.142286667,0.212726757,1.734072122,3.065744175,0.21321923,2.005977711,0.391083453,0.0,0.0,3.4718,0.0,-0.023824284,0,0.6
1050.334,12.28484848,7.322053673,1.214620957,0.977233361,3.716917618,0.345445909,2.514489019,0.408876816,9.589074368,0.0,6.433,52.6,0.338516129,0,7.0
192.965,12.06060606,7.183142667,0.216735254,0.992920502,3.063705692,0.21330946,2.197159723,0.500227901,0.0,0.0,2.30344,0.0,-0.039774194,0,1.0
0.0,,,7.137197074,0.986936614,4.010235468,0.289440985,1.370950594,0.685475297,0.0,0.0,2.2836,0.0,0.333265288,0,2.0
548.533,14.35483871,7.525753892,1.766943815,0.977233356,3.716851914,0.289470459,2.748063851,0.494737581,9.589074368,0.0,3.6004,52.6,0.338505965,0,8.6
436.3849,24.27586207,8.12007,5.182917162,0.972776668,4.03057422,0.180968233,3.481562134,0.668316211,9.778515705,4.110016621,3.5422,62.22,0.415985512,0,12.1
98.89,22.60869565,7.971478261,1.633536524,0.992920502,3.6680064,0.17427577,2.469670487,0.617417622,0.0,0.0,2.0456,20.23,0.11517976,0,7.5
311.973,16.52173913,7.59105113,1.575733333,0.972141002,3.713951335,0.208504429,2.849025574,0.580617301,4.794537184,0.0,2.3059,26.3,0.332940815,0,4.1
62.7,8.857142857,7.063996,0.25,1.701,3.049,0.166666667,1.0,0.255958025,0.0,0.0,1.6866,0.0,-0.062268571,0,0.0
67.034,5.333333333,7.252551429,1.868055556,0.986001079,3.667325083,0.39398935,1.947338796,0.562907151,0.0,0.0,0.3887,20.23,0.04278928,0,6.8
212.253,6.333333333,7.1032975,1.133786848,0.987144715,3.667330062,0.439422485,1.720616645,0.398113205,0.0,0.0,1.559,20.23,0.043052406,0,4.0
194.3355,12.78947368,7.388853579,1.251000308,0.987868824,3.66799817,0.233668029,2.794788541,0.62671407,0.0,0.0,1.9546,20.23,0.115094837,0,4.2
631.504,9.739495798,7.312001714,0.6888235,0.987818768,3.677178852,0.350082128,2.462529776,0.436320433,0.0,0.0,4.567,29.46,0.118934827,0,10.2
100.0804,22.60869565,7.971478261,1.633536524,0.993011351,3.66801111,0.17427577,2.469670487,0.617417622,0.0,0.0,2.0456,20.23,0.116561888,0,7.5
119.2228,51.82608696,8.872752522,1.563326055,0.992374528,3.66815526,0.187959194,2.661226256,0.665306564,0.0,0.0,3.3524,20.23,0.15236012,0,8.7
136.9525,17.92592593,7.316416593,0.199104134,0.987988251,3.491641946,0.228941561,2.225605199,0.533727872,0.0,0.0,2.4254,0.0,0.047356316,0,7.2
34.496,7.733333333,7.9479576,3.84,0.986001079,3.669953514,0.310818511,1.921928095,0.60630081,0.0,0.0,-1.029,40.46,0.06622664,0,11.0
214.736,17.125,8.056422625,2.055555556,0.972142404,3.71411549,0.27224806,2.921928095,0.65522433,4.794537184,0.0,0.5045,38.83,0.332699592,0,8.5
86.47,13.4,8.0083108,1.882642998,0.987988857,3.703254186,0.21221083,3.026986833,0.774781571,0.0,0.0,0.7719,33.37,0.128644014,0,7.6
478.16,6.303030303,6.96254,0.084487535,0.98714361,2.94903177,0.49285113,1.105013997,0.212117072,0.0,0.0,4.9272,0.0,-0.053305974,0,0.0
188.345,5.333333333,6.932934667,0.11,0.987132423,2.933113496,0.48570226,1.156779649,0.27231624,0.0,0.0,2.5866,0.0,-0.053578702,0,0.0
366.426,7.909090909,7.110762909,0.917771681,0.987144313,3.667339586,0.446388393,1.810929417,0.385268087,0.0,0.0,2.1951,20.23,0.045866246,0,3.3
278.0415,19.6,7.917992667,1.824882726,0.984876693,3.723237243,0.330900376,1.897823509,0.403754462,4.565048285,0.0,2.204,54.57,0.474248048,0,11.4
0.0,4.5,8.094816,4.888888889,0.94742303,3.701438034,0.151759079,2.251629167,0.871049064,0.0,1.603553391,-0.8985,43.09,0.204030793,0,26.2
203.623,8.266666667,7.485561867,1.272727273,0.987143501,3.676582697,0.384030274,1.965767808,0.447546846,0.0,0.0,0.7954,29.46,0.069719362,0,5.1
408.478,11.07936508,7.946919683,0.559509277,0.987139954,3.68126497,0.334492129,1.751614472,0.353561781,0.0,0.0,1.4645,27.69,0.070710207,0,7.2
221.8507,21.71875,7.96211175,2.708679594,0.977679186,3.714559262,0.180123595,3.155565013,0.697584126,4.794537184,0.0,1.1788,46.53,0.341132119,0,8.0
811.9855,7.974193548,7.204751406,0.726451531,0.977841287,3.713977012,0.434240098,1.606679501,0.273122045,0.0,0.0,6.4193,26.3,0.305533724,0,3.9
13.376,10.5,7.453627333,2.765306122,0.910359656,3.35662239,0.143049032,2.128085279,0.67133616,0.0,1.655330086,0.69598,23.79,0.090531375,0,12.8
132.6975,12.20689655,7.137120966,0.359375,0.957506827,3.062398015,0.181616342,1.530639062,0.354156531,0.0,0.0,2.3296,0.0,-0.026255789,0,1.0
146.9945,34.74074074,7.90393363,3.128244932,0.972956105,3.713699205,0.192729457,2.840223929,0.668614029,4.794537184,0.0,2.1473,37.3,0.335179563,0,3.7
0.0,289.0,12.075625,0.001716464,0.986765147,3.533745196,0.334821165,0.811278124,0.288983099,0.0,0.0,3.7268,0.0,0.236391438,0,7.3
285.5612,9.607843137,7.599532471,1.24852071,0.987143609,3.679126444,0.348981877,1.984925913,0.42743053,0.0,0.0,0.4219,38.69,0.048750241,0,5.7
174.24,6.6,7.8236928,1.568333333,0.986936614,3.667806373,0.345696649,1.687943095,0.443337469,0.0,0.0,0.7772,20.23,0.056325853,0,5.1
68.992,7.517241379,7.584745655,2.481262327,0.978009866,3.701840758,0.313622013,2.507380102,0.658562218,0.0,1.945555518,-0.1036,29.1,0.219562478,0,17.4
671.37,6.518518519,6.969118963,0.0776,0.98714361,2.954695065,0.494638348,1.07832208,0.192053037,0.0,0.0,6.4876,0.0,-0.053305973,0,0.0
403.0576,26.34375,7.936263875,1.769451642,0.972842793,3.713713818,0.192113607,3.330124965,0.634560016,0.0,2.06516762,4.3641,49.33,0.307395877,0,12.9
266.935,11.09803922,7.099266745,0.187307099,0.987199258,3.063541474,0.289928278,2.284159128,0.480381319,0.0,0.0,2.8114,0.0,-0.030743748,0,0.0
183.48,5.722222222,6.985893556,0.14686659,0.986400586,2.944556522,0.454011122,1.277201811,0.319300453,0.0,0.0,2.0524,0.0,-0.047394926,0,0.0
334.895,31.33333333,9.965174833,9.658446712,0.987139973,4.027370504,0.294520072,2.527495544,0.584807403,0.0,0.0,2.6422,20.23,0.422835994,0,4.4
585.702,21.66666667,7.609429778,1.324509211,0.984177944,3.693871553,0.2584836,1.570970218,0.323379243,14.01124857,5.920244995,0.7793,36.6,0.284824846,0,8.6
43.56,7.333333333,8.686656,5.301608963,0.965564267,3.767356779,0.215628665,1.685815709,0.4702464,8.417796984,0.0,-0.3392,42.52,0.144104177,0,19.4
140.596,11.20833333,7.58928,1.653580247,0.987104822,3.681428879,0.293890729,2.306890596,0.59046716,0.0,1.817787564,1.2465,32.59,0.05368003,0,4.9
367.0776,12.17460317,7.305842667,0.271737344,0.993931,3.28756393,0.271505029,2.961236605,0.603485353,0.0,4.120437805,1.8483,16.13,0.036029667,0,6.6
97.5,33.56521739,7.852649739,1.65969635,0.992920502,3.667998966,0.195635002,2.469670487,0.617417622,0.0,0.0,2.1547,20.23,0.115154154,0,4.9
62.48,12.0,7.393147333,2.235833333,0.911113657,3.356831616,0.194165578,2.646439345,0.738205586,0.0,1.664557625,1.08608,23.79,0.09373747,0,15.1
135.7945,12.42857143,7.897702571,2.194101509,0.977917389,3.725167155,0.29325084,1.99107606,0.477484861,4.794537184,0.0,1.1794,35.53,0.507735822,0,3.1
1745.3852,20.16990291,8.079334641,3.097240786,0.97237402,4.011146237,0.321546244,3.575483215,0.572267077,8.780830095,0.0,2.9376,99.13,0.302565689,0,4.3
353.4185,11.78333333,7.568971533,5.752582514,0.98991653,4.030502017,0.38522216,1.800970957,0.410027506,0.0,0.0,3.129,0.0,0.391317418,0,0.0
211.069,11.28888889,8.056510489,2.104166667,0.987143609,3.679848782,0.323584363,1.896240625,0.419191921,0.0,0.0,-0.9958,58.92,0.070114176,0,12.5
304.784,23.96969697,8.958273697,7.576319444,0.971465526,3.779941793,0.201105707,2.690468571,0.603320961,0.0,5.977143846,-1.0201,157.11,0.294406798,0,14.6
270.767,7.5,7.3335535,1.165280927,0.987188753,3.667551498,0.404540587,1.875145811,0.433867887,0.0,0.0,1.4133,20.23,0.051410236,0,3.3
603.1729,28.36708861,8.115313924,3.008866246,0.971408332,3.76834532,0.186048182,3.769748003,0.674981793,13.40177551,6.168543101,1.581,107.98,0.277488412,0,7.1
212.5355,6.333333333,7.101315,0.176136364,0.987144715,3.236992676,0.423119717,1.763842123,0.401574375,0.0,1.926776695,1.396,12.03,-0.005155142,0,1.4
50.864,6.333333333,7.539358,2.466942149,0.986001079,3.667332697,0.320879309,2.55034071,0.767729053,0.0,1.655330086,-1.0626,46.25,0.055324581,0,15.5
163.577,11.6,8.187522286,1.940035273,0.972891504,3.714143301,0.29205555,2.117344208,0.482056282,0.0,0.0,0.586,35.53,0.302207301,0,4.7
101.53,9.0,7.954224,3.122287968,0.986400586,3.670110535,0.330113906,2.199687795,0.613587393,0.0,0.0,-0.6405,40.46,0.074238644,0,9.4
134.376,12.16666667,7.990314,5.220249836,0.972646359,3.75669439,0.264509929,2.034940914,0.549918677,0.0,1.936467026,0.6715,43.14,0.207175912,0,12.1
0.0,,,0.321978357,0.919380176,3.167334743,0.202860206,0.918295834,0.459147917,0.0,0.0,1.0181,64.18,0.029653019,0,0.0
48.488,10.58823529,7.307315529,0.41322314,1.701,3.286523337,0.153131176,1.971747257,0.5178785,0.0,1.96875,1.0816,12.89,0.026728768,0,8.8
0.0,136.1111111,14.630625,11.23088313,0.986765147,4.024486511,0.258348909,1.5,0.534310781,0.0,0.0,2.6496,0.0,0.398317306,0,1.8
183.48,5.411764706,6.954663765,0.055555556,1.801,2.949,0.5,0.918295834,0.220218789,0.0,0.0,2.3406,0.0,-0.053305973,0,0.0
227.165,14.26086957,7.176915304,0.229568411,1.73381161,3.077735668,0.174450323,1.348587896,0.277602547,0.0,0.0,3.3536,0.0,-0.018404256,0,1.0
0.0,,,10.73053041,0.986936614,4.020820377,0.260154341,1.521928095,0.760964047,0.0,0.0,2.0143,0.0,0.400812722,0,2.0
381.555,6.12345679,6.957057531,0.08984375,0.987143609,2.945424868,0.491421356,1.121640762,0.226402163,0.0,0.0,4.147,0.0,-0.053306146,0,0.0
356.5289,21.24444444,8.864860089,6.136621315,0.971466729,3.719272844,0.221999825,2.855904922,0.631339849,4.794537184,0.0,-1.2485,132.13,0.336419491,0,13.5
464.0449,28.66666667,8.065876139,1.737437632,0.977854242,3.702391629,0.193974748,3.492810217,0.651941449,4.992404733,4.081419804,3.1013,61.69,0.275713569,0,15.6
176.541,9.157894737,7.652923895,1.871111111,0.972892765,3.713979959,0.33176,2.070950594,0.479172848,0.0,0.0,1.3496,26.3,0.302122867,0,3.7
172.584,8.266666667,7.342712267,1.926566705,0.978008982,3.701327659,0.386524352,1.736041168,0.416324314,0.0,0.0,1.5196,17.07,0.132411328,0,6.3
91.74,4.148148148,6.89675037,0.132653061,0.986001079,2.918037031,0.478553391,1.148834854,0.310459011,0.0,0.0,1.8064,0.0,-0.05643437,0,0.0
49.632,8.333333333,7.815981,2.830246914,0.978009866,3.71388761,0.306044998,2.29248125,0.619515902,0.0,0.0,0.3234,26.3,0.305409841,1,16.6
102.3725,8.666666667,7.812616741,1.671875,0.987132423,3.676598463,0.341729558,1.919736718,0.491372018,0.0,0.0,0.0152,29.46,0.069705198,0,9.2
1056.745,14.74829932,7.450004735,1.507681756,0.992740522,3.671405284,0.346075741,3.15133504,0.555553374,0.0,0.0,2.58,60.69,0.115370618,0,3.8
171.4207,21.11538462,7.884626615,2.08650519,0.977704489,3.71444786,0.174595553,3.219528282,0.732990805,4.794537184,1.995126377,0.8682,39.19,0.338921629,0,4.4
0.0,,,0.041579028,0.977336307,3.492363974,0.550002986,1.921928095,0.960964047,0.0,0.0,1.5776,0.0,0.077763143,0,5.7
919.8468,20.73387097,8.662466484,3.567887517,0.987200184,3.697932766,0.319021363,2.592648021,0.46937973,0.0,0.0,-5.3956,189.53,0.223550334,0,7.5
110.528,7.878787879,7.56211697,0.473333333,1.801,3.675870189,0.341580343,2.040223929,0.522211687,0.0,1.96875,-0.3938,21.26,0.059108072,0,4.9
933.524,8.914285714,7.289182743,1.165224913,0.97718609,3.716721946,0.407182828,1.796576067,0.294109663,0.0,0.0,6.3542,52.6,0.305277747,0,2.0
155.1796,8.060606061,7.661272121,2.631510417,0.987214277,3.668882897,0.356280983,2.25,0.575905556,0.0,0.0,-0.2504,40.46,0.053349575,0,10.0
231.3582,21.59459459,8.316115027,3.565885614,0.971497761,3.716819141,0.177578256,3.308751351,0.703923792,4.794537184,0.0,1.3101,63.6,0.339003787,0,4.7
1398.856,14.75409836,7.439896765,1.982061524,0.977148663,3.703509103,0.37769893,2.967787158,0.500407789,0.0,0.0,2.6667,74.6,0.161297578,0,4.6
0.0,,,11.24048697,0.986936614,4.030662382,0.297170532,1.370950594,0.685475297,0.0,0.0,1.9011,0.0,0.44787588,0,2.5
334.1971,12.44444444,7.983538133,1.677667507,0.972785779,3.701566124,0.300424157,2.119085047,0.468454963,0.0,0.0,1.3905,26.3,0.132190667,0,6.0
4042.7652,16.15757576,7.693446335,1.811897676,0.977223393,3.715792198,0.313492946,2.850259799,0.370142473,19.96961893,22.75873827,6.6302,292.76,0.247687984,0,3.25
0.0,,,0.001464716,0.986936614,3.539031615,0.318727629,0.721928095,0.360964047,0.0,0.0,2.5529,0.0,0.265685211,0,0.0
62.7,16.28571429,7.862593,3.003566655,0.972910767,3.716378511,0.266604086,2.404009757,0.694914663,4.794537184,0.0,1.3817,26.3,0.403247387,0,10.0
605.7555,20.5625,7.647972292,0.971997028,0.977998882,3.701955291,0.238013867,3.30869497,0.583294582,0.0,4.300626694,3.934,32.67,0.248186673,0,12.6
0.0,,,6.0,0.79,3.700215953,0.090721842,1.5,0.75,0.0,0.0,-0.1849,17.07,0.106382254,0,18.3
1402.044,15.17777778,7.452829244,1.65828618,0.972648701,3.703466957,0.382298097,2.775802311,0.469926142,0.0,0.0,3.8384,54.37,0.16134532,0,4.2
1365.5399,23.57142857,8.048840779,3.325821995,0.972415609,3.70693756,0.2556592,4.094280647,0.674945672,0.0,3.734685617,-0.2144,181.62,0.255450836,0,8.53
127.6201,12.83333333,8.376533333,3.895061728,0.97159453,3.703462254,0.234443611,1.906890596,0.476722649,0.0,0.0,0.5545,34.14,0.136672069,0,9.0
764.1848,15.71794872,7.70014041,1.506730365,0.977953557,3.714230291,0.292822323,3.319810629,0.588216729,0.0,2.157158458,0.9181,62.3,0.315549882,0,4.9
115.94,16.625,7.993791,3.941358025,0.970208292,3.7136836,0.211983041,3.022055209,0.816674622,4.794537184,0.0,0.6471,37.3,0.330163383,0,2.8
242.8175,25.48571429,7.780450171,1.226459043,0.992374528,3.668013493,0.21032923,3.010570934,0.675101939,0.0,0.0,2.66244,20.23,0.115709908,0,5.7
277.9137,16.74468085,7.995106213,2.337191358,0.97791537,3.714076182,0.222163866,3.522055209,0.732638897,4.794537184,1.999166648,0.6192,59.42,0.339292333,0,8.5
127.8325,10.81481481,7.136807852,0.232098765,0.993853848,3.057018413,0.193319691,2.041946032,0.489684115,0.0,0.0,1.99502,0.0,-0.039774526,0,1.4
167.772,16.38235294,7.326442824,0.329873126,1.745776194,3.287459499,0.167934263,2.130926081,0.471072598,0.0,2.018077474,2.2348,12.89,0.034583363,0,6.6
148.3845,25.40740741,8.005157926,3.092977019,0.972956105,3.7137076,0.175642071,2.840223929,0.668614029,4.794537184,0.0,2.0382,37.3,0.335179993,0,5.9
141.7125,17.11111111,7.656013185,3.123950617,0.973020142,3.713691811,0.16839838,2.358938532,0.555315157,4.794537184,0.0,1.3848,37.3,0.335178235,0,10.1
0.0,12.5,9.239184,4.056120116,0.968068449,3.703722132,0.223074656,2.128085279,0.758039271,0.0,0.0,0.7717,17.07,0.218037261,0,10.6
255.6595,11.96,7.81146312,2.377314815,0.977669463,3.714304432,0.336901684,2.413890987,0.526479985,4.794537184,0.0,0.7105,46.53,0.334157775,0,6.5
353.114,10.88235294,7.854922294,1.399077278,0.972886117,3.71428243,0.331903542,2.086045124,0.410036435,0.0,0.0,1.3828,44.76,0.302207301,0,4.1
505.686,13.25974026,7.375809818,1.703907765,0.972730594,3.713684899,0.279466517,2.897103094,0.556124202,0.0,0.0,3.0732,37.3,0.310185352,0,7.7
531.686,24.69230769,7.893812205,1.628355982,0.977830403,3.702425001,0.195484592,3.381580488,0.619401565,4.992404733,4.178495769,2.4722,52.9,0.27805646,0,9.8
129.203,14.38461538,7.542913692,0.465169271,0.987988251,3.678444787,0.180901699,2.251614472,0.530050116,0.0,0.0,1.6952,9.23,0.118357715,0,4.1
69.372,19.52380952,7.512896381,0.21263167,0.993853848,3.492887348,0.177262184,1.650022422,0.42233648,0.0,0.0,2.34,0.0,0.040548441,0,4.3
0.0,152.1111111,7.845601,0.043611754,0.986001079,3.25046264,0.702350269,1.5,0.534310781,0.0,0.0,1.7762,0.0,0.012858598,0,6.8
271.5775,9.866666667,7.920444889,1.297133264,0.987134537,3.676964096,0.3445269,1.965767808,0.447546846,0.0,0.0,0.7938,29.46,0.070433745,0,6.1
133.3705,8.066666667,7.502232667,2.069010417,0.972910767,3.701423031,0.337943237,1.923794941,0.480948735,0.0,0.0,1.3755,17.07,0.129329532,0,7.1
108.976,8.846153846,7.657300769,3.5430839,0.972910767,3.713629772,0.311970489,2.403677461,0.631324768,0.0,0.0,0.8711,37.3,0.302828937,0,4.1
163.9505,6.153846154,7.130086667,1.302469136,0.987132423,3.667328286,0.429326233,1.791667484,0.438332421,0.0,0.0,1.1689,20.23,0.043052233,0,5.9
263.4605,19.52272727,7.535040273,2.354245402,0.973017926,3.713713221,0.175121005,2.29432426,0.477252938,4.794537184,0.0,2.538,37.3,0.33581577,0,3.2
813.1151,11.63636364,7.474240697,0.682847222,0.989343403,3.67720522,0.328575638,2.98791994,0.519196933,0.0,1.938168618,3.472,41.49,0.122406015,0,2.4
523.9096,25.30985915,8.200389127,4.107567444,0.972615354,3.756999609,0.23800349,3.949698735,0.758179114,0.0,3.996772919,0.909,112.7,0.268945133,0,9.5
631.336,23.94186047,7.94977186,2.082921398,0.972606568,3.714245103,0.197533025,3.716016178,0.651882374,0.0,2.256477224,3.92732,68.53,0.307407802,0,5.1
148.7205,25.40740741,8.005157926,3.092977019,0.972954869,3.713708442,0.175642071,2.840223929,0.668614029,4.794537184,0.0,2.0382,37.3,0.335232221,0,5.9
564.4871,14.25531915,7.611066851,0.820486111,0.98860501,3.67721295,0.254610341,3.163865122,0.572794358,0.0,1.936187198,2.5775,41.49,0.126758692,0,7.9
446.1195,19.04918033,7.920711016,3.553333333,0.977291016,3.70697092,0.284482409,2.724889452,0.566816783,4.794537184,3.95079351,0.1588,75.27,0.327631867,0,8.5
186.3685,14.56410256,7.786721231,0.557067271,1.734193507,3.680258565,0.236211024,2.63855926,0.56818281,0.0,0.0,1.4642,21.76,0.118937476,0,4.3
0.0,,,0.018802012,0.9839941,3.52367745,0.34503278,1.370950594,0.685475297,0.0,0.0,1.9864,0.0,0.180106635,0,3.1
100.845,13.09090909,7.943489273,2.432839506,0.957146852,3.713904955,0.247415436,2.815922064,0.703980516,4.794537184,0.0,0.7355,26.3,0.329627783,0,7.1
184.0065,20.13333333,8.151663333,3.568589481,0.971589941,3.788911885,0.277716411,2.078491674,0.48091769,8.366170865,0.0,0.3042,60.98,0.399331683,0,14.7
291.9095,9.466666667,7.641868133,1.137931034,0.98714361,3.679139464,0.36986609,1.923618624,0.400140754,0.0,0.0,0.812,38.69,0.070112057,0,7.0
128.158,5.333333333,7.033189091,0.553710938,0.9872569,3.220880655,0.423240118,1.966917187,0.503448238,0.0,1.681218434,0.7452,26.02,-0.007737643,0,4.5
383.511,13.55,7.4675178,0.991388508,0.987621919,3.66756417,0.254296018,3.006025245,0.612613056,0.0,1.841413848,1.3279,32.26,0.093965301,0,3.4
844.3306,16.61538462,7.661340677,2.019658352,0.97792271,4.009945478,0.258003343,3.353225274,0.572419965,4.390415048,2.22091368,4.4256,40.54,0.162424753,0,9.0
236.161,7.215686275,7.253617647,1.991735537,0.987143501,3.668607326,0.404712654,1.867633891,0.425204672,0.0,0.0,0.5314,40.46,0.043052419,0,8.4
181.673,7.846153846,7.383381538,1.77654663,0.972892041,3.701425088,0.361094203,1.878477513,0.44221035,0.0,0.0,1.7656,17.07,0.129339773,0,6.1
451.2355,18.76811594,7.680522203,2.935368251,0.972815103,4.009936841,0.201144823,3.083228568,0.583347954,4.390415048,0.0,3.6808,37.3,0.310187148,0,2.2
150.8325,12.8,7.302695867,1.431315104,0.987988251,3.667350908,0.204494514,2.423794941,0.570582933,0.0,0.0,1.1789,20.23,0.06813694,0,6.3
94.0125,14.7826087,7.283889913,1.639053254,0.911348421,3.356796614,0.152117065,1.914341184,0.459082881,0.0,1.726227523,1.55828,23.79,0.099108837,0,9.0
236.6475,5.62962963,6.941980741,0.103024575,0.987144715,2.937366476,0.487744795,1.149229762,0.257707677,0.0,0.0,2.9767,0.0,-0.053326092,0,0.0
995.271,8.573684211,7.289803768,0.567174515,0.98714361,3.68117102,0.411497091,2.030041838,0.324914435,0.0,0.0,6.066,47.92,0.070114394,0,3.1
1371.124,13.34594595,7.320466162,1.0793618,0.972847586,3.701538109,0.407466173,2.663698252,0.450947619,0.0,0.0,4.5153,37.3,0.132960182,0,3.2
400.2945,26.30434783,8.17307,2.559992284,0.97725093,3.709254934,0.195400287,2.916666667,0.600386595,9.778515705,8.359750241,-1.0293,61.82,0.331703433,0,13.7
83.6,9.481481481,7.958920741,0.714285714,1.801,3.679535337,0.332094931,1.378783493,0.362136843,0.0,0.0,0.0332,18.46,0.070114395,0,1.8
20.064,6.666666667,7.249341667,2.37654321,0.910904966,3.356214162,0.265416203,1.879964949,0.56592584,0.0,1.655330086,0.91998,23.79,0.061834241,0,14.3
320.1915,10.45833333,7.895711167,0.5144,0.98714049,3.679834519,0.335291195,1.73366069,0.378118837,0.0,0.0,1.4479,18.46,0.07069305,0,5.1
663.856,9.016949153,7.189619966,0.91878858,0.972104852,3.713958727,0.39725327,2.04693711,0.364566855,4.794537184,0.0,5.0266,26.3,0.332602812,0,2.2
1310.0055,8.756756757,7.086056595,1.066355552,0.97281252,3.713738117,0.456014916,1.414068776,0.224320742,0.0,0.0,7.9745,40.13,0.04757251,0,3.7
69.5401,16.5,9.300176,4.359631821,0.97159453,3.723116874,0.200462065,2.045841641,0.537339356,0.0,0.0,0.096,43.37,0.30976819,0,11.7
472.206,18.28767123,7.600588055,2.449545965,0.97267775,3.714027802,0.199185845,2.951707755,0.547391321,0.0,0.0,3.1057,54.37,0.310185738,0,5.5
190.3472,17.4,7.832784686,1.868333333,0.977999774,3.713945884,0.208332116,3.241446071,0.7069733,4.794537184,1.997668853,1.2583,39.19,0.339187321,0,3.9
66.998,6.857142857,7.137,1.894097222,0.911039987,3.356205003,0.312332963,1.947338796,0.526245242,0.0,1.681218434,1.31008,23.79,0.062113743,0,12.4
171.2305,19.72413793,8.009845931,3.817708333,0.972956105,3.713768341,0.166895629,2.75,0.636290086,4.794537184,0.0,1.0904,57.53,0.33518286,0,14.5
229.7085,12.68181818,7.521948182,2.446837994,0.972968368,3.713650365,0.218840978,2.810446901,0.605196799,0.0,0.0,1.7038,37.3,0.303177763,0,3.3
508.659,10.29333333,7.914942347,0.42733564,0.987127243,3.678936558,0.35576303,1.569307823,0.311099368,0.0,0.0,2.6166,18.46,0.07073767,0,4.1
224.3035,15.64102564,7.861410154,2.728541667,0.972906889,3.702093261,0.189515595,3.321928095,0.724526775,0.0,1.697789866,0.42,63.32,0.221339043,0,5.8
333.2525,6.0,6.953288333,0.09334126,0.987143621,2.943230251,0.490468174,1.130738017,0.235210014,0.0,0.0,3.7569,0.0,-0.053306317,0,0.0
76.044,42.38095238,7.99892481,0.175261224,0.992524757,3.497854589,0.185441022,1.918295834,0.491003213,0.0,0.0,2.9934,0.0,0.059180344,0,6.3
81.9625,6.5,7.541672333,0.448888889,0.9872569,3.675897198,0.372239172,1.425605199,0.374434543,0.0,0.0,1.0428,9.23,0.043708413,0,2.9
1378.168,15.6,7.493872044,2.529740131,0.957481316,3.705004709,0.358453691,3.140840919,0.52958692,0.0,0.0,1.8457,91.67,0.161743665,0,5.4
171.3965,11.21212121,7.983493455,1.5525,0.987143501,3.680194641,0.312620549,1.919240705,0.451806369,0.0,0.0,-0.3583,38.69,0.07009702,0,7.8
1666.9051,16.25352113,7.671063005,2.594487397,0.972361983,3.716159307,0.340711672,3.329062167,0.532826631,0.0,1.68966142,1.598,143.99,0.306245105,0,4.3
0.0,289.0,12.075625,0.022896239,0.985901483,3.520865667,0.293384135,0.918295834,0.355245321,0.0,0.0,3.0682,0.0,0.136441793,0,6.5
121.255,14.64,8.1878912,3.285481771,0.957147472,3.714022638,0.240136193,3.077819531,0.752990217,4.794537184,0.0,-0.2921,46.53,0.32972219,0,13.2
67.982,31.52380952,7.382750857,0.225929617,0.993853848,3.249646764,0.201672735,1.650022422,0.42233648,0.0,0.0,2.4491,0.0,0.017475283,0,5.5
0.0,,,4.5,0.919380176,3.743427481,0.085533373,0.918295834,0.459147917,0.0,0.0,-0.5835,34.14,0.372928819,0,6.3
730.723,7.179310345,7.03501589,0.49785124,0.98714361,3.667352339,0.449108641,1.863458696,0.322321874,0.0,0.0,6.0162,20.23,0.043052407,0,2.7
147.1748,31.28,8.19459512,4.551450438,0.972962659,3.756791081,0.164213034,2.664497779,0.638979785,0.0,2.007227871,2.2482,43.14,0.287370894,0,10.7
127.192,18.2,8.02472448,2.721088435,0.992524757,3.671561915,0.163574918,2.235926351,0.547020594,0.0,0.0,1.0978,40.46,0.156883181,0,11.3
164.611,19.03571429,7.957742,1.522491349,0.987882363,3.67946767,0.178049119,2.748940047,0.636044836,0.0,0.0,1.4008,29.46,0.159973721,0,8.2
876.1655,15.84732824,7.500124763,0.769278067,0.9574759,3.67869918,0.275926618,3.61405919,0.619600092,0.0,4.309871093,3.1732,45.59,0.119124446,0,5.53
194.376,10.43137255,7.229259451,0.051064112,0.993923622,3.491948787,0.468224211,1.410847875,0.338338909,0.0,0.0,2.5579,0.0,0.033563603,0,5.5
0.0,12.33333333,7.260192,0.118515036,0.977336307,3.244613237,0.62060244,1.548794941,0.551691889,0.0,0.0,1.4012,0.0,0.000280511,0,8.0
251.8635,12.04,8.16450168,1.642857143,0.972888273,3.71427398,0.302065395,2.035582048,0.423430781,0.0,0.0,0.6026,44.76,0.302207301,0,5.1
158.2285,16.44117647,7.385038588,0.329873126,1.745776194,3.291495801,0.167852722,2.019153461,0.446363614,0.0,2.034494683,2.2348,12.89,0.070143484,0,7.0
275.075,11.0,7.101616,0.156565657,1.751756967,3.065212799,0.298598633,2.368522528,0.503893821,0.0,0.0,2.5654,0.0,-0.027602667,0,2.0
42.1056,14.2,8.5624632,4.898071625,0.977280025,3.723054757,0.240261142,2.186704346,0.590930947,0.0,0.0,-0.15,43.37,0.313522183,2,19.2
224.1235,10.21052632,7.719630211,1.880277778,0.97280568,3.713982814,0.314951067,2.070950594,0.479172848,0.0,0.0,1.2055,26.3,0.302132686,0,3.7
1161.045,9.971014493,7.191581478,0.685248496,0.984805241,3.723347216,0.438120644,1.589215533,0.251381463,4.565048285,0.0,9.2258,54.57,0.474277756,0,5.9
0.0,153.0,10.5414125,0.097431794,0.985399312,3.513111719,0.289862574,1.79248125,0.693426404,0.0,0.0,2.5017,0.0,0.117603187,0,3.1
1733.7641,15.06956522,7.538642,1.994670149,0.977184806,3.715512253,0.371570482,2.905313264,0.459561264,0.0,0.0,3.9128,100.9,0.305720288,0,3.4
79.684,4.666666667,7.050430833,0.659763314,0.986001079,3.220879254,0.404050148,2.034940914,0.567632413,0.0,1.655330086,0.3551,26.02,-0.007990569,0,4.9
665.9206,20.4057971,8.076590319,8.755099826,0.987165684,4.034206688,0.336613734,1.987516816,0.433485948,0.0,0.0,4.0615,0.0,0.402680283,0,0.0
96.6082,27.71428571,9.329223429,6.3125,0.9771979,4.009966995,0.165486732,3.084962501,0.789620908,4.794537184,3.931632227,-0.7977,65.72,0.325347136,0,13.3
237.2587,9.0,7.604209167,2.056710775,0.987143621,3.676442389,0.35871258,2.044451086,0.45845553,0.0,0.0,-0.2322,49.69,0.048740906,0,10.6
369.2461,10.1884058,7.686342725,1.055121528,0.98714361,3.678746138,0.375984769,2.040293039,0.411831286,0.0,0.0,1.2005,38.69,0.100594391,0,6.5
746.7577,14.47058824,7.781122319,1.806901298,0.972588996,3.703729812,0.277551565,3.462513601,0.593618874,0.0,3.953623072,2.3655,87.66,0.223858453,0,4.3
253.3346,41.73913043,7.828569304,0.168368118,0.992383159,3.50116617,0.188062012,2.149761441,0.442521583,0.0,0.0,5.3138,0.0,0.078431175,0,5.3
569.628,14.46987952,7.535631952,0.996420484,0.977822537,3.701887946,0.262097691,2.911852859,0.536621966,0.0,4.113921022,2.58374,32.34,0.238066132,0,5.0
276.6546,10.76190476,8.015182571,2.643663194,0.972749802,3.701512149,0.301370587,2.319240705,0.53662177,0.0,0.0,0.7364,37.3,0.132180991,0,8.2
56.5025,13.71428571,8.674201429,2.853973765,0.957305845,3.71409385,0.199334163,2.79248125,0.754634979,0.0,0.0,0.693,26.3,0.306915205,0,7.2
0.0,17.0,9.0072,0.09589558,0.986936614,3.524691919,0.3349554,1.811278124,0.645190286,0.0,0.0,2.3765,0.0,0.187382185,0,4.3
559.3058,23.13043478,8.03479171,0.847176565,0.987194186,3.684309328,0.191194801,3.411727916,0.617668081,4.983978521,7.516906164,1.2576,105.51,0.221431636,0,12.7
229.9755,7.708333333,7.309099583,1.55785124,0.972892765,3.701427161,0.378457428,1.820438145,0.408222011,0.0,0.0,2.1557,17.07,0.129339949,0,5.7
0.0,,,,0.0,3.654,0.0,0.918295834,0.918295834,0.0,0.0,-0.8247,31.5,-0.411509522,0,16.0
212.5495,20.625,7.957000875,2.708679594,0.977674903,3.714521511,0.180004938,3.155565013,0.697584126,4.794537184,0.0,1.1788,46.53,0.337346052,0,5.6
222.6676,17.14285714,8.485684857,0.371285168,0.987165684,3.678113866,0.342595885,1.772338851,0.410080596,0.0,0.0,2.9528,9.23,0.138065347,0,8.2
1320.414,13.75141243,7.323102554,1.305382501,0.972705425,3.703036753,0.392622949,2.57422024,0.437595859,0.0,0.0,4.7235,34.14,0.15519729,0,3.8
29.04,3.8,7.2664128,0.987654321,0.977336307,3.315331695,0.32261488,2.113283334,0.704427778,0.0,3.310660172,-0.9205,38.05,-0.001724682,0,8.7
619.5466,12.37373737,7.548899677,0.81797997,0.957291862,3.677194126,0.275682726,3.369592343,0.610039748,0.0,1.935791419,1.1266,46.07,0.1365341,0,4.3
153.658,8.6,7.6396946,1.569011918,0.987990087,3.676767389,0.376427929,2.173973135,0.531863706,0.0,0.0,0.1577,29.46,0.080611793,0,8.2
101.64,6.375,7.553088,0.75,0.9839941,3.327188814,0.282574186,1.959147917,0.566320752,0.0,3.488033872,-0.5783,29.26,0.0010518,0,5.9
326.1347,18.01886792,7.621688528,1.441015089,0.97804559,3.713970073,0.179594802,2.896339003,0.564667419,4.794537184,2.000680787,2.4386,39.19,0.339535368,0,3.0
43.56,7.0,8.2944,3.279890261,0.968068449,3.714350977,0.301910287,1.570950594,0.472903251,0.0,0.0,-0.0053,36.28,0.014804214,0,16.4
482.1757,18.83823529,7.580171941,1.673094582,0.972896451,3.713735141,0.193433635,3.201583698,0.597583317,4.794537184,2.063824217,3.74524,49.33,0.337309746,0,2.5
44.946,7.076923077,7.338768923,2.3025,0.957102227,3.66733629,0.25663498,2.646439345,0.796657624,0.0,0.0,0.1647,20.23,0.060931221,0,7.1
284.202,15.75,7.6888,1.721111111,0.977506256,3.702459063,0.22819082,1.670950594,0.386621563,4.794537184,3.919895132,0.2296,23.55,0.318454675,0,8.2
581.415,13.09090909,7.41453097,1.161300244,0.984807863,3.723266522,0.394441098,1.864967981,0.341604788,4.565048285,0.0,4.5446,54.57,0.474277752,0,6.3
133.898,18.48,7.79625616,4.585034014,0.973020142,3.756765423,0.15549305,2.148834854,0.515317387,0.0,2.00767729,1.5948,43.14,0.268921627,0,8.6
269.668,15.72727273,7.700404091,3.081267218,0.972892407,3.713722866,0.211933906,3.186704346,0.677958773,0.0,0.0,0.806,57.53,0.307314762,0,5.0
245.8875,8.2,7.246592533,0.153409091,0.9872569,3.256310153,0.385338085,1.363380076,0.310401081,0.0,2.045385138,1.3481,3.24,-0.004743854,0,0.4
1830.3691,14.49193548,7.49861879,1.861809895,0.977184806,3.71552642,0.378909312,2.811395139,0.437485109,0.0,0.0,4.693,100.9,0.305720289,0,3.1
157.259,18.63157895,7.907323789,2.425432099,0.972138685,3.714429463,0.226142324,2.739572262,0.684893065,4.794537184,0.0,0.7355,26.3,0.332326985,0,6.5
227.868,13.13513514,7.306608541,0.234444444,0.988936677,3.265283313,0.191874483,2.285475297,0.505237978,0.0,2.00767729,1.7526,3.24,0.036048726,0,6.3
541.1935,9.594059406,7.139943406,0.675277778,0.987819299,3.668022814,0.350269843,2.412875415,0.444665995,0.0,0.0,4.6853,20.23,0.118261864,0,4.1
101.002,27.47826087,8.012249826,1.633536524,0.992524757,3.668066904,0.17450797,2.469670487,0.617417622,0.0,0.0,2.0456,20.23,0.133666613,0,5.5
111.0025,5.533333333,7.165177867,0.217773438,0.9872569,3.23720343,0.383621666,1.673794941,0.428421247,0.0,1.853553391,0.6158,12.03,-0.007751361,0,2.3
129.734,6.733333333,7.461525333,1.551358025,0.986400586,3.667547617,0.395188412,1.871602261,0.491575464,0.0,0.0,0.7772,20.23,0.050903904,0,5.7
14.52,5.0,7.436683636,0.617283951,1.757912936,3.702647411,0.171344621,1.836591668,0.530894052,0.0,0.0,1.2796,13.14,0.090202355,0,1.8
163.108,7.2,7.257444,1.551358025,0.986400586,3.667333152,0.388297186,1.871602261,0.491575464,0.0,0.0,0.6347,20.23,0.045348804,0,5.7
230.419,30.96551724,8.874079862,7.970486111,0.971529332,4.009949679,0.149239683,2.905639062,0.661527568,0.0,4.025821505,1.6421,86.28,0.311151275,0,12.9
121.234,24.56,7.7279948,0.616286249,0.992524757,3.492979752,0.176757633,2.521640636,0.616920749,0.0,1.744569848,1.9222,26.02,0.063491408,0,5.4
406.3565,8.909090909,7.290317818,1.276218821,0.977811114,3.701335365,0.383156813,1.698117421,0.353233212,0.0,0.0,2.6477,17.07,0.132921628,0,3.7
405.463,6.666666667,7.05354619,0.754820937,0.98714361,3.667337214,0.461450673,1.522010305,0.304402061,0.0,0.0,3.1194,20.23,0.043052407,0,2.6
0.0,,,0.041024234,0.977336307,3.507768194,0.375624113,1.521928095,0.760964047,0.0,0.0,1.4215,0.0,0.09670639,0,6.3
56.364,13.63636364,8.704936727,3.032598714,0.972632812,3.714479684,0.217303481,2.049452073,0.592424507,0.0,0.0,0.1793,26.3,0.301847167,0,7.2
528.9632,18.375,7.8321805,0.44617284,1.734199459,3.680856895,0.173454873,1.705587262,0.288745362,0.0,0.0,7.0635,27.69,0.13065076,0,3.1
0.0,4.5,8.094816,4.12244898,0.94742303,3.700858439,0.19684114,2.128085279,0.758039271,0.0,0.0,0.2052,17.07,0.116405283,0,8.0
740.314,9.381294964,7.367391223,1.384778912,0.977186186,3.71669174,0.390306979,1.911051037,0.327633649,0.0,0.0,4.7938,52.6,0.305277514,0,3.9
170.7925,24.34482759,7.85620269,1.400471894,0.992520766,3.66800994,0.19430547,3.108458593,0.73175886,0.0,0.0,2.35402,20.23,0.115444834,0,6.5
2870.9711,15.56430446,7.790731076,1.499234435,0.97770267,3.716484708,0.375896371,2.833065082,0.405378867,4.794537184,0.0,3.2473,182.83,0.330661,1,3.0
611.7496,12.70408163,7.641639959,0.848987029,0.987139824,3.679537449,0.286790078,3.170553829,0.570799012,0.0,1.9356365,1.6132,50.72,0.118956222,0,7.0
602.4029,28.37974684,8.130012861,3.008866246,0.971410073,3.768348025,0.185716072,3.769748003,0.674981793,13.40177551,6.168543101,1.7376,107.98,0.264599301,0,21.4
1588.8811,16.12807882,7.611985025,2.234413995,0.977102689,3.715492203,0.35872753,3.059230061,0.497456237,0.0,0.0,2.7425,100.9,0.305439186,0,3.9
0.0,8.0,9.471168,7.959183673,0.968068449,3.756952965,0.15252674,2.128085279,0.758039271,0.0,1.866025404,-0.1071,43.14,0.193997324,0,18.8
33.264,23.0,8.117993846,0.523419067,0.987991453,3.67825977,0.368691103,2.160964047,0.650514998,0.0,0.0,0.624,12.53,0.094437047,0,7.6
189.413,31.68421053,7.366842789,0.209582561,0.993879565,3.250494838,0.197517891,1.875315618,0.409014385,0.0,0.0,3.6023,0.0,0.025322314,0,3.1
115.648,5.866666667,7.172949333,1.533333333,0.9872569,3.667326517,0.41519148,1.871602261,0.491575464,0.0,0.0,0.7788,20.23,0.043042283,0,5.7
118.7125,14.56,7.37164208,2.213151927,0.957506827,3.700812651,0.162569993,1.870253816,0.448510181,0.0,0.0,1.4991,17.07,0.149548029,0,7.4
934.953,11.19393939,7.290753406,1.206203449,0.977233356,3.716911857,0.349621757,2.34752614,0.381727264,9.589074368,0.0,6.7212,52.6,0.338505966,0,7.0
249.4825,15.65909091,7.216437,0.217687075,0.993879565,3.101487169,0.192202317,2.199086165,0.462489631,0.0,0.0,3.14822,0.0,-0.015473598,0,0.8
57.232,16.4,8.201523733,2.812213039,0.957507304,3.706942733,0.164674351,2.55034071,0.669845802,0.0,0.0,1.0921,30.21,0.184800866,0,14.9
557.5005,12.85542169,7.525630602,1.055192744,0.977955889,3.702459122,0.318403005,1.93647042,0.374564509,4.794537184,6.395812289,0.6956,26.79,0.319568613,0,8.1
291.5977,14.09433962,7.548247094,1.536982249,0.977982978,3.713947913,0.254886009,3.141619525,0.640246499,4.794537184,1.99957571,2.0385,39.19,0.339197413,0,3.1
100.05,12.2173913,8.043589217,2.791255753,0.977969497,3.725589317,0.272501965,2.353533949,0.618154597,4.794537184,0.0,0.5417,35.53,0.508289939,2,18.0
210.207,16.7,7.4680698,1.211449677,0.9938533,3.66800701,0.17394922,2.074087045,0.446630335,0.0,0.0,2.5454,20.23,0.115716525,0,6.3
496.6035,20.94285714,7.8771924,3.058197913,0.977291016,3.707009431,0.223639221,3.286125515,0.63562344,4.794537184,3.970289311,0.7004,75.27,0.327651019,0,4.3
228.134,7.425925926,7.268238889,1.217451524,0.993923622,3.667520756,0.444611038,1.634064972,0.38467346,0.0,0.0,1.3114,20.23,0.053984775,0,4.1
1111.5381,15.78823529,7.553141365,1.970409563,0.977765707,4.011231283,0.248252635,3.266264249,0.52120241,13.57536728,6.551884665,5.857,41.03,0.326214802,0,5.4
122.7825,10.4,8.029372267,2.640138408,0.987144715,3.677376209,0.319936977,1.969815782,0.492453946,0.0,0.0,-1.0124,49.69,0.069837709,0,12.0
253.8835,7.962264151,7.31593434,2.334488553,0.972891504,3.713639608,0.374646992,2.084182985,0.460739348,0.0,0.0,2.0414,37.3,0.302839557,0,3.0
173.184,10.33333333,7.95779103,2.637152778,0.98658139,3.670264102,0.344575983,2.0,0.51191605,0.0,0.0,-0.252,40.46,0.076783694,0,7.8
157.3505,13.86206897,7.526447862,1.428819444,0.992920502,3.667996257,0.188326089,2.702819531,0.636267809,0.0,0.0,1.70062,20.23,0.115094489,0,4.9
164.8175,10.44444444,7.088979444,0.213391632,0.987988251,3.056916519,0.243705174,2.234984922,0.508839573,0.0,0.0,2.249,0.0,-0.030744083,0,0.6
190.659,10.23809524,7.919106095,1.383742911,0.987143621,3.679139238,0.338518016,1.840285573,0.412672675,0.0,0.0,0.0318,38.69,0.070111804,0,9.2
0.0,1.0,6.718464,3.333333333,0.89,3.667135955,0.272165527,1.79248125,0.771979655,0.0,0.0,-0.3915,20.23,0.031940684,0,12.3
438.6305,12.10169492,7.400667051,1.452244888,0.977888901,3.701365367,0.331859144,2.413890987,0.513545781,0.0,0.0,2.3218,17.07,0.155678092,0,8.2
182.5545,13.87096774,7.344645161,0.574394464,0.992524757,3.227450985,0.190738906,2.748940047,0.636044836,0.0,1.744569848,1.57722,26.02,0.03432088,0,5.8
224.897,8.615384615,7.444792,1.789627578,0.9728264,3.70142607,0.34050021,1.878477513,0.44221035,0.0,0.0,1.6215,17.07,0.129595121,0,6.1
202.0955,10.65,7.5166599,1.866717057,0.957147044,3.713906822,0.305974767,2.712116827,0.608175449,4.794537184,0.0,1.5157,26.3,0.329637876,0,6.2
146.6615,13.6,7.2956,1.432291667,0.911044843,3.356276964,0.177454738,2.423794941,0.551825997,0.0,1.716667152,1.75268,23.79,0.066921452,0,12.3
0.0,,,0.151464716,0.89,3.491236457,0.398409536,1.370950594,0.685475297,0.0,0.0,0.855,0.0,0.010839186,0,6.1
205.581,8.136363636,7.383173182,2.634444444,0.972892765,3.713636316,0.358977866,2.18149633,0.504750723,0.0,0.0,1.6513,37.3,0.302839555,0,3.4
1406.5636,16.74576271,7.59524974,2.528275511,0.977149513,3.705467902,0.353813694,3.095513803,0.521944174,0.0,0.0,1.9898,91.67,0.189641824,0,5.4
261.7155,11.1875,8.00560225,2.069943289,0.987140937,3.67760797,0.341474714,2.21836413,0.497454456,0.0,0.0,-0.2354,49.69,0.077851146,0,20.3
108.5956,37.2173913,8.422115391,1.598432192,0.992520766,3.668080135,0.181877672,2.661226256,0.665306564,0.0,0.0,2.699,20.23,0.133773408,0,8.3
49.896,9.777777778,7.240530556,0.101753915,0.986001079,3.491584795,0.442883444,1.672933032,0.503603023,0.0,0.0,1.6352,0.0,0.022033046,0,7.8
649.17,22.3125,7.748304875,1.092739704,0.98502778,3.723720721,0.198467241,2.71229151,0.461066818,0.0,0.0,6.25676,54.57,0.646578436,0,12.3
157.476,10.4,7.567721029,2.045898438,0.977929346,3.701884595,0.3043213,2.216917187,0.542369992,0.0,2.060717982,0.2386,20.31,0.221873564,0,12.3
155.6975,15.03225806,7.577523226,1.907727797,0.973020142,3.701470721,0.185191752,2.441923521,0.555953335,0.0,0.0,1.8892,17.07,0.159298497,0,8.6
85.404,8.476190476,7.72295619,2.479289941,0.972632812,3.701422026,0.305531884,1.854285872,0.501098792,0.0,0.0,0.9854,17.07,0.129065033,0,9.0
98.412,8.888888889,7.156090741,0.092219524,0.9872569,3.491586505,0.454306755,1.62668885,0.439593393,0.0,0.0,2.0253,0.0,0.022285485,0,5.5
14.52,5.166666667,6.988248,0.107987528,0.977336307,3.012223658,0.53999257,1.879964949,0.626654983,0.0,0.0,0.9361,38.8,-0.012640479,0,6.5
157.976,13.86206897,7.522030207,0.928819444,0.992920502,3.231603246,0.167842044,2.25,0.529670055,0.0,3.495163216,0.851,52.04,0.031499428,0,0.8
0.0,4.5,8.094816,6.64,0.94742303,3.712948476,0.143100122,2.321928095,1.0,0.0,0.0,-0.2992,37.3,0.290128828,0,11.9
2357.1493,17.56028369,7.870507915,2.465286428,0.977698567,3.715467987,0.360241091,3.152592413,0.483262431,4.794537184,0.0,-1.515,206.6,0.330661,1,4.2
0.0,40.11111111,8.330920111,0.047675183,0.986001079,3.49498503,0.4086067,1.5,0.534310781,0.0,0.0,1.464,0.0,0.035889203,0,7.4
163.416,21.18518519,8.16591037,5.128888889,0.972956105,3.756809553,0.155280832,2.840223929,0.668614029,0.0,2.008966712,1.3004,63.37,0.269194956,0,11.9
550.3705,6.774774775,7.037410631,0.608843537,0.98714361,3.66734263,0.469711243,1.429562414,0.266831272,0.0,0.0,4.2897,20.23,0.043052407,0,3.1
237.7355,14.10638298,7.550704936,1.517777778,0.977952327,3.713930062,0.219806809,2.607351814,0.531365386,4.794537184,0.0,2.2629,26.3,0.330250828,0,8.2
350.269,13.98113208,7.362157283,1.013333333,0.988435448,3.668015516,0.259645976,2.774693952,0.577176846,0.0,0.0,2.82402,20.23,0.118789021,0,3.2
2816.8019,16.94879518,7.98067806,1.732776042,0.977235265,3.716927738,0.347258901,2.774862129,0.400370407,0.0,2.01358274,1.7856,193.91,0.31118842,1,3.35
258.465,12.92307692,7.215220615,0.204081633,0.993011351,3.070151948,0.228857058,2.128085279,0.464144533,0.0,0.0,2.61186,0.0,-0.039754683,0,0.0
168.159,11.38461538,7.640672308,1.960784314,0.972837403,3.701454403,0.265336095,2.129567987,0.510696952,0.0,0.0,1.5416,17.07,0.152047426,0,6.1
1654.3951,16.37914692,7.682442749,2.814800376,0.972361983,3.718584697,0.339982887,3.225400633,0.517818995,0.0,0.0,2.1973,138.2,0.306313207,0,3.9
30.272,11.14285714,8.092630286,3.34,0.978009866,3.725530283,0.246849276,2.121928095,0.613374776,4.794537184,0.0,0.1532,35.53,0.508008823,2,21.7
251.2055,9.155555556,7.541891644,1.285123967,0.987140551,3.676589129,0.367221341,1.965767808,0.447546846,0.0,0.0,0.6513,29.46,0.069733144,0,4.9
634.832,15.72727273,7.661512273,2.781195934,0.977291016,3.706990988,0.315882086,2.609090415,0.500837656,4.794537184,3.96210627,1.185,75.27,0.327631869,0,6.5
1645.4041,18.53266332,7.653826392,0.943555612,0.987180875,3.681740204,0.33265891,3.463280518,0.561316469,0.0,2.176582835,3.1636,62.16,0.165272332,0,3.5
75.2905,10.5,8.2450738,2.515873016,0.972910767,3.713978146,0.272035859,2.093069208,0.549743654,0.0,0.0,0.5694,26.3,0.302112778,0,5.3
284.95,5.841269841,6.948442222,0.097633136,0.987143501,2.940615354,0.489276695,1.140115679,0.245510548,0.0,0.0,3.3668,0.0,-0.053316205,0,0.0
542.9695,16.32911392,7.708014835,2.998135623,0.977291016,3.706984041,0.313218088,2.5652332,0.504226425,4.794537184,3.961471909,0.939,75.27,0.327631869,0,7.0
1542.5806,16.34020619,7.641463134,2.327783003,0.972459041,3.715581724,0.350531806,3.143837922,0.5164447,0.0,0.0,2.3524,100.9,0.302565672,0,4.3
157.2785,8.4,7.484992,3.022875817,0.972892041,3.713633033,0.338831847,2.291620193,0.560646123,0.0,0.0,1.2612,37.3,0.302839376,0,4.0
43.56,7.0,8.2944,3.093333333,0.968068449,3.701517213,0.233858703,1.570950594,0.472903251,0.0,0.0,0.5953,17.07,0.126267944,0,10.4
207.822,6.923076923,7.191497128,1.319615912,0.987214277,3.667328848,0.405299908,1.94471679,0.475776017,0.0,0.0,1.0248,20.23,0.043296311,0,4.6
40.722,14.0,8.3271096,4.72702332,0.956872802,3.713661153,0.175022456,2.641604168,0.795202091,4.794537184,0.0,0.257,37.3,0.327198112,0,6.4
583.07,16.59139785,7.567607613,1.707199087,0.977233359,3.716889243,0.232582952,2.981790387,0.523080768,9.589074368,0.0,4.0005,52.6,0.338843925,0,11.2
682.052,14.97959184,7.47954902,1.066358025,0.977973739,3.713958094,0.282590056,2.946446297,0.539698361,0.0,2.113906764,2.2131,29.54,0.316145295,0,4.0
197.585,12.81818182,7.183861333,0.216735254,0.992524757,3.064811283,0.213424099,2.197159723,0.500227901,0.0,0.0,2.30344,0.0,-0.039511492,0,1.0
0.0,,,0.013600823,0.9839941,3.287977011,0.707106781,1.370950594,0.685475297,0.0,0.0,2.4547,0.0,0.124221039,0,8.2
388.2027,12.32394366,7.40601262,1.303385417,0.97798171,3.713955287,0.287567875,2.934196365,0.56755105,4.794537184,2.000052424,2.8187,39.19,0.339197414,0,2.6
110.338,11.76,7.32965584,0.648526077,0.993853848,3.227081192,0.167338311,2.005977711,0.490763535,0.0,1.745348264,1.2688,26.02,0.031347593,0,5.1
360.2845,11.17857143,7.523556786,1.510190664,0.977632119,3.713898311,0.351456249,1.931208949,0.410857082,0.0,0.0,1.8416,26.3,0.307870976,0,2.9
676.0215,23.40625,7.75341575,1.092739704,0.985028396,3.7237341,0.198617844,2.71229151,0.461066818,0.0,0.0,6.25676,54.57,0.646607513,0,12.3
308.179,24.07692308,7.943115487,2.701195988,0.977117082,3.717333694,0.189591714,2.855388542,0.587772687,9.589074368,0.0,1.2598,52.6,0.338230175,0,10.8
85.068,6.666666667,7.253306667,2.482248521,0.957333958,3.700766411,0.334548023,2.188787068,0.591493778,0.0,0.0,0.9854,17.07,0.119479781,0,5.3
323.378,6.939393939,7.202808485,0.917771681,0.987139753,3.667554584,0.44177134,1.677239029,0.356825984,0.0,0.0,2.3376,20.23,0.051166683,0,4.9
156.288,12.95454545,7.900474182,2.190617284,0.972646359,3.701983959,0.228556209,1.871602261,0.479051618,0.0,1.936467026,0.0945,20.31,0.218425131,0,11.5
166.3045,15.06896552,7.532087448,1.428819444,0.992524757,3.668008193,0.188489243,2.702819531,0.636267809,0.0,0.0,1.70062,20.23,0.117979619,0,4.9
72.6,4.904761905,7.657014857,1.885802469,0.9839941,3.667576161,0.356348323,1.78067213,0.51472968,0.0,0.0,0.3871,20.23,0.048347612,0,6.1
724.051,7.765957447,7.120415915,1.097241274,0.972879848,3.713677391,0.416446486,2.043985263,0.353547498,0.0,0.0,6.1085,37.3,0.302839557,0,3.1
180.5317,20.93103448,8.015485517,3.817708333,0.972962659,3.713806339,0.167026152,2.75,0.636290086,4.794537184,0.0,1.0904,57.53,0.338969087,0,12.43
273.5355,8.333333333,7.358995583,1.570707071,0.97280568,3.701427351,0.360437684,1.945660305,0.436302307,0.0,0.0,2.0116,17.07,0.129350085,0,5.7
346.032,18.57894737,7.860979789,2.302469136,0.977232224,3.716827862,0.234104969,2.866247897,0.558800887,9.589074368,0.0,2.04,52.6,0.338495873,0,9.6
157.5045,20.26666667,7.616926133,1.402983628,0.987868824,3.667361217,0.208532377,2.875,0.676800626,0.0,0.0,1.8323,20.23,0.068138636,0,6.4
186.4315,11.28205128,7.286653333,1.251615882,0.987942361,3.667337054,0.234598358,2.604807464,0.584111987,0.0,0.0,1.2214,20.23,0.047094487,0,4.3
452.996,10.15789474,7.299845632,1.281756964,0.957135329,3.713924036,0.361177772,2.49161364,0.489755644,4.794537184,0.0,2.932,26.3,0.329648041,0,4.7
0.0,167.2222222,13.96125,10.49921589,0.986765147,4.021301963,0.277466973,1.811278124,0.645190286,0.0,0.0,2.9189,0.0,0.382975648,0,1.6
29.04,4.538461538,7.507229538,0.573333333,0.993931625,3.678254754,0.355675725,1.770950594,0.53310925,0.0,0.0,0.4051,12.53,0.078142401,0,8.6
268.3066,27.86111111,8.666288222,3.705293937,0.977214673,3.709325302,0.179449318,3.681880803,0.803034006,4.794537184,8.152396861,-1.3445,103.77,0.329319249,0,11.3
1425.8116,15.50819672,7.480112699,1.981873278,0.977153587,3.703839636,0.378105142,2.896875621,0.488451175,0.0,0.0,2.8108,74.6,0.18962736,0,4.6
0.0,7.0,8.278848,3.145833333,0.902074617,3.35679934,0.151673192,1.79248125,0.638494704,0.0,1.603553391,0.52988,23.79,0.058714824,0,18.0
1669.1127,19.59793814,7.845051124,3.477772981,0.976938434,4.009887448,0.331432498,3.711269294,0.605498112,8.955463333,0.0,2.0127,151.17,0.469508245,0,4.7
1237.103,13.54166667,7.323329905,1.19010019,0.977885862,3.701450283,0.407872404,2.625401779,0.45620384,0.0,0.0,3.8792,37.3,0.15519729,0,3.6
1482.0236,16.11827957,7.563554946,2.286899004,0.977153559,3.703988666,0.368742298,3.055823928,0.513221897,0.0,0.0,1.7816,94.83,0.189629163,0,4.9
1410.9856,16.76704545,7.582323114,2.355150225,0.977152328,3.704007465,0.352019708,3.32660888,0.560909831,0.0,0.0,1.5576,94.83,0.189629163,0,5.1
1452.754,14.71808511,7.444714638,1.430323041,0.972775292,3.702013133,0.396522854,2.786888648,0.469905931,0.0,0.0,3.6302,57.53,0.161345322,0,3.6
157.7845,13.86206897,7.526447862,1.428819444,0.993011351,3.667997186,0.188326089,2.702819531,0.636267809,0.0,0.0,1.70062,20.23,0.115339652,0,5.1
268.715,9.404255319,7.576404596,1.668767066,0.972806628,3.713983949,0.334435783,2.119085047,0.468454963,0.0,0.0,1.5956,26.3,0.302123037,0,3.1
164.4576,21.18518519,8.16591037,5.128888889,0.972954869,3.756812795,0.155280832,2.840223929,0.668614029,0.0,2.008580303,1.3004,63.37,0.272622151,0,11.9
560.9361,13.95652174,7.76785913,0.92611489,0.957288466,3.68049272,0.266055808,3.321973295,0.601418672,0.0,1.935881465,1.9891,50.72,0.161149345,0,4.8
56.028,9.428571429,7.689398857,3.045454545,0.957333958,3.713217579,0.256036572,2.404009757,0.694914663,0.0,0.0,0.1793,26.3,0.29256542,0,10.6
697.7864,22.73958333,7.95230275,2.62480824,0.97713187,3.735488282,0.227782602,3.708228501,0.653728921,9.589074368,0.0,2.5208,96.97,0.343065355,0,5.57
1342.644,14.11111111,7.353002844,1.653454123,0.977148701,3.70337556,0.387825085,2.775802311,0.469926142,0.0,0.0,3.6959,54.37,0.161295863,0,4.2
315.1751,26.43478261,8.233283478,1.68359375,0.977685655,3.735285229,0.185146172,3.204986856,0.640997371,4.794537184,0.0,2.5478,52.58,0.335825578,0,6.6
1008.495,13.84722222,7.334901417,1.084348456,0.992983496,3.669181787,0.356276397,3.008748931,0.53310163,0.0,0.0,3.6092,40.46,0.115370618,0,3.0
864.58,6.643274854,6.972927836,0.073361082,0.98714361,2.959519841,0.495710678,1.058454669,0.178469322,0.0,0.0,8.048,0.0,-0.053305973,0,0.0
2936.8067,15.95052083,7.829147615,1.649801097,0.977685024,3.716726719,0.371753176,2.876070142,0.410867163,4.794537184,0.0,2.2181,203.06,0.330661014,1,3.69
74.5604,11.42857143,7.585989048,1.830351435,0.9872569,3.667335715,0.386655522,2.29248125,0.662675694,0.0,0.0,0.6076,20.23,0.044188991,0,5.7
582.3591,66.66666667,13.329816,9.646502836,0.98712723,4.043513217,0.240031797,1.149229762,0.257707677,0.0,0.0,5.2875,0.0,0.459647295,0,0.0
479.455,8.096774194,7.030557419,0.051587302,1.833418533,2.982310079,0.49663265,1.198117421,0.246628676,0.0,0.0,3.3668,0.0,-0.038584578,0,0.0
302.186,7.838709677,7.268216452,2.096318212,0.972890437,3.713642909,0.387182293,1.999939741,0.425479287,0.0,0.0,2.4315,37.3,0.302839557,0,3.3
137.3257,18.52,7.86897104,2.40691358,0.973020142,3.702069698,0.162100824,3.106890596,0.731389739,0.0,3.693832648,0.1805,55.98,0.24976195,0,13.1
260.5555,6.456140351,7.08496807,1.005208333,0.987143501,3.667331842,0.446994675,1.659420859,0.366839423,0.0,0.0,1.9491,20.23,0.043052407,0,3.5
427.4415,9.378378378,7.363959189,1.250759549,0.972819893,3.713997044,0.382968178,1.986294941,0.397258988,0.0,0.0,2.7659,26.3,0.302133028,0,2.9
223.8435,31.5,8.276382,2.55983546,0.983926771,3.724183616,0.250351361,1.849868723,0.452571386,4.565048285,0.0,1.0337,54.57,0.47346725,0,15.9
109.9905,13.0,7.603674,0.801775148,0.9872569,3.689326672,0.262826283,1.546593564,0.431411365,0.0,0.0,0.2367,18.46,0.145448324,0,1.8
81.9625,8.5,7.090016333,0.143752477,0.9872569,3.038038402,0.541041602,1.425605199,0.374434543,0.0,0.0,1.7594,25.3,-0.009612264,0,3.1
279.1925,6.583333333,6.999857933,0.079113127,0.993923622,2.962313983,0.484835264,1.301240785,0.296253813,0.0,0.0,2.5866,0.0,-0.044280076,0,0.0
65.472,5.380952381,7.257577333,1.201388889,0.986001079,3.227312113,0.330940108,1.918295834,0.554511852,0.0,3.310660172,-1.0962,52.04,0.004613277,0,8.8
165.368,15.10344828,7.534526897,0.928819444,0.992524757,3.23857539,0.168074244,2.25,0.529670055,0.0,3.489139696,0.851,52.04,0.054727625,0,0.8
724.4752,13.91056911,7.554418472,1.238617686,0.977940221,3.7016485,0.260310078,3.295465679,0.557901933,0.0,1.959488667,3.2414,58.56,0.16642695,0,3.3
479.455,8.096774194,7.030557419,0.051587302,1.833418533,2.982310079,0.49663265,1.198117421,0.246628676,0.0,0.0,3.3668,0.0,-0.038584578,0,0.0
40.5216,25.9,7.8607388,0.150816365,0.987172476,3.494142517,0.325837426,2.725480557,0.859793388,0.0,0.0,1.9777,0.0,0.041508787,0,8.2
926.435,14.48148148,7.358256444,1.362784234,0.977937714,3.701452998,0.337419521,3.04545016,0.542405618,0.0,0.0,3.8174,37.3,0.138555679,0,4.0
220.0105,11.88888889,7.945261111,0.695652174,0.987143621,3.681690233,0.306929994,1.564524721,0.350835006,0.0,0.0,0.2958,27.69,0.070097235,0,6.1
269.6985,8.208333333,7.157094833,1.14978584,0.9872569,3.667336011,0.431070791,1.911092835,0.442185245,0.0,0.0,1.4149,20.23,0.045856075,0,4.3
644.9861,17.16190476,7.624908686,1.567453879,0.977338752,3.704386043,0.245088109,2.812015212,0.490931261,10.01782505,4.547463467,3.7878,40.62,0.258374977,0,12.5
127.3705,9.066666667,7.494378667,2.069010417,0.977379347,3.701327214,0.353314005,1.673794941,0.418448735,0.0,0.0,1.3755,17.07,0.131861522,0,7.6
81.9185,17.53846154,8.123814769,2.853973765,0.957155271,3.714406933,0.197701718,2.79248125,0.754634979,4.794537184,0.0,0.3454,26.3,0.329362027,0,6.7
118.008,11.25,7.4821635,2.638888889,0.957313837,3.701313935,0.203559561,2.125814584,0.592980982,0.0,1.925811982,-0.2956,20.31,0.208684718,0,13.7
195.0996,39.19047619,11.274368,10.71392747,0.987165684,4.034211771,0.23912747,2.125814584,0.614498223,0.0,0.0,1.4719,20.23,0.422901126,0,4.5
60.698,9.764705882,8.012054118,4.266758494,0.972632812,3.71362773,0.274364586,2.404009757,0.694914663,0.0,0.0,0.481,37.3,0.302558437,0,5.3
766.0175,8.215277778,7.127202361,0.755429021,0.977616105,3.714428857,0.411429892,1.977058928,0.337498351,0.0,0.0,6.1969,26.3,0.305001839,0,3.9
193.0875,12.06060606,7.183142667,0.216735254,0.993011351,3.063960773,0.21330946,2.197159723,0.500227901,0.0,0.0,2.30344,0.0,-0.039764605,0,0.9
184.4545,7.285714286,7.315730667,0.836875,0.987144715,3.240733992,0.339565385,2.041446071,0.480574601,0.0,5.328046084,-1.5066,64.07,0.007498861,0,13.3
271.4995,8.596491228,7.518799509,0.443877551,0.987143609,3.678477476,0.38793455,1.62668885,0.342108798,0.0,0.0,1.8396,18.46,0.069993458,0,4.9
39.1236,9.6,7.731221333,3.7125,0.911039987,3.667334991,0.24468173,2.521928095,0.729000707,0.0,1.681218434,-0.10762,44.02,0.064536635,0,18.8
126.212,13.92,8.4786952,5.792517007,0.971453036,3.71620055,0.228679038,2.521640636,0.645434157,0.0,0.0,-0.0642,74.6,0.303432489,0,6.7
86.8585,19.83333333,8.192001833,0.379487206,0.987144715,3.675913229,0.375815942,1.906890596,0.500843928,0.0,0.0,1.4806,9.23,0.060185258,0,9.0
603.6606,30.8,8.192072347,3.070470274,0.971367205,3.768349959,0.209898536,4.138830127,0.745119079,13.40177551,6.148203877,2.10752,136.22,0.264599303,0,13.2
308.858,6.545454545,7.071637576,0.903978052,0.987143621,3.667333628,0.452884155,1.606863676,0.341853906,0.0,0.0,2.3392,20.23,0.043052407,0,3.2
123.2736,16.24,7.97961072,2.721088435,0.993011351,3.669737481,0.163342718,2.235926351,0.547020594,0.0,0.0,1.0978,40.46,0.118763674,0,8.4
575.2732,13.34042553,7.639958979,0.830192125,0.988605886,3.677218167,0.26246971,3.576961437,0.655189347,0.0,3.973083345,0.8794,61.86,0.136534429,0,3.3
45.408,10.33333333,8.2066512,6.369166667,0.972632812,3.756656644,0.236490988,2.160964047,0.650514998,0.0,1.925811982,0.283,43.14,0.200646088,0,15.5
19.36,7.5,8.875008,4.298611111,0.968068449,3.70271642,0.168469752,1.75,0.583333333,4.794537184,3.244016936,-0.9762,69.11,0.309056401,0,18.7
227.537,15.22857143,7.504017143,1.25023084,0.992520766,3.6679997,0.206751518,2.720582776,0.610073886,0.0,0.0,2.00904,20.23,0.115359366,0,4.2
