AATS3se,AATSC0pe,GATS1s,BCUTdv-1h,BCUTd-1l,BCUTv-1l,IC0,SLogP,MaxPartialCharge,sp_p
8.585300444444444,0.2513562469135801,1.1952295261400137,6.011681846376792,0.9872002546480432,14.704358069986394,1.5100576869144593,-5.397199999999993,0.1867323035692516,28.7
7.411824992700729,0.0663357066571733,0.5510407097360809,6.021984026691234,0.9777011231882614,14.70271013169842,1.299365106872002,4.136700000000004,0.2264592638901245,4.5
9.060099999999998,0.1008687499999999,1.9362808842652792,3.1086572573535034,0.9865813897322364,20.47559558880652,1.5,3.2182000000000004,0.0919794054196059,51.0
8.002807413333333,0.1496472222222221,1.1037938439513242,6.007931416589511,0.987139760763968,14.705626707343988,1.2997367636952522,0.8238000000000001,0.0781421822060881,5.5
7.242984320000001,0.0665898888888888,1.2015503875968996,5.006062685426332,0.9871319480826688,14.708164870933274,1.07462769858425,2.4395000000000007,0.0544718109140119,3.1
8.35610819047619,0.2484674556213016,1.2602655140475454,5.011544430515995,0.9871432637704548,14.70714000056758,1.4572659136233872,-3.5854000000000004,0.1105786065313125,10.7
10.116640444444446,0.16936875,0.6359286646367985,3.110576877637852,0.9865813897322364,20.467529916646416,1.5,2.5938,0.1373436125313979,5.1
7.439904000000001,0.1516024691358024,1.13659793814433,5.004034236786819,0.9773363066878588,14.708165908556165,1.224394445405986,-0.0014,0.0402205817490864,8.8
7.452082266666667,0.118871972318339,1.1059479553903346,5.009647010157966,0.9872142771136608,14.708164602180211,1.3784188527203236,-0.4597000000000001,0.0557735214677395,9.2
7.603571932773108,0.1396576177285318,0.6789963405644466,6.029739816969486,0.9723637184784134,14.699771165203837,1.3599924922184878,3.367600000000002,0.3057202910165649,3.5
8.185386666666666,0.2396494897959182,1.2239685658153237,5.007478038349133,0.9872569003884858,14.7071566411118,1.41379956460568,-1.6681,0.1000470260172347,12.1
7.100506222222222,0.0260946745562129,2.284569673499366,4.017046867492002,0.987175620925078,20.35323705510688,0.8904916402194913,3.0786000000000016,-0.0380182182521641,0.0
6.919365555555555,0.025432525951557,1.9710144927536235,2.1475539422987806,0.9872569003884856,20.40112102553673,0.8739810481273578,2.1965000000000003,-0.0538313154318367,0.0
7.125316280701756,0.0504209999999999,1.5236567762630309,3.119608251170504,0.9939236223702252,15.596101909112845,1.1411535278793057,1.2778,0.003877844068942,3.1
7.3434032,0.0673315101070154,0.9053173241852488,6.005012306405725,1.7341689578933053,14.706820219822932,1.1819141738305752,3.403400000000002,0.0720966410806407,3.7
7.561612695652175,0.1088059171597632,1.0425531914893622,5.012264812820412,0.9938538479446204,14.708164475920867,1.3143204867061788,1.3922,0.1150748194752798,5.9
8.270735125,0.1979459876543209,0.8333333333333336,6.028089953059583,0.9776810048978262,14.701212612662031,1.4152689500270954,-0.0697,0.3341476893029562,7.6
7.658950666666667,0.1268027055150884,0.750461533034398,6.022111406939726,0.972804006062044,14.701156743767248,1.361911622652153,3.036500000000001,0.3101857253232449,6.2
7.877415555555554,0.1910899408284022,1.075260804769001,6.004920047967377,0.9872569003884856,14.706019564882975,1.3346791410515946,-0.3748999999999999,0.0693426521286368,9.2
7.906499703703705,0.1640187499999999,1.1157514823408097,6.00492143248534,0.9872142771136608,14.706019264095852,1.2987949406953985,0.0136000000000001,0.0744976771578301,6.3
7.865425862068966,0.1039734374999999,1.640948410093048,4.179011292781076,0.9925207658823776,15.59514486607193,1.6774212838293647,1.5044,0.0636454405303365,5.2
7.832462867924529,0.1721168367346937,0.6550501412820657,6.0302978870261486,0.9566942645393928,14.699769829573023,1.4315602842833155,1.225,0.3296378939776522,9.1
7.645439124999999,0.147235294117647,1.0951456310679613,5.0124305327244265,0.9878688244886064,14.707201794983764,1.402081402756032,0.8845000000000001,0.1150977389478482,7.0
7.0615064,0.0665898888888888,1.064189189189189,5.004037846943666,0.987143609141766,14.708164851268656,1.07462769858425,2.7293000000000016,0.043052407228889,2.9000000000000004
7.101831710526317,0.069707525510204,0.7098232357306704,6.022000106295732,0.9728796881220462,14.701441780261556,1.107784384952517,6.332500000000007,0.3028395565321837,3.3
7.282779428571429,0.1147289940828402,0.810810810810811,6.005001362290643,1.8388146351137609,14.70682177192102,1.2389012566026305,0.7968,0.0466381698498417,5.7
7.793865677419355,0.1576408304498269,0.909412061569518,6.022031653582992,0.9729561045512524,14.70144294084174,1.6578764348499595,0.967,0.3351808337675886,14.3
,0.0446239999999999,2.4935063267758832,2.013035422805764,0.9773363066878588,20.57749922628289,1.521928094887362,1.8139,0.0516225232223701,3.9
7.188147789473685,0.0302469135802468,0.932926829268293,4.189345369479043,1.7457761940988596,20.23541270609346,0.9910760598382222,2.839800000000001,-0.0184042506724422,4.0
7.404736279069767,0.065947922437673,0.92735198781583,5.03341462140386,0.988600849123198,15.58919547242044,1.3871216514586349,3.818600000000002,0.0478343538507698,5.1
9.0072,0.1573555555555555,1.7802580084070152,4.029192010961083,0.9680684490343202,20.363752094304733,1.584962500721156,1.9352,0.0991840388726836,6.3
7.933058222222223,0.1218247658688865,0.7732922160758319,6.021931705907591,0.9778875896387764,14.7025287990752,1.7071928671888734,2.4479,0.275713559409008,16.2
7.778847733333333,0.094153168044077,0.5525953136955849,6.021983506503104,0.9778875709112737,14.702710811751423,1.58664513948469,3.153800000000002,0.2479172797428263,13.3
7.861556224299065,0.1325947654320987,1.104951783397675,6.00804244432862,0.989343302718407,14.70588381261899,1.69408189954511,0.5024999999999997,0.270459241021681,6.2
7.857153241379311,0.1228308593749999,1.055092878960827,5.012426799912823,0.9925207658823784,14.708164180261578,1.5435644431995963,2.3540200000000007,0.1180847484676806,6.5
7.410946274509804,0.0449984877126653,0.873933236574746,5.044725966219189,1.750883572132959,15.58950342920759,1.191603636543317,3.3880000000000017,0.0709227123296695,5.4
9.176976000000002,0.2570187499999999,0.8885976408912188,6.021993293342152,0.9680684490343208,14.701445684259197,1.5,0.0908999999999999,0.2996845531582142,8.0
7.142286666666667,0.0306249999999999,0.8987801235957636,4.051034493777977,1.734072122034906,20.2713328309487,1.0,3.4718000000000018,-0.0238242843866094,0.6
7.322053672727273,0.0967577594123048,0.5787727330001262,6.030359172857096,0.9772333610467158,14.699769766424184,1.234388884083241,6.433000000000007,0.3385161286350641,7.0
7.183142666666666,0.0302469135802468,1.2911392405063291,4.05555209037067,0.9929205024247652,20.267067522649327,0.9910760598382222,2.30344,-0.0397741940817219,1.0
,0.207136,0.6387656519775384,7.004040117139141,0.9869366140699168,13.304125144836291,1.3709505944546687,2.2836,0.3332652876584487,2.0
7.525753892473118,0.1298884353741496,0.5612434051048054,6.03034857698704,0.9772333562871498,14.699769766457528,1.3421389558735095,3.600400000000003,0.3385059645525906,8.6
8.12007,0.3026592152199762,0.692544301269878,7.014085215143323,0.9727766683470488,13.302789218792364,1.9135006899214173,3.542200000000001,0.4159855115665516,12.1
7.971478260869565,0.1362994082840236,1.0502915065588978,5.012266327840924,0.9929205024247652,14.708164355859871,1.6143308351592656,2.0456,0.1151797599888271,7.5
7.591051130434783,0.1127977599999999,0.6633948214587916,6.028121345766096,0.9721410024764624,14.70146890766264,1.3209242772281589,2.3059000000000003,0.3329408148703918,4.1
7.063995999999999,0.0306249999999999,0.9166666666666669,3.3030000000000035,1.7009999999999978,20.28052627611552,1.0,1.6866,-0.0622685707820924,0.0
7.252551428571429,0.1223409722222221,1.104089219330855,5.004035521873796,0.9860010787499066,14.708165800774925,1.188721875540867,0.3887,0.0427892799205337,6.8
7.103297500000001,0.0829229024943309,1.0710000000000006,5.004036692072511,0.9871447154965188,14.708165326394615,1.115520093581932,1.559,0.043052405838714,4.0
7.388853578947368,0.0872930747922437,1.0362898265469307,5.012266818438341,0.9878688244886064,14.708164159061418,1.2363864108712896,1.9546,0.1150948373492234,4.2
7.312001714285715,0.0775676776822091,1.016941107743985,6.007537886960334,0.98781876800524,14.70630470294173,1.1696355299995802,4.567000000000004,0.1189348273630096,10.2
7.971478260869565,0.1362994082840236,1.0502915065588978,5.01226851482994,0.9930113506961598,14.708164356201952,1.6143308351592656,2.0456,0.1165618883049529,7.5
8.87275252173913,0.1585668639053254,1.056721067478929,5.012590836710393,0.992374528131296,14.70816408954605,1.7758589482446403,3.3523999999999994,0.1523601196325953,8.7
7.316416592592593,0.0669262222222221,0.9021902031998232,4.048929156392875,0.9879882510263543,20.274436714572424,1.2866926683547546,2.4254000000000007,0.0473563162626888,7.2
7.9479576,0.2308959999999998,1.19140625,5.005240956321778,0.9860010787499066,14.707168693693664,1.3709505944546687,-1.029,0.0662266396468172,11.0
8.056422625,0.1783427499999998,0.6765540540540543,6.028233195971524,0.9721424035939944,14.701190827240946,1.4406454496153462,0.5045,0.3326995917583886,8.5
8.0083108,0.1777940828402366,1.0277632268203252,6.018703907057465,0.9879888566693102,14.702401943869564,1.4604846813131116,0.7719,0.128644014219363,7.6
6.962540000000001,0.0264681440443212,1.7909836065573776,2.1984854683639616,0.9871436101971676,20.385483182657552,0.8997437586982626,4.9272000000000045,-0.0533059741710883,0.0
6.932934666666666,0.0257249999999999,1.9318181818181808,2.166217256932577,0.9871324231766964,20.396034016930905,0.8812908992306927,2.5866000000000007,-0.0535787022523684,0.0
7.110762909090909,0.0708554183813442,1.0985634808602511,5.004041209621634,0.987144312922842,14.70816499986671,1.0860486123130382,2.1951000000000005,0.0458662459549641,3.3
7.917992666666667,0.1913025147928993,1.0377716873197678,6.017583547984371,0.9848766930612368,14.7043273728564,1.542242258969757,2.204,0.4742480477050508,11.4
8.094816000000002,0.2302583333333332,0.818181818181818,6.014653471986216,0.9474230297841664,14.702713274248037,1.7924812503605778,-0.8985000000000001,0.2040307925574561,26.2
7.485561866666666,0.1298512396694214,1.0535714285714286,6.005003077248262,0.9871435010114092,14.706306167996546,1.2406705316766884,0.7953999999999999,0.0697193624932535,5.1
7.946919682539683,0.1325124023437499,1.0891240318533872,6.00859877419683,0.987139953717608,14.705631272162918,1.25866329959714,1.4645,0.0707102071319752,7.2
7.96211175,0.1766005540166204,0.7828532469746039,6.028100216179016,0.9776791856897984,14.701165916876434,1.4713544870139297,1.1787999999999998,0.3411321188257538,8.0
7.204751406451614,0.0676249353634012,0.6273562107298214,6.028284657784813,0.9778412873879876,14.701467015717494,1.1007469770519367,6.419300000000007,0.3055337242115604,3.9
7.453627333333333,0.0803999999999999,0.5811808118081181,5.088694543958807,0.910359656288494,15.579306292136382,1.448815635725185,0.6959799999999999,0.0905313753738046,12.8
7.1371209655172425,0.0306249999999999,1.2499999999999998,4.0535804495228485,0.9575068268564944,20.2687465669995,1.0,2.3296,-0.0262557893778424,1.0
7.90393362962963,0.1567928888888888,0.7660699464515796,6.0220314312556456,0.9729561045512533,14.701444559509556,1.6894822670191825,2.1473000000000004,0.3351795626680709,3.7
12.075625000000002,0.06976875,2.0,4.111105576803709,0.9867651470618468,20.46158557745272,0.8112781244591328,3.7268,0.2363914383604266,7.300000000000001
7.599532470588235,0.1540812130177514,1.0088862559241707,6.006066407946509,0.987143609141766,14.705684681216662,1.300194642888527,0.4219,0.0487502413188919,5.7
7.823692800000002,0.1041973333333332,1.2380446333687571,5.0120822514755945,0.9869366140699168,14.708165524994188,1.158938532350277,0.7771999999999999,0.0563258534106586,5.1
7.584745655172414,0.1385869822485206,0.4852941176470589,6.021909023238784,0.9780098661240152,14.70271391386832,1.573402452417767,-0.1036,0.219562477810732,17.4
6.969118962962964,0.0266559999999999,1.739690721649484,2.2055538587788366,0.987143610207569,20.38352228240742,0.9043814577244936,6.487600000000007,-0.0533059727891253,0.0
7.936263875000002,0.1303893333333332,0.7407519797261809,6.022003294489023,0.9728427932084336,14.70144080492086,1.7283333718146277,4.364100000000001,0.3073958769244231,12.9
7.099266745098039,0.0297743055555554,1.2790937178166837,4.056469079056207,0.9871992579593436,20.267872953658674,0.9798687566511528,2.811400000000001,-0.0307437476477495,0.0
6.985893555555556,0.025432525951557,2.158376963350785,3.021852894878086,0.986400585850396,20.38362667181952,0.8739810481273578,2.0524,-0.0473949256098791,0.0
9.965174833333334,0.567760997732426,0.8017901687454146,7.013742579986264,0.9871399728182498,13.301461778480368,1.7723388509380995,2.642200000000001,0.4228359942991087,4.4
7.609429777777779,0.1106694411414981,0.927913778272218,6.008161452402689,0.9841779442390726,14.705685651891669,1.5709702181464678,0.7792999999999999,0.28482484645812,8.6
8.686656,0.2102231404958677,0.8638323509828535,6.017505958437229,0.9655642673231968,14.7021579962798,1.6858157091530304,-0.3391999999999999,0.1441041774452434,19.4
7.58928,0.1283893333333332,0.8600866059429595,5.129436932042915,0.9871048216340088,14.696715135403185,1.471602261409798,1.2465,0.0536800302237673,4.9
7.305842666666666,0.0616994082840236,0.7644874573651226,5.0226570665702885,0.9939310004400856,15.58923770139086,1.2957378005380122,1.8483,0.0360296665169894,6.6000000000000005
7.8526497391304355,0.119778698224852,1.0392814568929158,5.012266284741966,0.9929205024247652,14.70816439725592,1.6143308351592656,2.1547,0.1151541535790085,4.9
7.393147333333334,0.0693839999999999,0.5777115169586284,5.0890655123039314,0.9111136571468248,15.579306071019897,1.3609640474436813,1.08608,0.0937374695299826,15.1
7.897702571428573,0.1979459876543209,0.6414504532666457,6.034110376000333,0.9779173888846084,14.70037924497114,1.4152689500270954,1.1794,0.5077358221025684,3.1
8.079334640776699,0.2013141902428157,0.6134515003588545,7.004750420303903,0.9723740200071186,13.30315461888754,1.5308217706656586,2.937600000000001,0.3025656893771185,4.3
7.568971533333334,0.3558562358276642,0.5493386475122636,7.014063350930535,0.9899165296037956,13.30279784646913,1.4180260055608094,3.1290000000000013,0.3913174177570497,0.0
8.05651048888889,0.2003576388888888,1.0841584158415842,6.006171323563489,0.987143609141766,14.705859309962598,1.384431504340598,-0.9958000000000002,0.0701141763625367,12.5
8.958273696969696,0.2737027499999999,0.7576604735148811,7.00634653977397,0.9714655262697,14.64065934653919,1.8394910703001344,-1.0200999999999996,0.2944067977972742,14.6
7.3335535,0.0829229024943309,1.182810810810811,5.006059589853813,0.9871887527804406,14.708165293605068,1.115520093581932,1.4133,0.0514102357095883,3.3
8.115313924050632,0.152079861111111,0.7815681440090039,6.022512830552194,0.9714083318974048,14.701030290336432,1.8514815911054945,1.5809999999999995,0.2774884116635725,7.1000000000000005
7.1013150000000005,0.0476231404958677,1.6451612903225803,4.009992864537857,0.9871447154965188,15.59451908845681,1.090652803252992,1.396,-0.0051551415481564,1.4
7.539358000000001,0.1623289256198346,1.298994974874372,5.004035885933022,0.9860010787499066,14.708164850266405,1.4911148500551858,-1.0626000000000002,0.0553245806721056,15.5
8.187522285714286,0.1778489795918366,0.6340909090909089,6.028179466518401,0.9728915040379792,14.701188065335892,1.3787834934861751,0.5860000000000001,0.3022073008453582,4.7
7.954224000000001,0.1910899408284022,1.1839334596757212,5.006688190537471,0.9864005858503968,14.707168332986628,1.3346791410515946,-0.6405000000000001,0.0742386440636602,9.4
7.990314000000001,0.2061005917159763,0.5574937027707808,7.004110186272206,0.9726463592916924,14.651598265187747,1.6691803368667308,0.6715,0.207175912192633,12.1
,0.0002,1.5,4.026260986472781,0.9193801758673176,20.556754817422203,0.9182958340544896,1.0181,0.0296530192294052,0.0
7.307315529411765,0.064388429752066,0.7,5.022414266219074,1.7009999999999978,15.58950963690946,1.3485878960124222,1.0816,0.0267287682952611,8.8
14.630625,0.36291875,1.0143253363851414,7.011476218215905,0.9867651470618468,13.301477458180994,1.5,2.6495999999999995,0.3983173063681832,1.8
6.954663764705883,0.0272222222222221,1.4166666666666663,2.203000000000003,1.8009999999999986,20.38052627611552,0.9182958340544896,2.3406,-0.0533059727891157,0.0
7.176915304347826,0.0303719008264462,0.9440869565217392,4.141027981471623,1.7338116104311123,20.257336449488108,0.9940302114769564,3.353600000000001,-0.0184042560761494,1.0
,0.300944,0.8493830732521237,7.009058590354968,0.9869366140699168,13.30346226135212,1.521928094887362,2.0143,0.4008127222818907,2.0
6.957057530864199,0.0263183593749999,1.826086956521739,2.1930946163953013,0.987143609141766,20.387287012585965,0.8960382325345574,4.147000000000004,-0.0533061464398628,0.0
8.86486008888889,0.284022222222222,1.0304387990762125,6.024507937156645,0.9714667291395962,14.699772380345744,1.575114591410657,-1.2484999999999995,0.3364194912829884,13.5
8.065876138888889,0.1298763787721124,0.7722939863898615,6.021932242607576,0.9778542418538084,14.702528724209309,1.798627281902959,3.101300000000001,0.2757135689079535,15.6
7.652923894736841,0.1380689999999999,0.5834323040380047,6.02807146915134,0.972892764674697,14.701469949877795,1.295461844238322,1.3496,0.3021228665755719,3.7
7.342712266666667,0.0950816608996539,0.445420075833167,6.021877368136124,0.9780089820220804,14.702720127196832,1.221047785179718,1.5196,0.132411327598581,6.3
6.89675037037037,0.0249999999999999,2.0192307692307687,2.111099009988425,0.9860010787499066,20.40931307717743,0.863120568566631,1.8064,-0.0564343704175863,0.0
7.815981000000001,0.1925555555555554,0.5038167938931297,6.0280728525390845,0.9780098661240152,14.701470871670285,1.4591479170272448,0.3234,0.3054098413055002,16.6
7.812616740740741,0.1640187499999999,1.0841121495327102,6.005002262733523,0.9871324231766964,14.706306164128431,1.2987949406953985,0.0152,0.0697051984967967,9.2
7.450004734693877,0.1019262222222221,0.9979414975889368,5.012823609460968,0.9927405221161244,14.70716809832529,1.272905595320056,2.5800000000000005,0.1153706182642206,3.8
7.884626615384615,0.1576408304498269,0.574166206007002,6.028098457903735,0.9777044891151856,14.701396064723612,1.6578764348499595,0.8681999999999999,0.3389216292564587,4.4
,0.1529439999999999,1.715290505865103,2.016663122954514,0.9773363066878588,20.57105291357523,1.9219280948873625,1.5776,0.0777631430150728,5.7
8.662466483870968,0.2513562469135801,1.1946638378664185,6.01612272884455,0.9872001843136988,14.704233338027308,1.5100576869144593,-5.395599999999993,0.2235503336827939,7.5
7.56211696969697,0.1283893333333332,0.9366197183098588,6.005001955824238,1.8009999999999986,14.706820665292332,1.471602261409798,-0.3938000000000001,0.0591080722455809,4.9
7.289182742857144,0.0954177335640137,0.5500494926998268,6.030293478760413,0.9771860896820764,14.699769834052528,1.1965094976219794,6.354200000000008,0.3052777469823277,2.0
7.6612721212121215,0.1640187499999999,1.1472868217054264,5.006543971577491,0.9872142771136608,14.707203038431036,1.2987949406953985,-0.2503999999999999,0.053349575080525,10.0
8.316115027027028,0.1962331065759636,0.7295273086978029,6.0291409742799225,0.9714977609541152,14.69977176788666,1.509968612636817,1.3101,0.3390037868773102,4.7
7.439896765027322,0.1085036033057851,0.6936826194413221,6.023129077987096,0.9771486630134444,14.701789462593297,1.2823527363135774,2.6667000000000005,0.161297577647385,4.6
,0.3769600000000001,1.2163333664863991,7.014054751311169,0.9869366140699168,13.30279982107542,1.3709505944546687,1.9011,0.4478758800602103,2.5
7.983538133333333,0.1250419659735348,0.6424983176575534,6.02197489456326,0.9727857785387102,14.70250166805949,1.264672679395722,1.3905,0.1321906669711851,6.0
7.693446335353534,0.1178377863390253,0.7437951226169889,6.02974570282508,0.977223392682684,14.701777674801534,1.469742342979942,6.630200000000022,0.2476879842010123,3.25
,0.059536,2.5,4.014965119483299,0.9869366140699168,20.55402935148893,0.7219280948873623,2.5529,0.2656852112875352,0.0
7.862592999999999,0.2301421487603305,0.6001741683544948,6.028068568445091,0.9729107674475794,14.701470888125671,1.789929075309999,1.3817000000000002,0.403247386893025,10.0
7.647972291666668,0.0856469374999999,0.5124663632217122,6.021984800173443,0.977998882239193,14.702710372667886,1.5169908184702647,3.934000000000003,0.2481866729616205,12.6
,0.2570187499999999,0.5,6.010994778710278,0.79,14.70272287198206,1.5,-0.1849,0.1063822536585417,18.3
7.452829244444444,0.091036111111111,0.6278470025054238,6.02313932513468,0.9726487012721674,14.701789235346563,1.2326602568158205,3.838400000000002,0.1613453202483019,4.2
8.048840779220779,0.174203443877551,0.8761925328968989,6.024495719583381,0.9724156092742328,14.701781242842976,1.626165714426742,-0.2143999999999983,0.2554508355022695,8.53
8.376533333333334,0.1663226666666666,0.5448494453248812,6.023119140098592,0.9715945298958156,14.701791524496365,1.3995812306460644,0.5545,0.1366720688163241,9.0
7.70014041025641,0.1332033531638723,0.7241969479296088,6.0284256833006165,0.9779535569658458,14.70103800465114,1.4791593086646624,0.9180999999999996,0.3155498818388703,4.9
7.993791,0.1925555555555554,0.8997650743931089,6.022028806167317,0.970208291671986,14.701445461935451,1.4591479170272448,0.6471,0.3301633832338257,2.8
7.780450171428572,0.1117584487534625,1.0681546383448068,5.012274563422987,0.9923745281312962,14.708164040279591,1.4832261969709113,2.662440000000001,0.1157099080579666,5.7
7.995106212765958,0.1643359374999999,0.7934962033674482,6.028124175117527,0.9779153699350566,14.701231896487508,1.6125474873813834,0.6192,0.3392923326075714,8.5
7.136807851851853,0.0304888888888888,1.1170212765957444,4.04803503328401,0.9938538479446204,20.273157093326606,0.9967916319816366,1.99502,-0.0397745263236275,1.4
7.326442823529412,0.051271972318339,0.7485107485107483,5.022505502884853,1.7457761940988596,15.589508929651656,1.2532975784630431,2.2348,0.0345833627607427,6.6000000000000005
8.005157925925927,0.1694328888888888,0.7721979969031497,6.022031455473514,0.9729561045512533,14.701444489778437,1.6894822670191825,2.0382,0.3351799931332665,5.9
7.656013185185185,0.1541582222222221,0.771261460638634,6.022030932260362,0.9730201423535274,14.701444692134274,1.4294732983598406,1.3848,0.3351782346710392,10.1
9.239184,0.2146816326530611,0.557510057530763,6.021871805520604,0.9680684490343208,14.702720303786284,1.8423709931771088,0.7717,0.2180372606558566,10.6
7.811463120000001,0.1618373263888888,0.7974683544303798,6.02809123615128,0.9776694628420762,14.701212214725295,1.3470732979972746,0.7104999999999999,0.3341577746610871,6.5
7.854922294117648,0.1550103806228373,0.6481863149216816,6.028296509088439,0.9728861173216248,14.701004064230732,1.3328204045850196,1.3828,0.3022073009159102,4.1
7.375809818181819,0.0960635445362717,0.7588023952095809,6.022011086714493,0.9727305942764922,14.701443117828848,1.251534532637368,3.073200000000001,0.3101853515323108,7.7
7.893812205128204,0.1172955017301037,0.7615577901585915,6.021996859008636,0.977830403456364,14.702528589828315,1.6725888313728632,2.4722,0.2780564602518028,9.8
7.5429136923076925,0.0965058593749999,0.8712386284114766,6.007450417149755,0.9879882510263543,14.70646331742944,1.271782221599798,1.6952,0.1183577151370223,4.1
7.512896380952381,0.0730249999999999,0.9565610206529908,4.04777533665955,0.9938538479446204,20.27959696450236,1.3250112108241772,2.34,0.0405484408941986,4.3
7.845601,0.0980187499999999,1.975918417496008,2.1066729358411225,0.9860010787499066,20.477560293517524,1.5,1.7762,0.0128585978287116,6.8
7.920444888888889,0.1298512396694214,1.1563962170233948,6.007509084669672,0.9871345365608584,14.706305643902004,1.2406705316766884,0.7938000000000001,0.0704337448422928,6.1
7.502232666666667,0.0994589843749999,0.5412208936438011,6.021875322296591,0.9729107674475796,14.70271996055699,1.198192411043098,1.3755,0.1293295322706002,7.1
7.657300769230769,0.1778489795918365,0.7711199999999997,6.02199554532429,0.9729107674475794,14.70144551859185,1.3787834934861751,0.8711,0.3028289365794988,4.1
7.130086666666666,0.091857098765432,1.0770142180094786,5.00403630764662,0.9871324231766964,14.708165484873923,1.134969974603941,1.1689,0.0430522334535721,5.9
7.535040272727273,0.1197455782312924,0.7324583592777084,6.022033913948963,0.9730179262537652,14.701443654060334,1.3421389558735095,2.538000000000001,0.3358157698776765,3.2
7.474240696969697,0.0826982399999999,1.087709852577256,6.00755197606573,0.9893434025596736,14.706304515999822,1.2850542120815005,3.472000000000002,0.1224060145891712,2.4
8.200389126760564,0.2021038085937499,0.7328204258112899,7.004118152685544,0.9726153543128684,14.65153807925915,1.978658178496845,0.9089999999999998,0.2689451330242998,9.5
7.949771860465116,0.1394889946460439,0.6604760957775593,6.023451514583238,0.9726065675610858,14.700619213546265,1.632902669119837,3.9273200000000026,0.3074078016334054,5.1000000000000005
8.005157925925927,0.1694328888888888,0.7721979969031498,6.022031471108339,0.9729548688666102,14.70144448976226,1.6894822670191825,2.0382,0.3352322207939984,5.9
7.61106685106383,0.0937909999999999,1.0776193965917655,6.007552406486195,0.9886050101646926,14.706304567609584,1.365961447928513,2.577500000000001,0.1267586916535054,7.9
7.920711016393442,0.1725759999999999,0.5434896810506566,6.024516149091572,0.9772910155603528,14.70178023197424,1.692878689342031,0.1587999999999999,0.327631866616471,8.5
7.786721230769231,0.1270630385487527,0.8720858517330699,6.008215735382695,1.7341935065154086,14.705887126287047,1.3566695198333112,1.4641999999999995,0.1189374757667474,4.3
,0.160144,0.5933852140077821,3.0162310567101738,0.9839941003120974,20.5603297562136,1.3709505944546687,1.9864,0.1801066354777967,3.1
7.943489272727273,0.1663226666666666,0.6805033999797014,6.028086911029115,0.9571468522790476,14.70147056810017,1.3995812306460644,0.7354999999999999,0.3296277829557422,7.1
8.151663333333333,0.2312565096952908,0.9203768013281268,6.023501125472805,0.9715899413557834,14.701263358622214,1.657439042450237,0.3042000000000001,0.3993316830661476,14.7
7.641868133333334,0.1423077288941735,1.0303030303030305,6.006169927433775,0.9871436103128648,14.705859666118396,1.2782038389853276,0.812,0.0701120567359223,7.0
7.03318909090909,0.0551249999999999,1.63668430335097,3.0121020596974453,0.9872569003884856,15.59610239659687,1.1216407621868585,0.7452000000000001,-0.0077376425064202,4.5
7.467517799999999,0.0857407407407406,1.1267199631024674,5.006104164253891,0.9876219188858903,14.708163627600172,1.3540489879782314,1.3279,0.0939653009075289,3.4
7.661340676923076,0.1382314035818408,0.6166821785958828,7.00405730728046,0.9779227097119008,13.304120702346324,1.5681671733465294,4.425600000000004,0.1624247525177971,9.0
7.253617647058824,0.1298512396694214,1.0669087136929465,5.005114095439486,0.9871435010114092,14.707202811627315,1.2406705316766884,0.5313999999999999,0.0430524188901144,8.4
7.383381538461539,0.0887085872576176,0.5382016632016632,6.021875641556985,0.9728920414825796,14.702719807466291,1.167436723286701,1.7656,0.1293397726031704,6.1
7.680522202898551,0.1665702393340269,0.6427679907830469,7.004058686364792,0.972815102670407,13.304121960001943,1.447451946839715,3.6808000000000014,0.3101871484941594,2.2
7.302695866666666,0.0965058593749999,1.0438935637934954,5.004054821512472,0.9879882510263543,14.708165167685634,1.271782221599798,1.1789,0.0681369397217478,6.3
7.283889913043478,0.0561905325443786,0.3935018050541516,5.089076153500582,0.911348421146835,15.579305598080122,1.2957378005380122,1.55828,0.0991088368244062,9.0
6.941980740740741,0.0259357277882797,1.8990825688073385,2.177191169072612,0.9871447154965188,20.39268621861541,0.8865408928220899,2.976700000000002,-0.0533260917522132,0.0
7.289803768421055,0.0887085872576177,0.9917582417582412,6.007310769506662,0.98714361020757,14.705850280889855,1.167436723286701,6.066000000000007,0.0701143936010867,3.1
7.320466162162162,0.0707420165289255,0.7214294462824526,6.021894691709052,0.9728475856827372,14.7025584194831,1.1588385157364056,4.515300000000004,0.1329601823800938,3.2
8.17307,0.1569666666666666,0.5257538994800693,6.023837127408675,0.9772509300420728,14.70177584599697,1.7841591278514215,-1.0293,0.3317034326359889,13.7
7.958920740740742,0.1778489795918365,0.8357142857142857,6.0062256201318895,1.8009999999999986,14.705831898216625,1.3787834934861751,0.0332,0.0701143954655702,1.8
7.249341666666666,0.0751333333333332,0.3974025974025975,5.08856489080741,0.9109049655435654,15.579306338280608,1.3516441151533922,0.91998,0.0618342405908647,14.3
7.8957111666666675,0.1184201599999999,1.1664074650077765,6.007971111570198,0.9871404897602478,14.705666173331927,1.2177968115985955,1.4479,0.0706930495695963,5.1
7.189619966101695,0.0765638888888888,0.6512702078521939,6.028120837330135,0.9721048524732196,14.701467522858968,1.1431558784658322,5.026600000000005,0.3326028121928495,2.2
7.086056594594596,0.0577566736099983,0.5292287272340237,7.004117163993361,0.9728125198782428,14.701439595532277,1.0695386581490691,7.974500000000009,0.0475725102110309,3.7
9.300176,0.2374082840236686,0.6160835469763236,6.033791364349984,0.9715945298958156,14.701249125557036,1.5262349099495227,0.096,0.3097681903271179,11.7
7.600588054794521,0.1194123048668502,0.6643079757727816,6.023226092785444,0.9726777504048776,14.700688916321113,1.3456711978139104,3.105700000000001,0.3101857384443935,5.5
7.832784685714286,0.1444039999999999,0.5819209039548026,6.028120397997714,0.9779997737718188,14.701468056981632,1.595461844238322,1.2583,0.3391873209160381,3.9
7.136999999999999,0.0647888888888888,0.384967919340055,5.088565588375297,0.9110399866656508,15.579306175365812,1.2806721295208872,1.31008,0.0621137429049083,12.4
8.009845931034482,0.1931871093749999,0.9242837653478856,6.022032572849872,0.9729561045512533,14.701218113472097,1.505240814944148,1.0903999999999998,0.3351828596363644,14.5
7.521948181818183,0.1270630385487527,0.7274880296555631,6.021998314579777,0.9729683683764788,14.701444215148706,1.3566695198333112,1.7038,0.3031777626958256,3.3
7.914942346666669,0.0955418685121106,1.3937246963562748,6.008730973037607,0.987127243180885,14.705858772455166,1.1660870601063933,2.616600000000001,0.0707376701736131,4.1
7.861410153846155,0.1444039999999999,0.8762311979842715,6.0218997678703525,0.9729068890943716,14.702550716552452,1.595461844238322,0.4199999999999999,0.2213390426940879,5.8
6.953288333333334,0.026218787158145,1.8471337579617828,2.1893419518945,0.9871436209956076,20.3885960493813,0.8935711016541907,3.7569000000000026,-0.0533063173371722,0.0
7.99892480952381,0.1026249999999999,0.9650509711083196,4.173553067654726,0.9925247571425068,20.278663331385125,1.4591479170272448,2.9934000000000003,0.0591803442783615,6.3
7.541672333333333,0.1041973333333332,1.1509900990099016,6.005000694956415,0.9872569003884856,14.706821675716917,1.158938532350277,1.0428000000000002,0.0437084125246928,2.9
7.493872044444443,0.1270454389574759,0.6311246972161126,6.023453950968204,0.9574813155143296,14.701789425963405,1.3390681656745111,1.8457,0.1617436648327773,5.4
7.983493454545455,0.1864627499999999,1.0386473429951693,6.0061241536676855,0.9871435010114092,14.705660152915708,1.3527241956246543,-0.3583,0.0700970203988163,7.8
7.671063004694836,0.1415085423875431,0.6779226571983747,6.029716835819087,0.9723619825660498,14.700300618839217,1.4510982119584983,1.598,0.306245105108349,4.3
12.075625,0.0826888888888889,1.4999999999999998,4.207191775429618,0.9859014831448116,20.368103304162048,0.9182958340544896,3.0682,0.1364417932720134,6.5
8.187891200000001,0.2097027343749999,0.8766471812147032,6.028089490696902,0.9571474718107532,14.701234067591008,1.4772170014624826,-0.2921000000000001,0.3297221895423997,13.2
7.382750857142857,0.0525805555555555,0.9440766848936027,4.047287654249714,0.9938538479446204,20.280207028593,1.3250112108241772,2.4491000000000005,0.0174752825114365,5.5
,0.1760222222222222,1.5,6.04414756982422,0.9193801758673176,14.696235342034443,0.9182958340544896,-0.5835,0.3729288194127355,6.3
7.035015889655173,0.0492533553719007,1.0682270916334662,5.004041816138217,0.9871436102075688,14.70816343381751,1.032706075744935,6.016200000000008,0.0430524072288994,2.7
8.19459512,0.1807102040816326,0.5310319641412515,7.004113672446408,0.9729626587448608,14.65159743556834,1.985228136034252,2.2482000000000006,0.2873708938075527,10.7
8.02472448,0.1651346938775509,1.118541666666667,5.015473886034275,0.9925247571425068,14.707149342615674,1.448815635725185,1.0978,0.1568831807254277,11.3
7.957742,0.147235294117647,1.0292929292929294,6.007465187168909,0.9878823626483436,14.706006012587316,1.402081402756032,1.4008,0.159973721120165,8.2
7.500124763358778,0.0904520833333332,0.9705739458790708,6.007460577248752,0.9574759002787409,14.706040527175135,1.4083445441575106,3.1732000000000014,0.1191244457687318,5.53
7.229259450980393,0.0631333333333332,1.3700981803358352,3.025177448444797,0.9939236223702252,20.37954179752547,1.194173734256912,2.557900000000001,0.0335636027699983,5.5
7.260192,0.0695187499999999,2.077471713894949,2.0187675285587456,0.9773363066878588,20.46854037154941,1.2987949406953985,1.4012,0.0002805112836771,8.0
8.16450168,0.1778489795918366,0.6594202898550727,6.028295113627804,0.972888273348238,14.701004321587732,1.3787834934861751,0.6025999999999998,0.3022073009159102,5.1
7.385038588235295,0.051271972318339,0.8013468013468011,5.033744769264904,1.7457761940988596,15.589506533039504,1.2532975784630431,2.2348,0.070143484473273,7.0
7.101616000000001,0.0303719008264462,0.8320476858345022,4.174629813342206,1.751756967318251,20.26647192171417,0.9940302114769564,2.5654000000000003,-0.0276026667140096,2.0
8.5624632,0.2472429752066115,0.545556805399325,6.033796112403207,0.977280025411542,14.701249448685708,1.5726236638951638,-0.15,0.3135221833168404,19.2
7.719630210526316,0.1380689999999999,0.6175210518540407,6.028071996333394,0.972805679764008,14.701469944147137,1.295461844238322,1.2055,0.3021326858670147,3.7
7.19158147826087,0.0857839843749999,0.9802849368035852,6.017603760111155,0.9848052414294468,14.70431825933704,1.2302681891641871,9.2258,0.4742777556126675,5.9
10.5414125,0.1456222222222222,1.4927649589362535,4.045830315553336,0.9853993120107488,20.370927619307764,1.4591479170272448,2.5017000000000005,0.1176031867403948,3.1
7.538641999999999,0.1181542878588853,0.6695474520862628,6.029088727221333,0.977184806204124,14.700407425433296,1.3025798827398107,3.9128000000000034,0.3057202878918197,3.4000000000000004
7.050430833333333,0.0614094674556212,1.6614349775784758,3.012098814063976,0.9860010787499066,15.596102579013849,1.1401156785146092,0.3551000000000001,-0.007990568627305,4.9
8.076590318840578,0.5174638888888888,0.6293950698377679,7.017305551232592,0.9871656836809144,13.299891492874078,1.5545851693377994,4.061500000000001,0.4026802828425811,0.0
9.32922342857143,0.3045972222222222,0.6349773866275518,7.004057749063039,0.9771979003467548,13.304122451289096,2.188721875540867,-0.7977000000000001,0.3253471361874118,13.3
7.604209166666667,0.1684820415879016,1.0728400735294117,6.00500419492854,0.9871436209956076,14.706207015901343,1.3249692858267144,-0.2322000000000001,0.0487409064207854,10.6
7.686342724637682,0.1325124023437499,1.072809543397779,6.006113796288985,0.987143610301766,14.705888573875187,1.25866329959714,1.2005,0.1005943911381309,6.5
7.781122319327731,0.125894822485207,0.7216912747099056,6.023340180460269,0.9725889962417306,14.701783743640677,1.476120721149274,2.3655,0.2238584525129429,4.3
7.828569304347826,0.0889239669421487,0.9556066461464,4.262014983814968,0.99238315941371,20.256210811742545,1.394616983854544,5.313800000000001,0.078431175024115,5.3
7.535631951807227,0.0793792241946087,0.6306634897360704,6.0219159293453455,0.9778225372396182,14.702711336544285,1.3518005645333508,2.5837400000000006,0.2380661318755977,5.0
8.015182571428571,0.1380689999999999,0.8211459530454768,6.021877464517609,0.9727498024897984,14.702560187526691,1.295461844238322,0.7363999999999999,0.1321809905270914,8.2
8.674201428571429,0.1925555555555554,0.6886110172355526,6.028276181818422,0.957305845414918,14.701470535527829,1.4591479170272448,0.693,0.3069152048394101,7.2
9.0072,0.17596875,2.339760752850897,4.015239811999795,0.9869366140699168,20.460198136678176,1.561278124459133,2.376500000000001,0.1873821853498865,4.3
8.034791710144928,0.1402612754766599,1.195650814865914,6.010327125404973,0.9871941857541978,14.70547595633116,1.6670302589409267,1.2575999999999998,0.2214316356382399,12.7
7.309099583333334,0.0807357438016528,0.5373563218390807,6.021875960515162,0.972892764674697,14.70271965446456,1.143320102127766,2.1557000000000004,0.1293399488649192,5.7
,0.3416888888888887,,4.0,0.0,14.710226951490483,0.9182958340544896,-0.8247,-0.4115095219374226,16.0
7.957000875,0.1766005540166204,0.784898585307653,6.028099473314468,0.9776749031870208,14.701165267923464,1.4713544870139297,1.1788,0.3373460519332535,5.6000000000000005
8.485684857142857,0.1332521541950113,1.5642775983612232,6.010005674712168,0.987165683680914,14.706821201758196,1.509968612636817,2.9528000000000016,0.138065346859613,8.2
7.3231025536723156,0.0721606265574937,0.4924951720085254,6.023121824133339,0.972705424694264,14.701789637429886,1.1723471763252835,4.723500000000005,0.1551972904371737,3.8
7.2664128,0.1195358024691357,1.4484375,4.0159301996955294,0.9773363066878588,15.487358112158446,1.224394445405986,-0.9205,-0.001724682438604,8.700000000000001
7.548899676767676,0.0921336167800452,1.10580421599769,6.007550426920775,0.9572918621226812,14.70630459415136,1.329401733458867,1.1265999999999998,0.1365340998940337,4.3
7.639694600000001,0.1550103806228373,0.9899534427836316,6.005839054168636,0.9879900871469448,14.706306023953358,1.3328204045850196,0.1576999999999999,0.0806117934349038,8.2
7.553088000000001,0.0986805555555555,1.5555555555555554,5.012053086277472,0.9839941003120974,15.486173287762572,1.2516291673878228,-0.5783,0.0010517997389187,5.9
7.6216885283018865,0.1140496570644718,0.5701366696131095,6.028126831124457,0.9780455902899718,14.70146670436311,1.4897221636136735,2.4386,0.3395353681231276,3.0
8.294400000000001,0.1388759999999999,0.8240207887223412,6.008267286428627,0.96806844903432,14.705690825388206,1.570950594454669,-0.0052999999999999,0.0148042140882218,16.4
7.58017194117647,0.1028089990817263,0.7630701018058157,6.022036560130452,0.9728964508930004,14.701440889168628,1.4320693354719214,3.7452400000000017,0.3373097462423333,2.5
7.338768923076923,0.1380689999999999,1.2160694896851247,5.004039552630881,0.9571022266440334,14.708165795517656,1.295461844238322,0.1647,0.060931221181301,7.1
7.6888,0.1235427499999999,0.5907036797934151,6.022070161233477,0.9775062558279196,14.7027069413278,1.490468570732828,0.2296,0.3184546747602438,8.2
7.414530969696969,0.1299480888429751,0.9929916237794136,6.0175905903338105,0.9848078628301024,14.70432427816712,1.3821245148403083,4.544600000000004,0.4742777516396874,6.3
7.79625616,0.1726775510204081,0.5336300692383779,7.004113331800874,0.9730201423535274,14.651597572982087,1.727396673574479,1.5948,0.2689216270439583,8.6
7.700404090909092,0.1622721074380164,0.8660035762181493,6.022000062898944,0.9728924072407752,14.701218071449768,1.436545552091029,0.806,0.3073147618410642,5.0
7.246592533333334,0.0476231404958677,1.7777777777777777,5.009990153934011,0.9872569003884856,15.592516973521334,1.090652803252992,1.3481,-0.0047438541248239,0.4
7.49861879032258,0.1121714148373656,0.6687744862179819,6.029090788964414,0.9771848062318172,14.700407362109576,1.2834489116825762,4.693000000000006,0.3057202893348717,3.1
7.907323789473684,0.1663226666666666,0.6863992670263669,6.02809301569501,0.9721386848795834,14.701398302088892,1.3995812306460644,0.7355,0.3323269847170088,6.5
7.30660854054054,0.0511559999999999,1.1481042654028435,5.016140033585766,0.9889366766977722,15.591674962237818,1.2192407046368487,1.7526,0.0360487258155562,6.300000000000001
7.139943405940595,0.0580524374999999,0.9976604278074866,5.012429144209178,0.98781929945321,14.708163035051516,1.1058666211014745,4.685300000000005,0.1182618643370358,4.1
8.012249826086956,0.1362994082840236,1.04546177288989,5.012424964689878,0.9925247571425068,14.708164342715936,1.6143308351592656,2.0456000000000003,0.1336666127516892,5.5
7.165177866666668,0.0551249999999999,1.6860986547085202,4.009983641042417,0.9872569003884856,15.59451929457412,1.1216407621868585,0.6157999999999999,-0.0077513611275276,2.3
7.461525333333332,0.1041973333333332,1.1626611491325805,5.006058564133237,0.986400585850396,14.7081656089896,1.158938532350277,0.7771999999999999,0.050903904353539,5.7
7.436683636363636,0.1392444444444444,0.6799999999999999,6.01498116697577,1.7579129356762655,14.702568527742905,1.3921472236645345,1.2795999999999998,0.0902023545085363,1.8
7.257444,0.1041973333333332,1.1340124144516954,5.004039609459374,0.9864005858503968,14.70816563120094,1.158938532350277,0.6347,0.0453488037875541,5.7
8.874079862068966,0.28425625,0.6640710084948812,7.006287184349103,0.97152933237857,13.304121175255744,2.10845859334435,1.6421,0.3111512752475339,12.9
7.7279948,0.0911265306122448,1.4943281973762073,4.176969297896181,0.9925247571425068,15.59610016418149,1.5916727785823277,1.9222,0.0634914077212632,5.4
7.290317818181818,0.069707525510204,0.6094392004441977,6.021878405800595,0.9778111144071452,14.702719665952046,1.107784384952517,2.6477000000000013,0.1329216283938693,3.7
7.053546190476192,0.0630837465564737,1.063868613138686,5.00403823245073,0.9871436103128648,14.708164692997588,1.064794829694994,3.119400000000002,0.043052407228889,2.6
,0.187024,1.334893743498291,2.019504694921672,0.9773363066878588,20.566678666228857,1.521928094887362,1.4215,0.0967063903764919,6.3
8.704936727272726,0.209990082644628,0.6020439061317185,6.028048285837737,0.9726328119692296,14.701398560831636,1.4353713907745331,0.1793,0.3018471669894446,7.2
7.832180500000001,0.0952995555555555,0.9017017155506368,6.012561508348883,1.7341994591275989,14.705884795186112,1.272905595320056,7.063500000000005,0.1306507603430965,3.1
8.094816000000002,0.1778489795918367,0.5024752475247523,6.014643571321417,0.9474230297841664,14.70272141181812,1.3787834934861751,0.2052,0.1164052831422626,8.0
7.367391223021584,0.1087738520408162,0.5491249616211237,6.030288818256162,0.9771861862699616,14.699769834064789,1.235348017977726,4.7938000000000045,0.3052775141617927,3.9
7.856202689655173,0.1228308593749999,1.055092878960827,5.012270397602864,0.9925207658823784,14.708164198043836,1.5435644431995963,2.35402,0.1154448338934133,6.5
7.790731076115485,0.1452824260270036,0.9380578586709668,6.029284227039303,0.977702669983862,14.700321226662012,1.359207892368827,3.2473000000000014,0.3306609997810494,3.0
7.6416399591836734,0.1129253615702478,1.0678964357540015,6.007963322984092,0.9871398243294384,14.705686319579357,1.3809168190768573,1.6132,0.1189562218907365,7.0
8.130012860759493,0.152079861111111,0.7815681440090039,6.022515544678209,0.9714100729583796,14.701036053931029,1.8514815911054945,1.7376,0.2645993005328718,21.4
7.611985024630541,0.1288312499999999,0.6717409642761533,6.029085602326159,0.9771026889643404,14.70040751932088,1.3355841933727153,2.7425000000000006,0.3054391856300401,3.9
9.471168,0.282738775510204,0.6431623931623931,7.004108472917169,0.9680684490343208,14.651579120326076,1.8423709931771084,-0.1071,0.1939973238825851,18.8
8.117993846153848,0.1770449999999999,0.8498384972711606,6.005999188372997,0.9879914526949274,14.706878147805265,1.6854752972273346,0.624,0.0944370472868503,7.6
7.366842789473686,0.0441333333333332,0.9257708548979288,4.23774058142949,0.993879564852242,20.23524086592369,1.2326602568158205,3.6023000000000014,0.0253223144007498,3.1
7.172949333333334,0.1041973333333332,1.0869565217391306,5.00403592295849,0.9872569003884856,14.708165643425993,1.158938532350277,0.7787999999999999,0.0430422834852069,5.7
7.37164208,0.1016086734693876,0.469518442622951,6.014663264151769,0.9575068268564944,14.702720943036883,1.2958363892911635,1.4991,0.149548028830363,7.4
7.290753406060606,0.0967577594123048,0.5525714769074607,6.030357961978938,0.9772333563908104,14.699769766457496,1.234388884083241,6.721200000000008,0.3385059659036322,7.0
7.216437,0.0305555555555554,1.049558080808081,4.237912925564224,0.993879564852242,20.2319191887731,0.998363672593813,3.148220000000002,-0.0154735978452877,0.8
8.201523733333335,0.1873702479338842,0.5118367346938775,6.0193366507134245,0.9575073037507784,14.701636811988312,1.4949188482339508,1.0920999999999998,0.1848008664958697,14.9
7.525630602409638,0.0963848163265305,0.5611380925774703,6.022073682976116,0.9779558893787068,14.702705277096731,1.4089163218195078,0.6956,0.3195686133998781,8.1
7.548247094339622,0.1237254437869821,0.5627740348625815,6.028121688382201,0.9779829779599418,14.701467495809345,1.4956321302677145,2.0385,0.3391974126436404,3.1
8.043589217391304,0.2374082840236686,0.609822164644918,6.034305969153281,0.9779694968273897,14.700388030239344,1.5262349099495227,0.5417000000000001,0.5082899390744735,18.0
7.4680698,0.0831628808864265,1.0057545731707316,5.01227328026037,0.9938533001088184,14.708163859888886,1.2363864108712896,2.5454,0.1157165246077185,6.3
7.877192399999999,0.1488299643281806,0.5375915325629114,6.024524289877161,0.9772910155603518,14.701780231974238,1.658188322042358,0.7004,0.3276510185778574,4.3
7.26823888888889,0.0887085872576176,1.012514220705347,5.006061306159457,0.9939236223702252,14.708165349293308,1.167436723286701,1.3114,0.0539847748448125,4.1
7.553141364705882,0.1391890148652052,0.4877535495075593,7.005149846095907,0.9777657069858202,13.303154012464644,1.4972438254288696,5.8570000000000055,0.3262148019156082,5.4
8.029372266666668,0.2094574394463667,1.1195937090432504,6.00500383391129,0.9871447154965188,14.706173054135617,1.383099991189334,-1.0124,0.0698377090131452,12.0
7.3159343396226415,0.1250419659735349,0.7263484637185659,6.021996520250392,0.9728915040379802,14.701444716076116,1.264672679395722,2.0414,0.3028395565266827,3.0
7.957791030303031,0.1640187499999999,1.1928900592495062,5.007477206957331,0.9865813897322364,14.707167972157212,1.2987949406953985,-0.252,0.0767836937808189,7.8
7.526447862068966,0.0965058593749999,1.052551640340219,5.0122663497324575,0.9929205024247652,14.70816431761228,1.271782221599798,1.7006199999999998,0.1150944889513926,4.9
7.088979444444445,0.0302469135802468,1.1064684612294096,4.048930125737952,0.9879882510263543,20.27358550494769,0.9910760598382222,2.249000000000001,-0.0307440828251019,0.6
7.919106095238097,0.1684820415879015,1.0525956284153009,6.006168553513022,0.9871436209956076,14.705859617041613,1.3249692858267144,0.0317999999999998,0.0701118036641114,9.2
6.718464,0.2064583333333332,1.1,5.003022715797302,0.89,14.708166100233274,1.2516291673878228,-0.3915,0.0319406837177281,12.3
7.400667050847458,0.0765456597222221,0.564808434685152,6.021890597934081,0.9778889007431868,14.702719655613803,1.1752835873133534,2.3218000000000005,0.1556780915809376,8.2
7.344645161290322,0.0544934256055362,1.4832663989290489,4.177091448027475,0.9925247571425068,15.596100106129004,1.2532975784630431,1.57722,0.0343208796951809,5.8
7.444792,0.0887085872576176,0.575113939289707,6.021875751554587,0.9728264003423954,14.7027198082654,1.167436723286701,1.6215,0.1295951211737157,6.1
7.5166599,0.1321582766439908,0.646241058172493,6.02808819126105,0.9571470437037448,14.701470005279376,1.3127443531093743,1.5156999999999998,0.3296378757297387,6.2
7.295599999999999,0.0535937499999999,0.3886363636363636,5.088573063966727,0.9110448428273328,15.579305526717684,1.271782221599798,1.75268,0.0669214516694829,12.3
,0.140176,2.2633231363709547,1.0452400289945678,0.89,20.57307714027021,1.3709505944546687,0.855,0.0108391855738701,6.1
7.383173181818182,0.1380689999999999,0.7354491775622101,6.02199619527118,0.9728927646746968,14.701444983477796,1.295461844238322,1.6513,0.3028395550892085,3.4000000000000004
7.595249740112994,0.1270454389574759,0.6526314203039837,6.024372290892838,0.9771495131429628,14.701788794241118,1.3390681656745111,1.9898,0.1896418237955756,5.4
8.00560225,0.1684820415879015,1.143581938102486,6.00584125031649,0.9871409367422088,14.70617258045712,1.3249692858267144,-0.2354,0.0778511457965667,20.3
8.422115391304349,0.1528863905325443,1.0534350886616464,5.012426674621155,0.992520765882378,14.708164222686396,1.7381493331928664,2.699,0.1337734077298626,8.3
7.240530555555556,0.0838016528925619,1.909158150791341,2.1101851186966045,0.9860010787499066,20.429986346367443,1.2406705316766884,1.6352,0.0220330463305987,7.8
7.748304875,0.1171077410593027,0.9868548425461886,6.019233526586172,0.9850277795794072,14.70432124988518,1.4593264738753406,6.256760000000005,0.6465784362375543,12.3
7.567721028571428,0.1211808593749999,0.4773269689737471,6.021973361670934,0.9779293461848452,14.702713633259096,1.4913146570363986,0.2385999999999999,0.2218735635044728,12.3
7.577523225806452,0.0916179930795847,0.5336557839580814,6.0219103205215685,0.9730201423535274,14.702719481694846,1.2639334294856337,1.8892,0.1592984965742936,8.6
7.722956190476191,0.1147289940828402,0.5481304693715194,6.021874983697656,0.9726328119692296,14.702720111277582,1.2389012566026305,0.9854,0.1290650325260376,9.0
7.15609074074074,0.0724122448979591,1.848777618733412,2.147093899269063,0.9872569003884856,20.41286863799316,1.198117421130403,2.0253,0.022285485122089,5.5
6.988248,0.0288666666666666,1.993552771437036,2.020139073010642,0.9773363066878588,20.468015927233992,1.224394445405986,0.9361,-0.0126404786360792,6.5
7.522030206896552,0.0783234374999999,1.6191588785046729,4.062810424955268,0.9929205024247652,15.59514259860617,1.4056390622295665,0.8510000000000002,0.0314994276104483,0.8
8.094816,0.3191839999999999,1.0090361445783134,6.014702553242958,0.9474230297841664,14.70144732629994,1.521928094887362,-0.2991999999999999,0.2901288276176125,11.9
7.870507914893616,0.1721541314878892,0.9875513538494004,6.028427773406439,0.9776985673035976,14.700426455981576,1.4197910527565891,-1.5149999999999972,0.3306609998342124,4.2
8.330920111111112,0.1537687499999999,1.3733952744892357,2.1092605483308,0.9860010787499066,20.473509932801143,1.5,1.464,0.0358892034480996,7.4
8.165910370370371,0.2064239999999999,0.7083574041979587,7.004114032309751,0.9729561045512533,14.65157823748634,1.781937063546704,1.3003999999999998,0.2691949560161654,11.9
7.037410630630631,0.0555215986394557,1.0656424581005588,5.004039390626811,0.9871436102074684,14.708164218496687,1.0420399429347815,4.289700000000004,0.043052407228889,3.1
7.550704936170214,0.1127977599999999,0.5945534407027818,6.028092710456756,0.9779523269101578,14.70146897035203,1.3209242772281589,2.2629,0.3302508283772095,8.2
7.362157283018869,0.0745558399999999,1.088421052631579,5.012431602874088,0.988435448132414,14.708163828111337,1.1829661954675212,2.824020000000001,0.1187890206084793,3.2
7.9806780602409635,0.1495379273197356,0.93846380565021,6.029875458639938,0.9772352648934624,14.700272111011486,1.3971899423722132,1.785600000000004,0.3111884202841215,3.35
7.215220615384615,0.0299999999999999,1.4444444444444449,4.089439308889958,0.9930113506961596,20.261335275209177,0.9852281360342516,2.611860000000001,-0.0397546831624608,0.0
7.640672307692308,0.0950816608996539,0.5850000000000001,6.021887489046347,0.972837402910804,14.702719793290242,1.221047785179718,1.5416,0.1520474263569204,6.1
7.6824427488151645,0.151653419469815,0.6844753014982501,6.029736172448432,0.9723619825660468,14.699771121098555,1.3934005136386731,2.1973,0.3063132073402059,3.9
8.092630285714288,0.2705009999999999,0.5950598802395209,6.0341313318070045,0.9780098661240152,14.70038814793686,1.5709505944546684,0.1532,0.5080088228937092,21.7
7.541891644444445,0.1298512396694214,1.0925330475169708,6.0050041084198895,0.9871405513215687,14.706306163876016,1.2406705316766884,0.6513,0.0697331443664555,4.9
7.661512272727273,0.142792820069204,0.538156982432949,6.024519228211531,0.9772910155603526,14.701780231974231,1.5619544490992996,1.1849999999999998,0.3276318689614549,6.5
7.653826391959798,0.1040975056689341,0.992190564429957,6.009367791411178,0.987180875456966,14.705651098641354,1.3651940396396456,3.163600000000001,0.1652723315794367,3.5
8.2450738,0.1778489795918365,0.6056782334384861,6.028070192370285,0.9729107674475796,14.701470512946358,1.3787834934861751,0.5694,0.3021127777269908,5.3
6.948442222222223,0.0260946745562129,1.871212121212121,2.184326841901702,0.9871435010114092,20.39031305084986,0.8904916402194913,3.3668000000000022,-0.0533162045438967,0.0
7.708014835443038,0.151414151925078,0.5288579733618706,6.02451809414873,0.9772910155603528,14.701780231974244,1.6001908764824528,0.9389999999999998,0.3276318689524743,7.0
7.641463134020618,0.1329451760279494,0.6722940862611658,6.029082343104675,0.9724590413495972,14.7004071780155,1.347922583568817,2.3524000000000003,0.3025656724874257,4.3
7.484992,0.1550103806228373,0.7491891891891893,6.021995870450528,0.9728920414825808,14.701445250963577,1.3328204045850196,1.2612,0.3028393755682016,4.0
8.294400000000001,0.1380689999999999,0.5603448275862071,6.0218731008577855,0.96806844903432,14.702719951130373,1.295461844238322,0.5952999999999999,0.1262679435601437,10.4
7.191497128205128,0.091857098765432,1.121491683991684,5.004036476800093,0.9872142771136608,14.708165485504356,1.134969974603941,1.0248,0.0432963113978193,4.6000000000000005
8.3271096,0.2286839506172838,0.9676436448055716,6.022006427892355,0.9568728019160788,14.701445761314904,1.5304930567574824,0.2569999999999999,0.3271981122452583,6.4
7.567607612903226,0.1242604651162789,0.5612967173272705,6.030357453163101,0.9772333586501804,14.699769766398612,1.3530279023026708,4.000500000000003,0.3388439253750331,11.2
7.479549020408164,0.0957717291255752,0.5796448847823664,6.028124885619936,0.9779737393741252,14.70146616929235,1.3663759416191268,2.2131,0.316145295086621,4.0
7.183861333333334,0.0302469135802468,1.2642405063291138,4.173803926282837,0.9925247571425068,20.26596371042092,0.9910760598382222,2.30344,-0.0395114921799696,1.0
,0.0943839999999999,2.4073373676248107,3.013190735421445,0.9839941003120974,20.573425869380927,1.3709505944546687,2.4547,0.1242210391429418,8.2
7.40601261971831,0.1088624999999999,0.5548618048618049,6.028122845557841,0.9779817098567716,14.701466952119462,1.4216744278153235,2.818700000000001,0.3391974139946715,2.6
7.32965584,0.0587999999999999,1.4659090909090908,4.055261897535887,0.9938538479446204,15.596100318830992,1.2958363892911635,1.2688,0.0313475925912186,5.1
7.523556785714285,0.1147289940828402,0.6423595994775795,6.028088829978369,0.9776321192024297,14.701469716592712,1.2389012566026305,1.8416,0.3078709757987153,2.9
7.753415749999999,0.1171077410593027,0.9807619163750714,6.019247815107451,0.9850283963785889,14.704321223537784,1.4593264738753406,6.256760000000005,0.6466075126307356,12.3
7.943115487179485,0.1830520833333332,0.5789830750553453,6.0303134309984525,0.9771170822236724,14.69967917028285,1.4833557549816874,1.2597999999999998,0.3382301748364015,10.8
7.253306666666667,0.1147289940828402,0.4725864123957092,6.014645052553628,0.957333958463669,14.702721421423911,1.2389012566026305,0.9854,0.1194797811341422,5.3
7.202808484848485,0.0708554183813442,1.1321929751722997,5.006060187004708,0.987139753268354,14.708164975953052,1.0860486123130382,2.337600000000001,0.051166683129378,4.9
7.900474181818183,0.1283893333333332,0.573151487826871,6.0219711940022,0.9726463592916926,14.702713451803731,1.471602261409798,0.0945,0.2184251307903347,11.5
7.532087448275862,0.0965058593749999,1.0479951397326857,5.012425089776743,0.9925247571425068,14.708164300281084,1.271782221599798,1.70062,0.1179796186843986,4.9
7.657014857142859,0.1223409722222221,1.1882160392798693,5.006056500427043,0.9839941003120974,14.708165716809814,1.188721875540867,0.3871,0.0483476118086921,6.1
7.120415914893618,0.0713451303155006,0.717287123211557,6.022000367709877,0.972879848083279,14.701441788888308,1.1246581201547063,6.108500000000007,0.3028395565321944,3.1
8.01548551724138,0.1931871093749999,0.9225784447476124,6.022033103551928,0.9729626587448608,14.70121876923848,1.505240814944148,1.0903999999999998,0.3389690873607309,12.43
7.358995583333333,0.0807357438016528,0.5731511254019294,6.021876014919352,0.972805679764008,14.702719654864126,1.143320102127766,2.0116,0.129350085172342,5.7
7.860979789473685,0.1607848888888887,0.5831099195710455,6.030343629488443,0.9772322243572958,14.69976974157679,1.4294732983598406,2.04,0.3384958727330426,9.6
7.616926133333334,0.1228308593749999,1.0508837622315967,5.004055917678348,0.9878688244886064,14.708165047828524,1.5435644431995963,1.8323,0.0681386359428486,6.4
7.286653333333334,0.0872930747922437,1.0258207303578013,5.004040115197848,0.9879423610299304,14.708165029879636,1.2363864108712896,1.2214,0.0470944874198693,4.3
7.299845631578948,0.097226997245179,0.6514626865671643,6.028091026831709,0.9571353286333202,14.701468910632611,1.2112938253354983,2.9320000000000013,0.3296480407749041,4.7
13.96125,0.32115,0.8138403192668796,7.00959139834956,0.9867651470618468,13.30235121686329,1.561278124459133,2.9189,0.3829756476639305,1.6
7.507229538461539,0.1380689999999999,1.002906976744186,6.00599856781707,0.9939316247903812,14.706878227503406,1.295461844238322,0.4051,0.0781424006480376,8.6
8.666288222222223,0.196568975069252,0.7333035677202306,6.023748946854938,0.9772146725863072,14.701775866756073,1.9440097497163569,-1.3445000000000005,0.329319248706374,11.3
7.480112699453551,0.1085036033057851,0.6986716550401235,6.02314375350157,0.9771535866766852,14.70178905327611,1.2823527363135774,2.8108000000000017,0.1896273595136319,4.6
8.278848,0.0925555555555555,0.4105960264900662,5.08853970090294,0.9020746173538724,15.57930519688172,1.4591479170272448,0.52988,0.058714823771249,18.0
7.84505112371134,0.1951650624349634,0.8452617332698616,7.004059119472964,0.976938434467775,13.30411743187157,1.6104186736404864,2.0127000000000006,0.4695082445114008,4.7
7.323329904761904,0.0755416076634735,0.7004410079433777,6.021895977565091,0.9778858615396828,14.702558953605172,1.1796779956857992,3.879200000000002,0.1551972904371741,3.6
7.563554946236558,0.1246764987244897,0.7642513954292448,6.023146621136392,0.9771535592649252,14.70178905321551,1.3242294895389195,1.7815999999999996,0.189629162907463,4.9
7.582323113636363,0.1270454389574759,0.7734132177969081,6.023153853534341,0.9771523279683236,14.701789052335442,1.3390681656745111,1.5576,0.1896291629209311,5.1
7.444714638297871,0.0892321109693876,0.8120119608229595,6.021919280368586,0.9727752917891468,14.702431743208995,1.2181843259769356,3.630200000000003,0.1613453218977199,3.6
7.5264478620689665,0.0965058593749999,1.0525516403402186,5.012268540797039,0.9930113506961598,14.70816431806332,1.271782221599798,1.7006199999999998,0.1153396524534321,5.1
7.576404595744681,0.1250419659735348,0.6115481434864698,6.028072144061054,0.972806627929832,14.701469677899762,1.264672679395722,1.5956,0.302123037200498,3.1
8.165910370370371,0.2064239999999999,0.7083574041979587,7.004114033873094,0.9729548688666102,14.651578226589452,1.781937063546704,1.3004,0.272622151001028,11.9
7.767859130434782,0.1158229591836734,1.1199500102019997,6.009089882694461,0.9572884661984375,14.70584372106118,1.4065990555025094,1.9891,0.1611493452818957,4.8
7.689398857142858,0.209990082644628,0.5373134328358209,6.019320916478829,0.957333958463669,14.701472067169233,1.4353713907745331,0.1793,0.2925654199437486,10.6
7.95230275,0.1657086127547666,0.7478242027377869,6.039236495453267,0.9771318703987149,14.697381109575842,1.4514697401811836,2.5208000000000004,0.3430653554665378,5.57
7.353002844444443,0.091036111111111,0.6042978428308792,6.023126224261345,0.977148700554492,14.701789462608208,1.2326602568158205,3.695900000000002,0.1612958634071364,4.2
8.23328347826087,0.1718472222222221,0.6014502812646664,6.038962769955365,0.97768565522876,14.697781206818098,1.4591479170272448,2.5478000000000005,0.3358255779446716,6.6
7.334901416666666,0.0801861570247933,0.9715639433495916,5.012503864457233,0.9929834957898392,14.707201505943162,1.2072100267448116,3.609200000000002,0.1153706182642203,3.0
6.97292783625731,0.0267689906347553,1.7039007092198586,2.2108618422842405,0.9871436102075696,20.382532576257915,0.907165767573082,8.048000000000007,-0.0533059727891157,0.0
7.829147614583332,0.1520934256055362,0.9563176277927986,6.02928979397652,0.977685024435304,14.700299431492567,1.3741236364327514,2.218100000000003,0.3306610137508223,3.69
7.585989047619047,0.1622076388888888,1.0647730921433358,5.004035907576832,0.9872569003884856,14.70816568156632,1.5510981710072649,0.6075999999999999,0.0441889914879307,5.7
13.329816,0.4329466918714555,1.642857142857143,7.026260151116408,0.9871272297261966,13.299888773901678,0.8865408928220899,5.287500000000001,0.4596472945667301,0.0
7.030557419354839,0.0281249999999999,1.3965517241379313,3.118543583810653,1.8334185327453745,20.350551487980045,0.9402859586706313,3.3668000000000022,-0.0385845779399849,0.0
7.268216451612904,0.1147289940828401,0.7201270189744392,6.021996845399732,0.9728904373813232,14.701444448759524,1.2389012566026305,2.4315,0.3028395565321736,3.3000000000000003
7.86897104,0.1335848888888888,0.7511284366023799,6.021931695871288,0.9730201423535274,14.70271053492066,1.70558726169826,0.1805000000000001,0.2497619496515242,13.1
7.084968070175439,0.0761567708333332,1.067357512953368,5.004037076755116,0.9871435010114092,14.708165167967149,1.0994839817876882,1.9491,0.0430524072235813,3.5
7.36395918918919,0.0994589843749999,0.6010236835256355,6.028074297417464,0.9728198932820208,14.70146885475158,1.198192411043098,2.765900000000001,0.3021330276670788,2.9
8.276382,0.2588442906574393,1.0453131022209348,6.01752146353767,0.9839267707401118,14.704206173130334,1.6589797521242051,1.0337,0.4734672496910246,15.9
7.603674000000001,0.1910899408284022,0.911439114391144,6.008452202511649,0.9872569003884856,14.705726024403846,1.3346791410515946,0.2367,0.1454483236263153,1.8
7.090016333333334,0.0282115555555555,2.0756287374358537,2.0277265161573697,0.9872569003884856,20.467023826512545,1.158938532350277,1.7594,-0.0096122644807823,3.1
6.999857933333334,0.0272222222222221,1.7515923566878986,3.025757451216389,0.9939236223702252,20.36798732386828,0.9182958340544896,2.5866000000000007,-0.044280075595161,0.0
7.257577333333335,0.0986805555555555,1.7167630057803462,3.0144733289748435,0.9860010787499066,15.595098699616225,1.2516291673878228,-1.0962,0.0046132774803365,8.8
7.534526896551724,0.0783234374999999,1.6121495327102804,4.180289882733656,0.9925247571425068,15.595071287411848,1.4056390622295665,0.851,0.0547276247293766,0.8
7.554418471544714,0.0992894600591715,0.7675479585047126,6.022026662284915,0.9779402209811868,14.702422688587912,1.366295180853956,3.2414000000000023,0.166426949701901,3.3
7.030557419354839,0.0281249999999999,1.3965517241379313,3.118543583810653,1.8334185327453745,20.350551487980045,0.9402859586706313,3.3668000000000022,-0.0385845779399849,0.0
7.860738800000002,0.1367333333333333,1.1794884591391144,3.206799682667792,0.9871724758941934,20.353447253007,1.5304930567574824,1.9777,0.0415087865418026,8.2
7.358256444444444,0.0820181405895691,0.6610489866702873,6.021917377033828,0.9779377135477936,14.702558925569596,1.221694907636328,3.817400000000002,0.1385556793477614,4.0
7.945261111111112,0.1684820415879015,0.890625,6.007227112213508,0.9871436209956076,14.705534661905288,1.3249692858267144,0.2958,0.070097234761051,6.1
7.157094833333333,0.0829229024943309,1.1067163361455026,5.004040437803302,0.9872569003884856,14.70816531668655,1.115520093581932,1.4149,0.0458560746207759,4.3
7.624908685714286,0.0952631692806922,0.5046669733680926,6.023293826854993,0.97733875170191,14.701778475055589,1.446051158116624,3.7878000000000025,0.2583749765904826,12.5
7.494378666666667,0.0994589843749999,0.5437382001258654,6.021876867499655,0.9773793465164052,14.702720271490035,1.198192411043098,1.3755,0.1318615217296646,7.6
8.123814769230771,0.1925555555555554,0.6886110172355524,6.028064996790377,0.9571552706546542,14.701398610386182,1.4591479170272448,0.3453999999999999,0.3293620268351236,6.7
7.4821635,0.1495243055555555,0.505263157894737,6.014692601523551,0.9573138370864828,14.702714914919351,1.5510981710072649,-0.2956000000000001,0.2086847180796838,13.7
11.274368,0.5747576388888889,1.245566338380656,7.017291264118786,0.9871656836809132,13.29989149287408,1.7295739585136225,1.4719,0.422901125659,4.5
8.012054117647057,0.209990082644628,0.8096416657699346,6.021995200591386,0.9726328119692303,14.70144578273649,1.4353713907745331,0.481,0.3025584374920559,5.300000000000001
7.127202361111112,0.0691280393967373,0.5786572806084338,6.0280600073704775,0.9776161053220732,14.701394503396653,1.1166106666673492,6.196900000000007,0.3050018388563643,3.9
7.183142666666666,0.0302469135802468,1.2911392405063291,4.06952775191707,0.9930113506961598,20.26687100360633,0.9910760598382222,2.30344,-0.0397646050489469,0.9
7.315730666666667,0.0919239999999999,1.6355489171023152,4.009995581356263,0.9871447154965188,15.593907371435687,1.278897902987479,-1.506599999999999,0.0074988605866649,13.3
7.518799508771931,0.1092693877551019,1.0258620689655171,6.0061671605048295,0.987143609141766,14.705859973503491,1.198117421130403,1.8396,0.0699934577770588,4.9
7.731221333333334,0.1631009999999999,0.8013468013468013,5.088585812186138,0.9110399866656512,14.70816481458779,1.6854752972273346,-0.10762,0.064536635371502,18.8
8.4786952,0.267938775510204,0.8970933646506166,6.023238011009863,0.9714530357452132,14.699772900923676,1.5566567074628228,-0.0642,0.3034324890882517,6.7
8.192001833333334,0.1656373333333333,0.8825620282448411,6.005001708912378,0.9871447154965188,14.706821521250692,1.640223928941852,1.4806,0.0601852580231527,9.0
8.192072346666665,0.1520805555555554,0.7749941627466147,6.0225152179672525,0.9713672046467834,14.701036066725033,1.9431590918088644,2.10752,0.2645993028982514,13.2
7.071637575757577,0.0708554183813442,1.065250379362671,5.004037461711904,0.9871436209956076,14.708165009591848,1.0860486123130382,2.3392000000000013,0.0430524072288793,3.2
7.97961072,0.1651346938775509,1.1212500000000003,5.0136632251550495,0.9930113506961598,14.707202083477537,1.448815635725185,1.0978,0.1187636737862982,8.4
7.639958978723405,0.1050433925049308,1.0469163843547888,6.00755191175316,0.9886058859416592,14.70630445684984,1.451001326883776,0.8794000000000008,0.1365344286258246,3.3
8.2066512,0.2409759999999998,0.5678398534606829,7.004108828177372,0.9726328119692303,14.651598639500724,1.7609640474436812,0.2829999999999999,0.2006460879185858,15.5
8.875008,0.2168359374999999,1.0953150242326333,6.021913632153108,0.96806844903432,14.702703654035558,1.75,-0.9762000000000002,0.309056401422831,18.7
7.504017142857143,0.0872930747922437,1.065731166912851,5.012270420350807,0.992520765882378,14.708164159809456,1.2363864108712896,2.00904,0.1153593664944788,4.2
