AATS3se,GATS1pe,BCUTd-1l,BCUTp-1l,AETA_eta_FL,IC1,SIC0,PEOE_VSA3,PEOE_VSA6,SLogP,MaxPartialCharge,sp_p
8.585300444444444,1.0615154944463094,0.9872002546480432,0.7675007178600463,0.1506370369563323,2.512789620530343,0.2749632337987452,0.0,0.0,-5.397199999999993,0.1867323035692516,28.7
7.411824992700729,0.7613966874289836,0.9777011231882614,0.7518425539978206,0.2225262891531956,2.892975182376928,0.2268476172424586,0.0,55.4546737473835,4.136700000000004,0.2264592638901245,4.5
9.060099999999998,0.5684367061156208,0.9865813897322364,1.5541045737496149,-0.2436391815949584,1.5,0.5,0.0,63.719775591797394,3.2182000000000004,0.0919794054196059,51.0
8.002807413333333,0.8960703877638152,0.987139760763968,0.7759731540795088,0.128597744959076,2.079419004580984,0.2514034078507232,0.0,0.0,0.8238000000000001,0.0781421822060881,5.5
7.242984320000001,1.1656424315336495,0.9871319480826688,0.7879627927914155,0.0281569581548998,1.8165365037609147,0.2190038024377395,0.0,27.694948798762496,2.4395000000000007,0.0544718109140119,3.1
8.35610819047619,1.1577278464432856,0.9871432637704548,0.7841815509524303,0.1448481355185407,2.199687794731328,0.3100275721012118,0.0,0.0,-3.5854000000000004,0.1105786065313125,10.7
10.116640444444446,0.639654599800731,0.9865813897322364,1.533205039591852,0.0734890440324615,1.5,0.5,0.0,0.0,2.5938,0.1373436125313979,5.1
7.439904000000001,1.0781853124643723,0.9773363066878588,0.788093355242889,0.1200403363278784,1.8799649487271108,0.3862534428571301,0.0,0.0,-0.0014,0.0402205817490864,8.8
7.452082266666667,1.0577370902951622,0.9872142771136608,0.788112216547996,0.1655369248913525,2.015740432493068,0.3372309195840103,0.0,0.0,-0.4597000000000001,0.0557735214677395,9.2
7.603571932773108,0.727822711446416,0.9723637184784134,0.7403908714089711,0.116687728790991,3.068623894282399,0.2176709779830527,0.0,25.841400552376523,3.367600000000002,0.3057202910165649,3.5
8.185386666666666,1.1328449500013844,0.9872569003884858,0.7850698206279183,0.1553857739076944,2.155968102145908,0.3713337982794685,0.0,0.0,-1.6681,0.1000470260172347,12.1
7.100506222222222,1.6249999999999998,0.987175620925078,1.4437107789913433,0.0,1.367043929664229,0.1894485821789581,0.0,34.61868599845312,3.0786000000000016,-0.0380182182521641,0.0
6.919365555555555,1.7,0.9872569003884856,1.491594749421179,0.0,1.1595547523787308,0.2138199372254134,0.0,33.10993926815928,2.1965000000000003,-0.0538313154318367,0.0
7.125316280701756,1.4125364431486878,0.9939236223702252,1.0783840465879375,0.0353654107027834,1.7387586809150082,0.2640380642216691,0.0,19.26246486877803,1.2778,0.003877844068942,3.1
7.3434032,0.7884952324441039,1.7341689578933053,0.7792963884887003,0.2949711181245185,2.153202998653529,0.2432932889231152,0.0,60.6636706846161,3.403400000000002,0.0720966410806407,3.7
7.561612695652175,0.9600287140666296,0.9938538479446204,0.7874974568165327,0.3200679968763286,1.914341183612352,0.3551795426534944,0.0,18.19910120538483,1.3922,0.1150748194752798,5.9
8.270735125,0.8151073135363962,0.9776810048978262,0.7412389395772799,0.1666984016835214,2.473851389610045,0.3393991377632873,4.794537184071822,0.0,-0.0697,0.3341476893029562,7.6
7.658950666666667,0.7510834641556442,0.972804006062044,0.741582937489134,0.2658584552730656,3.255130682546323,0.2749006170378825,0.0,24.26546827384644,3.036500000000001,0.3101857253232449,6.2
7.877415555555554,0.9603613032680796,0.9872569003884856,0.7767997984110853,0.1819067929115177,2.0349409139562287,0.3606812278304233,0.0,0.0,-0.3748999999999999,0.0693426521286368,9.2
7.906499703703705,0.9557596311397324,0.9872142771136608,0.7767796220903558,0.1430134208839641,2.216917186688699,0.3246987351738496,0.0,0.0,0.0136000000000001,0.0744976771578301,6.3
7.865425862068966,1.1389815607952751,0.9925207658823776,1.0755273370901255,0.290327562380591,2.6556390622295662,0.4193553209573412,0.0,11.600939890232516,1.5044,0.0636454405303365,5.2
7.832462867924529,0.6710142908382715,0.9566942645393928,0.7404176254212572,0.2220410732769902,2.896291529045928,0.2977854365848634,9.589074368143644,13.157871367196996,1.225,0.3296378939776522,9.1
7.645439124999999,1.0141994312707103,0.9878688244886064,0.7869754391177907,0.2818190578776581,2.9109922530150456,0.343019975278146,0.0,12.13273413692322,0.8845000000000001,0.1150977389478482,7.0
7.0615064,1.1656424315336495,0.987143609141766,0.7881185190306643,0.0338256164330806,1.5614870219474737,0.2190038024377395,0.0,45.448666937246685,2.7293000000000016,0.043052407228889,2.9000000000000004
7.101831710526317,0.9490290151818728,0.9728796881220462,0.7416130276082971,0.0449116339050271,1.5550644840718613,0.1907554127172268,0.0,96.8152399206548,6.332500000000007,0.3028395565321837,3.3
7.282779428571429,0.7934932849215025,1.8388146351137609,0.7793517919717492,0.101857603000028,1.5465935642949382,0.3347983891019821,0.0,0.0,0.7968,0.0466381698498417,5.7
7.793865677419355,0.9241980587468338,0.9729561045512524,0.7415839901865705,0.3011423709015154,3.0286393118385746,0.4056003685510744,4.794537184071822,0.0,0.967,0.3351808337675886,14.3
,0.6032628182144132,0.9773363066878588,1.663437399544887,-0.3830887384911758,1.521928094887362,0.6554587535412855,0.0,45.181741254136114,1.8139,0.0516225232223701,3.9
7.188147789473685,0.8052631578947367,1.7457761940988596,1.3258864299779305,0.3206255952483275,1.3921472236645345,0.2376723944664291,0.0,48.53093654769288,2.839800000000001,-0.0184042506724422,4.0
7.404736279069767,0.7382409792426513,0.988600849123198,1.0250364320713363,0.2531750391217953,3.04515824345902,0.2643179898932014,0.0,29.800041095617345,3.818600000000002,0.0478343538507698,5.1
9.0072,0.5238666854963988,0.9680684490343202,1.4432552025624372,0.1748823685709414,1.9182958340544896,0.6131471927654584,0.0,29.78081546406353,1.9352,0.0991840388726836,6.3
7.933058222222223,0.7537387514427599,0.9778875896387764,0.7515429026262043,0.2908268928836876,3.3412930845804234,0.3445953208615502,4.992404732635669,41.93277523254056,2.4479,0.275713559409008,16.2
7.778847733333333,0.5822252837280224,0.9778875709112737,0.7518149657018752,0.2897215643212192,3.1774353171027925,0.3145363153516798,0.0,41.93277523254056,3.153800000000002,0.2479172797428263,13.3
7.861556224299065,0.8819039351180903,0.989343302718407,0.7776162422864975,0.163989729693478,2.950249582629432,0.3084718163122939,0.0,0.0,0.5024999999999997,0.270459241021681,6.2
7.857153241379311,0.8197247866890126,0.9925207658823784,0.7874843495950485,0.2721808970775438,3.10845859334435,0.3858911107998991,0.0,11.600939890232516,2.3540200000000007,0.1180847484676806,6.5
7.410946274509804,0.6728612597776864,1.750883572132959,1.0215280997873035,0.3210275435609245,1.955794563623899,0.2634215355330259,4.9839785209472085,36.39820241076966,3.3880000000000017,0.0709227123296695,5.4
9.176976000000002,0.8485032706757777,0.9680684490343208,0.7415073743694832,0.2391578564323759,2.4056390622295662,0.5,0.0,0.0,0.0908999999999999,0.2996845531582142,8.0
7.142286666666667,0.9310344827586204,1.734072122034906,1.3618065548331653,0.2831728946983307,2.005977711423774,0.2080145976765094,0.0,60.6636706846161,3.4718000000000018,-0.0238242843866094,0.6
7.322053672727273,0.7254183385657286,0.9772333610467158,0.7403098383481335,0.1390401823498367,2.5144890193204,0.2042204495120279,9.589074368143644,78.35261267324178,6.433000000000007,0.3385161286350641,7.0
7.183142666666666,1.0625,0.9929205024247652,1.3575412465337968,0.2601522526293185,2.197159723424149,0.2376723944664291,0.0,35.392371257240434,2.30344,-0.0397741940817219,1.0
,1.5261470724548132,0.9869366140699168,0.5460559311806796,0.1105590150652243,1.3709505944546687,0.5904362833084089,0.0,0.0,2.2836,0.3332652876584487,2.0
7.525753892473118,0.6663480607812741,0.9772333562871498,0.74031017832938,0.1956249038604004,2.7480638507320547,0.2488983586544652,9.589074368143644,38.821851782156486,3.600400000000003,0.3385059645525906,8.6
8.12007,0.6263256126301255,0.9727766683470488,0.5269860099735373,0.2878331997153119,3.4815621344071017,0.3938880559311798,9.77851570501903,6.06636706846161,3.542200000000001,0.4159855115665516,12.1
7.971478260869565,0.8313927743481544,0.9929205024247652,0.78749678524184,0.299185942606009,2.469670487371862,0.4362537855285536,0.0,11.600939890232516,2.0456,0.1151797599888271,7.5
7.591051130434783,0.6547023628838019,0.9721410024764624,0.7414970837325815,0.2682938251031945,2.84902557364365,0.284445560596104,4.794537184071822,36.91077102590655,2.3059000000000003,0.3329408148703918,4.1
7.063995999999999,0.9166666666666669,1.7009999999999978,1.370999999999999,0.3333333333333333,1.0,0.2789429456511298,0.0,36.39820241076966,1.6866,-0.0622685707820924,0.0
7.252551428571429,1.0854908015507658,0.9860010787499066,0.7881218489553106,0.0845640410827013,1.9473387961875537,0.3315855815233052,0.0,6.923737199690624,0.3887,0.0427892799205337,6.8
7.103297500000001,1.1261751756952612,0.9871447154965188,0.788120644652518,0.0483223091901151,1.7206166448818938,0.2539707371322467,0.0,26.186202068468653,1.559,0.043052405838714,4.0
7.388853578947368,0.9802302556421516,0.9878688244886064,0.787495717511068,0.2469651378914016,2.794788541104805,0.2910563814844882,0.0,19.056471336613843,1.9546,0.1150948373492234,4.2
7.312001714285715,0.9693324073371576,0.98781876800524,0.7783777358831553,0.1407441090602432,2.4625297759564844,0.2105710361706282,0.0,70.06858976555753,4.567000000000004,0.1189348273630096,10.2
7.971478260869565,0.8313927743481543,0.9930113506961598,0.7874973582218368,0.299185942606009,2.469670487371862,0.4362537855285536,0.0,17.667306958694127,2.0456,0.1165618883049529,7.5
8.87275252173913,0.8264111233011665,0.992374528131296,0.787481123213613,0.2729468965086773,2.661226256269789,0.4799048446968728,0.0,34.802819670697545,3.3523999999999994,0.1523601196325953,8.7
7.316416592592593,0.5715879509111192,0.9879882510263543,1.3646989348990255,0.2625398955340049,2.225605199016944,0.3293393139293539,0.0,30.33183534230805,2.4254000000000007,0.0473563162626888,7.2
7.9479576,1.1150907767999447,0.9860010787499066,0.7858485893932063,0.1677348799153817,1.9219280948873625,0.4126972515042214,0.0,0.0,-1.029,0.0662266396468172,11.0
8.056422625,0.6905558257905077,0.9721424035939944,0.7414593669656359,0.1975896698676987,2.9219280948873623,0.3333339699287366,4.794537184071822,6.578935683598497,0.5045,0.3326995917583886,8.5
8.0083108,0.903857930189835,0.9879888566693102,0.7515275159729949,0.2780536922859398,3.026986833359288,0.3946786848474275,0.0,0.0,0.7719,0.128644014219363,7.6
6.962540000000001,1.5833333333333333,0.9871436101971676,1.4759569065420155,0.0,1.1050139971135322,0.1714474440421279,0.0,78.05569062864136,4.9272000000000045,-0.0533059741710883,0.0
6.932934666666666,1.666666666666667,0.9871324231766964,1.486507740815375,0.0,1.1567796494470397,0.203911513537955,0.0,39.53076089108528,2.5866000000000007,-0.0535787022523684,0.0
7.110762909090909,1.1531567983644897,0.987144312922842,0.7881146840622597,0.0365077420693906,1.810929416931773,0.2284067944444295,0.0,33.10993926815928,2.1951000000000005,0.0458662459549641,3.3
7.917992666666667,1.051878085840992,0.9848766930612368,0.7727921480953398,0.1401887615382953,1.8978235088865465,0.3281059542190397,4.565048284931329,0.0,2.204,0.4742480477050508,11.4
8.094816000000002,0.928630885599508,0.9474230297841664,0.7522043616468231,0.3196454417031487,2.2516291673878226,0.6934264036172707,0.0,0.0,-0.8985000000000001,0.2040307925574561,26.2
7.485561866666666,0.9637601832993888,0.9871435010114092,0.7788780204923106,0.1052464212913577,1.9657678078192216,0.2782127046172332,0.0,13.344558822616634,0.7953999999999999,0.0697193624932535,5.1
7.946919682539683,0.8492837123883598,0.987139953717608,0.7760709655447183,0.1288962183104054,1.7516144718101818,0.2517326599194279,0.0,0.0,1.4645,0.0707102071319752,7.2
7.96211175,0.7854007980825944,0.9776791856897984,0.7409915876907874,0.2974417556267807,3.155565013329718,0.3463699609650766,4.794537184071822,12.13273413692322,1.1787999999999998,0.3411321188257538,8.0
7.204751406451614,0.8811437351530824,0.9778412873879876,0.7415124419434441,0.0497552571092023,1.6066795010761816,0.1871177577519933,0.0,83.97359667480276,6.419300000000007,0.3055337242115604,3.9
7.453627333333333,0.5398009950248754,0.910359656288494,0.9614560333117222,0.3355043589783831,2.1280852788913944,0.516078542239789,0.0,6.578935683598497,0.6959799999999999,0.0905313753738046,12.8
7.1371209655172425,0.9375,0.9575068268564944,1.359220290883958,0.3098651143609824,1.5306390622295665,0.25,0.0,42.98679113274043,2.3296,-0.0262557893778424,1.0
7.90393362962963,0.7500141729783666,0.9729561045512533,0.7415861905697384,0.2771082737416687,2.840223928941852,0.4324365440174392,4.794537184071822,15.929943897949348,2.1473000000000004,0.3351795626680709,3.7
12.075625000000002,2.0,0.9867651470618468,1.5162218259508378,0.0714288353065476,0.8112781244591328,0.2704260414863776,0.0,69.60563934139509,3.7268,0.2363914383604266,7.300000000000001
7.599532470588235,0.915551143493259,0.987143609141766,0.7770262592720504,0.1424394788557814,1.984925912982332,0.2766112791257584,0.0,0.0,0.4219,0.0487502413188919,5.7
7.823692800000002,1.097980754465885,0.9869366140699168,0.7877104997516748,0.0543033514199101,1.6879430945989,0.2966396176163633,0.0,0.0,0.7771999999999999,0.0563258534106586,5.1
7.584745655172414,0.6949857394155725,0.9780098661240152,0.7519193776428099,0.1686857953755851,2.507380102423636,0.4251933749127961,0.0,0.0,-0.1036,0.219562477810732,17.4
6.969118962962964,1.5625000000000004,0.987143610207569,1.4739960062918882,0.0,1.0783220795483648,0.1602417615393903,0.0,103.7389771203454,6.487600000000007,-0.0533059727891253,0.0
7.936263875000002,0.7359048269665177,0.9728427932084336,0.741614868892736,0.2855383616125746,3.3301249653149703,0.3522257808970553,0.0,47.46734805431147,4.364100000000001,0.3073958769244231,12.9
7.099266745098039,1.15,0.9871992579593436,1.358346677543166,0.1964420525776629,2.2841591278514217,0.2137135814081428,0.0,38.112942673227685,2.811400000000001,-0.0307437476477495,0.0
6.985893555555556,1.7,0.986400585850396,1.4741003957039804,0.0,1.2772018112022605,0.2138199372254134,0.0,27.19203322199788,2.0524,-0.0473949256098791,0.0
9.965174833333334,0.6481852173433782,0.9871399728182498,0.5319384412491459,0.1332230180003272,2.527495543791609,0.403508826968349,0.0,13.344558822616634,2.642200000000001,0.4228359942991087,4.4
7.609429777777779,1.1490571916667565,0.9841779442390726,0.7860140420202419,0.180618856572214,1.5709702181464678,0.3233792432951281,14.011248569763898,0.0,0.7792999999999999,0.28482484645812,8.6
8.686656,0.4791445532098908,0.9655642673231968,0.7613316596374645,0.1843713345042961,1.6858157091530304,0.4873100251702876,8.417796984328938,0.0,-0.3391999999999999,0.1441041774452434,19.4
7.58928,0.7575136044531214,0.9871048216340088,0.7609621788159088,0.1741193400544927,2.306890595608519,0.3766684081361096,0.0,12.079449926441164,1.2465,0.0536800302237673,4.9
7.305842666666666,0.8414047270955164,0.9939310004400856,1.025816351726928,0.2182458123291262,2.961236604722876,0.2756631035043769,0.0,6.06636706846161,1.8483,0.0360296665169894,6.6000000000000005
7.8526497391304355,0.8855976999002106,0.9929205024247652,0.7874970451481611,0.2778267101486021,2.469670487371862,0.4362537855285536,0.0,15.929943897949348,2.1547,0.1151541535790085,4.9
7.393147333333334,0.6144067796610166,0.9111136571468248,0.9613790697012252,0.2598455440581656,2.646439344671016,0.4096910013008057,0.0,6.578935683598497,1.08608,0.0937374695299826,15.1
7.897702571428573,0.727681668992508,0.9779173888846084,0.7315400224614884,0.1827567117885427,1.991076059838222,0.3393991377632873,4.794537184071822,0.0,1.1794,0.5077358221025684,3.1
8.079334640776699,0.5977275015420418,0.9723740200071186,0.5451957168329699,0.1390628203454417,3.575483215471156,0.2523572803831683,8.78083009534964,12.999757306524504,2.937600000000001,0.3025656893771185,4.3
7.568971533333334,0.4767779288688267,0.9899165296037956,0.5270246647934003,0.0752950118684425,1.800970956987782,0.3228423333447763,0.0,19.26246486877803,3.1290000000000013,0.3913174177570497,0.0
8.05651048888889,0.9667920212120688,0.987143609141766,0.7773249591887961,0.167836993166164,1.896240625180289,0.3019504530566704,0.0,0.0,-0.9958000000000002,0.0701141763625367,12.5
8.958273696969696,0.4045264433769847,0.9714655262697,0.6527480392082539,0.2598003832047989,2.690468570732828,0.425618156969378,0.0,0.0,-1.0200999999999996,0.2944067977972742,14.6
7.3335535,1.1261751756952612,0.9871887527804406,0.7879337707326235,0.0420162213513056,1.8751458114455384,0.2539707371322467,0.0,13.847474399381248,1.4133,0.0514102357095883,3.3
8.115313924050632,0.6987710606226288,0.9714083318974048,0.7517058778301808,0.2889760566162934,3.7697480026487926,0.3581254255311181,13.401775505276143,18.19910120538483,1.5809999999999995,0.2774884116635725,7.1000000000000005
7.1013150000000005,1.384353741496598,0.9871447154965188,1.0660562933913176,0.064625077751129,1.7638421227824586,0.2445721554950698,0.0,13.847474399381248,1.396,-0.0051551415481564,1.4
7.539358000000001,1.2519473775315908,0.9860010787499066,0.7881101422249647,0.1576740814164026,2.5503407095463886,0.4310288551512257,0.0,0.0,-1.0626000000000002,0.0553245806721056,15.5
8.187522285714286,0.7270079330472234,0.9728915040379792,0.7413863793446356,0.1823950732468035,2.1173442079779345,0.3139079808612512,0.0,0.0,0.5860000000000001,0.3022073008453582,4.7
7.954224000000001,1.0857553368716368,0.9864005858503968,0.785717517873988,0.1238972160815447,2.199687794731328,0.3606812278304233,0.0,0.0,-0.6405000000000001,0.0742386440636602,9.4
7.990314000000001,0.2645459504464411,0.9726463592916924,0.6692920406927896,0.1759458060769459,2.0349409139562287,0.4510762136412372,0.0,0.0,0.6715,0.207175912192633,12.1
,1.5,0.9193801758673176,1.6020965686360658,0.2685443143076368,0.9182958340544896,0.579380164285695,0.0,0.0,1.0181,0.0296530192294052,0.0
7.307315529411765,0.70125786163522,1.7009999999999978,1.025902533829072,0.3468688235672957,1.971747257128181,0.3898293259352366,0.0,6.06636706846161,1.0816,0.0267287682952611,8.8
14.630625,1.5368109253104174,0.9867651470618468,0.5329268569744084,0.1479010909587136,1.5,0.5,0.0,0.0,2.6495999999999995,0.3983173063681832,1.8
6.954663764705883,1.4166666666666667,1.8009999999999986,1.4709999999999996,0.0,0.9182958340544896,0.2202187890038466,0.0,38.524929737556064,2.3406,-0.0533059727891157,0.0
7.176915304347826,0.8369565217391302,1.7338116104311123,1.3478101733725327,0.3227435515958284,1.3485878960124222,0.2229051360093979,0.0,60.6636706846161,3.353600000000001,-0.0184042560761494,1.0
,1.6062789090329108,0.9869366140699168,0.5364210604185223,0.1398456592862869,1.521928094887362,0.6554587535412855,0.0,0.0,2.0143,0.4008127222818907,2.0
6.957057530864199,1.6000000000000003,0.987143609141766,1.477760736470411,0.0,1.1216407621868585,0.1792076465069114,0.0,65.21404738278933,4.147000000000004,-0.0533061464398628,0.0
8.86486008888889,1.0214743983815264,0.9714667291395962,0.7402099794665512,0.2223371071586601,2.8559049224696933,0.3586067307526637,4.794537184071822,0.0,-1.2484999999999995,0.3364194912829884,13.5
8.065876138888889,0.7351904316279307,0.9778542418538084,0.751542598533782,0.2850038544152415,3.4928102165544086,0.3630512739537573,4.992404732635669,41.40098098584986,3.101300000000001,0.2757135689079535,15.6
7.652923894736841,0.6964452556330528,0.972892764674697,0.7414352554448864,0.1394969510710432,2.070950594454669,0.2997416467365091,0.0,13.344558822616634,1.3496,0.3021228665755719,3.7
7.342712266666667,0.5872497143231458,0.9780089820220804,0.7528247587984085,0.0983109118104061,1.736041167659922,0.2987300025964772,0.0,6.4208216229260096,1.5196,0.132411327598581,6.3
6.89675037037037,1.7499999999999991,0.9860010787499066,1.4997868010618711,0.0,1.1488348542809166,0.2266982160150637,0.0,26.689117645233267,1.8064,-0.0564343704175863,0.0
7.815981000000001,0.6171433208309293,0.9780098661240152,0.7415827395675265,0.1762628101565643,2.292481250360578,0.40701901811629,0.0,0.0,0.3234,0.3054098413055002,16.6
7.812616740740741,0.9557596311397324,0.9871324231766964,0.7788550509779374,0.1439727024972819,1.9197367178034823,0.3246987351738496,0.0,0.0,0.0152,0.0697051984967967,9.2
7.450004734693877,0.9554623387722708,0.9927405221161244,0.7856322603229816,0.130298342490397,3.151335040052963,0.2317807073482658,0.0,12.990104268152232,2.5800000000000005,0.1153706182642206,3.8
7.884626615384615,0.6521767760798277,0.9777044891151856,0.7409958614517409,0.3096579726599807,3.2195282822995472,0.4056003685510744,4.794537184071822,0.0,0.8681999999999999,0.3389216292564587,4.4
,0.513390522021132,0.9773363066878588,1.6390861172666114,-0.0785984654879723,1.9219280948873625,0.8277293767706428,0.0,15.929943897949348,1.5776,0.0777631430150728,5.7
8.662466483870968,1.0615154944463094,0.9872001843136988,0.7639312930096785,0.1508437121919472,2.592648021495528,0.2749632337987452,0.0,0.0,-5.395599999999993,0.2235503336827939,7.5
7.56211696969697,0.9086943879034604,1.8009999999999986,0.7792960931304971,0.1584196568763125,2.040223928941852,0.3766684081361096,0.0,0.0,-0.3938000000000001,0.0591080722455809,4.9
7.289182742857144,0.7627143076020663,0.9771860896820764,0.7404459828607262,0.0813520662261066,1.7965760667574806,0.1965530679734254,0.0,78.05569062864136,6.354200000000008,0.3052777469823277,2.0
7.6612721212121215,1.0744579506916128,0.9872142771136608,0.7874114101495983,0.1053949522983241,2.25,0.3246987351738496,0.0,0.0,-0.2503999999999999,0.053349575080525,10.0
8.316115027027028,0.73442201648278,0.9714977609541152,0.7405361602315719,0.2923495060231397,3.308751351247166,0.3437749295636171,4.794537184071822,12.13273413692322,1.3101,0.3390037868773102,4.7
7.439896765027322,0.7546004253242735,0.9771486630134444,0.7520775842192794,0.0946423841098999,2.967787158342588,0.221808155841557,0.0,19.42057892945052,2.6667000000000005,0.161297577647385,4.6
,1.6720076400679118,0.9869366140699168,0.5271281471133442,0.1028294684450971,1.3709505944546687,0.5904362833084089,0.0,0.0,1.9011,0.4478758800602103,2.5
7.983538133333333,0.7112916344153645,0.9727857785387102,0.7527149615081866,0.1414827750011753,2.119085046978471,0.2795745237229117,0.0,0.0,1.3905,0.1321906669711851,6.0
7.693446335353534,0.799949662640061,0.977223392682684,0.750872669808867,0.1477904487837603,2.85025979864638,0.1930135715040786,19.96961893054268,109.08436100933646,6.630200000000022,0.2476879842010123,3.25
,2.5000000000000004,0.9869366140699168,1.5885765619256338,0.0812723708441617,0.7219280948873623,0.3109175070825711,0.0,46.40375956093006,2.5529,0.2656852112875352,0.0
7.862592999999999,0.6637992329569941,0.9729107674475794,0.7416842675900911,0.1950718485826799,2.4040097573248604,0.5174055372758225,4.794537184071822,0.0,1.3817000000000002,0.403247386893025,10.0
7.647972291666668,0.5886823123045388,0.977998882239193,0.7518256367598224,0.2498272933110981,3.3086949695628425,0.2850453428575253,0.0,41.93277523254056,3.934000000000003,0.2481866729616205,12.6
,0.5043892712107579,0.79,0.7538630899837683,0.4092781576746971,1.5,0.75,0.0,0.0,-0.1849,0.1063822536585417,18.3
7.452829244444444,0.7061139866417641,0.9726487012721674,0.7519935336965123,0.0852775784191705,2.77580231097637,0.2141936321695983,0.0,19.42057892945052,3.838400000000002,0.1613453202483019,4.2
8.048840779220779,0.8829010513772447,0.9724156092742328,0.7512442341488456,0.2059820894400252,4.094280647202298,0.2800183106168023,0.0,12.13273413692322,-0.2143999999999983,0.2554508355022695,8.53
8.376533333333334,0.513900691026278,0.9715945298958156,0.7526475191583396,0.2121131969242435,1.9068905956085187,0.3582340473570574,0.0,0.0,0.5545,0.1366720688163241,9.0
7.70014041025641,0.7540357552219088,0.9779535569658458,0.74148331113588,0.1928991243529231,3.3198106294657057,0.2725925430348575,0.0,30.33183534230805,0.9180999999999996,0.3155498818388703,4.9
7.993791,0.8080568378534334,0.970208291671986,0.741577436228611,0.2284726941781445,3.0220552088742,0.40701901811629,4.794537184071822,6.578935683598497,0.6471,0.3301633832338257,2.8
7.780450171428572,0.8213251769744802,0.9923745281312962,0.7874964762369401,0.2505768606547715,3.0105709342684834,0.3491646673058536,0.0,11.600939890232516,2.662440000000001,0.1157099080579666,5.7
7.995106212765958,0.7789007738425375,0.9779153699350566,0.7414609363434888,0.2546343883423075,3.5220552088742005,0.3517035280283645,4.794537184071822,0.0,0.6192,0.3392923326075714,8.5
7.136807851851853,0.9999999999999998,0.9938538479446204,1.3636308172110627,0.2915155729310391,2.0419460322060456,0.2551368172689722,0.0,35.89528683400505,1.99502,-0.0397745263236275,1.4
7.326442823529412,0.6820987654320987,1.7457761940988596,1.0257191165376294,0.3286983867655341,2.130926080730337,0.3066199320064434,0.0,24.26546827384644,2.2348,0.0345833627607427,6.6000000000000005
8.005157925925927,0.7315200512034921,0.9729561045512533,0.7415859530443124,0.2941956597075942,2.840223928941852,0.4324365440174392,4.794537184071822,11.600939890232516,2.0382,0.3351799931332665,5.9
7.656013185185185,0.7536297483681988,0.9730201423535274,0.7415865795400401,0.3098827815957967,2.358938532350277,0.3658851619665568,4.794537184071822,18.19910120538483,1.3848,0.3351782346710392,10.1
9.239184,0.5096250736734035,0.9680684490343208,0.7528444066175166,0.2099380460718324,2.1280852788913944,0.656265789089031,0.0,0.0,0.7717,0.2180372606558566,10.6
7.811463120000001,0.8108064618213378,0.9776694628420762,0.741241082636289,0.1311722368815342,2.413890986728065,0.2938024679123105,4.794537184071822,13.344558822616634,0.7104999999999999,0.3341577746610871,6.5
7.854922294117648,0.7584596410554042,0.9728861173216248,0.7413669091418599,0.1516718586120328,2.0860451244213967,0.2619813541984425,0.0,13.344558822616634,1.3828,0.3022073009159102,4.1
7.375809818181819,0.795968386398657,0.9727305942764922,0.7416037373358781,0.1873939995312651,2.897103093964585,0.2481040345032632,0.0,38.112942673227685,3.073200000000001,0.3101853515323108,7.7
7.893812205128204,0.7084545288273192,0.977830403456364,0.7514714258282251,0.2842957601341462,3.3815804883091625,0.3287667907490393,4.992404732635669,41.93277523254056,2.4722,0.2780564602518028,9.8
7.5429136923076925,0.7784299042723282,0.9879882510263543,0.7766601568562497,0.3105797571347723,2.2516144718101816,0.3179455553999495,0.0,18.19910120538483,1.6952,0.1183577151370223,4.1
7.512896380952381,0.5149777473467989,0.9938538479446204,1.3684382571657447,0.3075730803876815,1.650022421648354,0.3696025301680662,0.0,29.800041095617345,2.34,0.0405484408941986,4.3
7.845601,0.5268124721035514,0.9860010787499066,1.562010033512155,-0.223796878596352,1.5,0.5,0.0,31.859887795898697,1.7762,0.0128585978287116,6.8
7.920444888888889,0.9637601832993888,0.9871345365608584,0.7785575036254793,0.1005556211035935,1.9657678078192216,0.2782127046172332,0.0,0.0,0.7938000000000001,0.0704337448422928,6.1
7.502232666666667,0.6337725585688191,0.9729107674475796,0.752721131933263,0.1237326982058087,1.9237949406953985,0.2995481027607745,0.0,6.923737199690624,1.3755,0.1293295322706002,7.1
7.657300769230769,0.7990929015674848,0.9729107674475794,0.7416272946548409,0.1497054463500906,2.403677461028802,0.3621368434811013,0.0,6.923737199690624,0.8711,0.3028289365794988,4.1
7.130086666666666,1.1119929305113618,0.9871324231766964,0.7881213484984244,0.0563760273884676,1.7916674843771043,0.2721799490905406,0.0,19.765380445542643,1.1689,0.0430522334535721,5.9
7.535040272727273,0.71929198475845,0.9730179262537652,0.7415835239548204,0.3085477407424175,2.294324260351621,0.3055651098695907,4.794537184071822,36.39820241076966,2.538000000000001,0.3358157698776765,3.2
7.474240696969697,0.9767445936398328,0.9893434025596736,0.7783708384835943,0.1454866652903914,2.9879199399452294,0.2276908143778896,0.0,31.04074445123685,3.472000000000002,0.1224060145891712,2.4
8.200389126760564,0.6773647612057347,0.9726153543128684,0.6692194900615749,0.2301104981234014,3.9496987351738495,0.3957316356993691,0.0,23.20187978046503,0.9089999999999998,0.2689451330242998,9.5
7.949771860465116,0.6854286701267905,0.9726065675610858,0.7415193800355778,0.2791838812880529,3.716016177574024,0.304785220509724,0.0,11.600939890232516,3.9273200000000026,0.3074078016334054,5.1000000000000005
8.005157925925927,0.731520051203492,0.9729548688666102,0.7415857933455038,0.2941956597075942,2.840223928941852,0.4324365440174392,4.794537184071822,17.667306958694127,2.0382,0.3352322207939984,5.9
7.61106685106383,0.9415745595227168,0.9886050101646926,0.7783649304791597,0.2277424906928236,3.163865121950854,0.2566666485480622,0.0,50.2456768101509,2.577500000000001,0.1267586916535054,7.9
7.920711016393442,0.6645169664379752,0.9772910155603528,0.7501638815925611,0.1819571737712234,2.7248894517332407,0.3645415835808113,4.794537184071822,13.847474399381248,0.1587999999999999,0.327631866616471,8.5
7.786721230769231,0.7484099166946255,1.7341935065154086,0.7780084143423066,0.2591971340679203,2.6385592597639773,0.3088732869800257,0.0,18.19910120538483,1.4641999999999995,0.1189374757667474,4.3
,0.7735538015785797,0.9839941003120974,1.606882466793189,0.0879799222210421,1.3709505944546687,0.5904362833084089,0.0,34.802819670697545,1.9864,0.1801066354777967,3.1
7.943489272727273,0.6726483461865288,0.9571468522790476,0.7415176673178173,0.2251646225131088,2.8159220638351665,0.3582340473570574,4.794537184071822,6.578935683598497,0.7354999999999999,0.3296277829557422,7.1
8.151663333333333,0.6563229185133365,0.9715899413557834,0.7517222753947481,0.1802080717505078,2.078491674029184,0.3901759239546517,8.366170865299415,0.0,0.3042000000000001,0.3993316830661476,14.7
7.641868133333334,0.9184321963088482,0.9871436103128648,0.7774097509430193,0.1223351433028108,1.923618623551966,0.2631142114938969,0.0,13.344558822616634,0.812,0.0701120567359223,7.0
7.03318909090909,1.5611111111111111,0.9872569003884856,1.0789611335269278,0.0596025940669777,1.9669171866886992,0.2804101905467145,0.0,13.344558822616634,0.7452000000000001,-0.0077376425064202,4.5
7.467517799999999,1.0623790096792256,0.9876219188858903,0.7879321954673858,0.2251388870784169,3.0060252447977795,0.2847699314362623,0.0,30.33183534230805,1.3279,0.0939653009075289,3.4
7.661340676923076,0.6221000096558231,0.9779227097119008,0.5458610024299022,0.2212330237760098,3.353225274459425,0.2792962088664527,4.39041504767482,23.733674027155736,4.425600000000004,0.1624247525177971,9.0
7.253617647058824,1.0728010437881872,0.9871435010114092,0.7873495405567074,0.0845640410827014,1.8676338909712125,0.2782127046172332,0.0,12.84164324585202,0.5313999999999999,0.0430524188901144,8.4
7.383381538461539,0.671061835260025,0.9728920414825796,0.752720498228455,0.1060565984621217,1.8784775129881184,0.2748250104532309,0.0,13.344558822616634,1.7656,0.1293397726031704,6.1
7.680522202898551,0.602468526275348,0.972815102670407,0.5458627410271276,0.2762009636569484,3.083228568451392,0.2921668533410785,4.39041504767482,42.46456947923127,3.6808000000000014,0.3101871484941594,2.2
7.302695866666666,0.9675578312521506,0.9879882510263543,0.7881077435274355,0.2869869428455779,2.4237949406953985,0.3179455553999495,0.0,30.33183534230805,1.1789,0.0681369397217478,6.3
7.283889913043478,0.5386996904024766,0.911348421146835,0.9614340893956675,0.3393643918193265,1.914341183612352,0.350157791839107,0.0,18.19910120538483,1.55828,0.0991088368244062,9.0
6.941980740740741,1.6428571428571417,0.9871447154965188,1.4831599424998858,0.0,1.149229761516282,0.1959829226247291,0.0,45.95158251401129,2.976700000000002,-0.0533260917522132,0.0
7.289803768421055,0.9522456735303112,0.98714361020757,0.7769807812713032,0.0854391071837293,2.0300418384428496,0.1868518353925749,0.0,76.86317201969248,6.066000000000007,0.0701143936010867,3.1
7.320466162162162,0.8278617294790259,0.9728475856827372,0.7526892129802317,0.0647009768847602,2.6636982521656423,0.2004439393427586,0.0,25.4965990362844,4.515300000000004,0.1329601823800938,3.2
8.17307,0.6655176258228925,0.9772509300420728,0.7436548856994609,0.2714983745223457,2.916666666666667,0.3891327633695578,9.77851570501903,0.0,-1.0293,0.3317034326359889,13.7
7.958920740740742,0.7735466917586583,1.8009999999999986,0.7763029203427773,0.1679050686666853,1.3787834934861751,0.3621368434811013,0.0,0.0,0.0332,0.0701143954655702,1.8
7.249341666666666,0.6304347826086953,0.9109049655435654,0.9616256363826752,0.2131371873569933,1.8799649487271108,0.4263962442450202,0.0,6.923737199690624,0.91998,0.0618342405908647,14.3
7.8957111666666675,0.8661363065207814,0.9871404897602478,0.7760337727029534,0.1158932681916454,1.733660689688186,0.2622382696260177,0.0,0.0,1.4479,0.0706930495695963,5.1
7.189619966101695,0.8232911874614518,0.9721048524732196,0.7414948060209743,0.0850100193282061,2.0469371097526867,0.2046846112786294,4.794537184071822,71.29006748962323,5.026600000000005,0.3326028121928495,2.2
7.086056594594596,0.858216348359898,0.9728125198782428,0.7415790524239609,0.0306049474156894,1.414068775758575,0.1696662210941193,0.0,136.34600081174008,7.974500000000009,0.0475725102110309,3.7
9.300176,0.6323737600319027,0.9715945298958156,0.7342897269961184,0.2460947431623646,2.0458416408851736,0.4124469052873055,0.0,0.0,0.096,0.3097681903271179,11.7
7.600588054794521,0.6575757685418061,0.9726777504048776,0.7415392514363726,0.2793522682487888,2.951707754935374,0.2667656741271939,0.0,48.53093654769288,3.105700000000001,0.3101857384443935,5.5
7.832784685714286,0.6511332788565413,0.9779997737718188,0.7415094021837277,0.2773529070023554,3.2414460711655217,0.3691551106844369,4.794537184071822,0.0,1.2583,0.3391873209160381,3.9
7.136999999999999,0.7058823529411761,0.9110399866656508,0.9616360325064064,0.1705097498855947,1.9473387961875537,0.3572344562218615,0.0,6.923737199690624,1.31008,0.0621137429049083,12.4
8.009845931034482,0.9010300085530748,0.9729561045512533,0.7415674770581917,0.3029421012496471,2.75,0.3763102037360369,4.794537184071822,0.0,1.0903999999999998,0.3351828596363644,14.5
7.521948181818183,0.7538708088544975,0.9729683683764788,0.7416226289311418,0.2618584491808053,2.8104469014038256,0.3088732869800257,0.0,30.33183534230805,1.7038,0.3031777626958256,3.3
7.914942346666669,0.902499311883411,0.987127243180885,0.7771336746070445,0.0781625348329974,1.5693078231812962,0.2292079758600862,0.0,0.0,2.616600000000001,0.0707376701736131,4.1
7.861410153846155,0.9059124054735324,0.9729068890943716,0.7516421323710883,0.2815335464296092,3.321928094887362,0.3691551106844369,0.0,12.13273413692322,0.4199999999999999,0.2213390426940879,5.8
6.953288333333334,1.6111111111111112,0.9871436209956076,1.47906977326579,0.0,1.1307380174672108,0.183938780853696,0.0,58.79322575986332,3.7569000000000026,-0.0533063173371722,0.0
7.99892480952381,0.4593382054405198,0.9925247571425068,1.365858199646,0.2901252843541403,1.918295834054489,0.40701901811629,0.0,35.33461391738825,2.9934000000000003,0.0591803442783615,6.3
7.541672333333333,0.8986794287761681,0.9872569003884856,0.779273057039243,0.1106035408611598,1.4256051990169438,0.2966396176163633,0.0,0.0,1.0428000000000002,0.0437084125246928,2.9
7.493872044444443,0.6926260496158061,0.9574813155143296,0.7520589593590984,0.1172845026999718,3.140840918902885,0.2326836389366616,0.0,12.496841729759891,1.8457,0.1617436648327773,5.4
7.983493454545455,0.9178240694186908,0.9871435010114092,0.7761198217374703,0.1766561463197056,1.919240704636849,0.312990907281605,0.0,0.0,-0.3583,0.0700970203988163,7.8
7.671063004694836,0.7286803822404886,0.9723619825660498,0.7410925320417456,0.1265669190326734,3.3290621670612826,0.2383748779746882,0.0,19.42057892945052,1.598,0.306245105108349,4.3
12.075625,1.5000000000000004,0.9859014831448116,1.4379353223585998,0.1470715996076629,0.9182958340544896,0.355245321275764,0.0,46.40375956093006,3.0682,0.1364417932720134,6.5
8.187891200000001,0.8290753838674165,0.9571474718107532,0.7414729619112923,0.2358713585337066,3.077819531114783,0.3693042503656206,4.794537184071822,6.578935683598497,-0.2921000000000001,0.3297221895423997,13.2
7.382750857142857,0.5670267842992232,0.9938538479446204,1.369793574722204,0.283162529007788,1.650022421648354,0.3696025301680662,0.0,34.12904510333418,2.4491000000000005,0.0174752825114365,5.5
,1.5,0.9193801758673176,0.7110266419693573,0.3858711475777538,0.9182958340544896,0.579380164285695,0.0,0.0,-0.5835,0.3729288194127355,6.3
7.035015889655173,1.2213657969520386,0.9871436102075688,0.7881123308366274,0.0463762833233821,1.8634586962976991,0.1786268502423517,0.0,76.86317201969248,6.016200000000008,0.0430524072288994,2.7
8.19459512,0.2609968604598635,0.9729626587448608,0.6692339372269954,0.3073083712606136,2.6644977792004614,0.5214192468721506,0.0,23.733674027155736,2.2482000000000006,0.2873708938075527,10.7
8.02472448,1.0341310742004053,0.9925247571425068,0.7842605420635391,0.3119913882092726,2.235926350629033,0.3805307530778357,0.0,12.13273413692322,1.0978,0.1568831807254277,11.3
7.957742,0.8970693990740524,0.9878823626483436,0.775955033514127,0.3044547982908954,2.748940047005429,0.343019975278146,0.0,12.13273413692322,1.4008,0.159973721120165,8.2
7.500124763358778,0.841811985636782,0.9574759002787409,0.7766105251985223,0.2118667110308498,3.6140591895934935,0.2521672337058053,0.0,6.076020106833881,3.1732000000000014,0.1191244457687318,5.53
7.229259450980393,0.7145664672063821,0.9939236223702252,1.467974839795286,0.0166110533059422,1.410847874806363,0.2863777487230263,0.0,19.26246486877803,2.557900000000001,0.0335636027699983,5.5
7.260192,0.7017890856783239,0.9773363066878588,1.5559493496824568,-0.1491979190642346,1.5487949406953985,0.4329316468984661,0.0,22.85368109763997,1.4012,0.0002805112836771,8.0
8.16450168,0.753518520643518,0.972888273348238,0.7413686157037009,0.178772572101774,2.035582047970575,0.2868070936805389,0.0,0.0,0.6025999999999998,0.3022073009159102,5.1
7.385038588235295,0.6820987654320987,1.7457761940988596,1.0236900173501575,0.3287799275628358,2.019153461325036,0.3066199320064434,0.0,24.26546827384644,2.2348,0.070143484473273,7.0
7.101616000000001,1.004347826086957,1.751756967318251,1.356945645598636,0.198034016858261,2.3685225277282065,0.2229051360093979,0.0,24.26546827384644,2.5654000000000003,-0.0276026667140096,2.0
8.5624632,0.6114372050112982,0.977280025411542,0.734495164383593,0.2294093866969475,2.1867043459100244,0.454590186267256,0.0,0.0,-0.15,0.3135221833168404,19.2
7.719630210526316,0.6964452556330528,0.972805679764008,0.7414332736413217,0.1382861403577571,2.070950594454669,0.2997416467365091,0.0,13.847474399381248,1.2055,0.3021326858670147,3.7
7.19158147826087,1.0836667319347746,0.9848052414294468,0.7727506923431957,0.0509131669987158,1.589215532724884,0.1946033189082177,4.565048284931329,117.08353594296204,9.2258,0.4742777556126675,5.9
10.5414125,0.7089119487257748,0.9853993120107488,1.445544056283531,0.164148548236391,1.792481250360578,0.5644754678724236,0.0,34.802819670697545,2.5017000000000005,0.1176031867403948,3.1
7.538641999999999,0.729034061492272,0.977184806204124,0.7411469193966849,0.100076532071974,2.9053132638536465,0.2104389018378735,0.0,39.18595937499316,3.9128000000000034,0.3057202878918197,3.4000000000000004
7.050430833333333,1.571293673276677,0.9860010787499066,1.0789568086389052,0.0745032425837222,2.0349409139562287,0.3081027567954393,0.0,6.923737199690624,0.3551000000000001,-0.007990568627305,4.9
8.076590318840578,0.5206536151207547,0.9871656836809144,0.5248476793205021,0.1067510356703809,1.9875168162362653,0.3390616976896284,0.0,19.26246486877803,4.061500000000001,0.4026802828425811,0.0
9.32922342857143,0.7678081254844742,0.9771979003467548,0.5457931097469921,0.3009996350031718,3.084962500721156,0.6105285271744351,4.794537184071822,0.0,-0.7977000000000001,0.3253471361874118,13.3
7.604209166666667,0.9952808913123968,0.9871436209956076,0.7792591568597935,0.1317555937401946,2.04445108611554,0.2929039767107845,0.0,0.0,-0.2322000000000001,0.0487409064207854,10.6
7.686342724637682,0.9227438174640196,0.987143610301766,0.7788223088528737,0.1080202657864721,2.040293038892872,0.2517326599194279,0.0,13.344558822616634,1.2005,0.1005943911381309,6.5
7.781122319327731,0.8189043756587457,0.9725889962417306,0.7515312708294405,0.1944736961337473,3.4625136005158805,0.2589485713622519,0.0,20.771211599071872,2.3655,0.2238584525129429,4.3
7.828569304347826,0.4605991140937646,0.99238315941371,1.344561609884808,0.2918298085623308,2.149761440767598,0.3127342457783236,0.0,71.2010220814672,5.313800000000001,0.078431175024115,5.3
7.535631951807227,0.8294416403419702,0.9778225372396182,0.7518897288478118,0.2131327418088524,2.91185285911126,0.2557611528048178,0.0,32.04657560476608,2.5837400000000006,0.2380661318755977,5.0
8.015182571428571,0.8092511715156911,0.9727498024897984,0.7527158995747181,0.1256921905481719,2.319240704636849,0.2997416467365091,0.0,0.0,0.7363999999999999,0.1321809905270914,8.2
8.674201428571429,0.6732472590882864,0.957305845414918,0.7413467599914665,0.2623417721761155,2.792481250360578,0.40701901811629,0.0,6.578935683598497,0.693,0.3069152048394101,7.2
9.0072,0.527011188066063,0.9869366140699168,1.5292243680767212,0.0650445998848121,1.811278124459133,0.5204260414863776,0.0,34.802819670697545,2.376500000000001,0.1873821853498865,4.3
8.034791710144928,0.9317839488059766,0.9871941857541978,0.7731986138077038,0.288959897462629,3.411727915947784,0.3154027243171242,4.9839785209472085,0.0,1.2575999999999998,0.2214316356382399,12.7
7.309099583333334,0.7057536448110225,0.972892764674697,0.7527199481502374,0.0927995236543565,1.820438145411392,0.2563824720059591,0.0,19.765380445542643,2.1557000000000004,0.1293399488649192,5.7
,1.5,0.0,0.802,0.0,0.9182958340544896,0.579380164285695,0.0,0.0,-0.8247,-0.4115095219374226,16.0
7.957000875,0.7854007980825944,0.9776749031870208,0.7409780690961436,0.2960297990510946,3.155565013329718,0.3463699609650766,4.794537184071822,0.0,1.1788,0.3373460519332535,5.6000000000000005
8.485684857142857,0.6786989357465938,0.987165683680914,0.7787807956037804,0.0693048685429958,1.7723388509380995,0.3437749295636171,0.0,23.20187978046503,2.9528000000000016,0.138065346859613,8.2
7.3231025536723156,0.6384528686560463,0.972705424694264,0.7521317957718514,0.079544201001784,2.574220240125652,0.2046723912500082,0.0,19.42057892945052,4.723500000000005,0.1551972904371737,3.8
7.2664128,1.2661943319838058,0.9773363066878588,0.9810273524673028,0.148789640464818,2.113283334294875,0.3862534428571301,0.0,0.0,-0.9205,-0.001724682438604,8.700000000000001
7.548899676767676,1.0567375711973086,0.9572918621226812,0.7783715841306884,0.203774438309286,3.369592342702339,0.2465362531966454,0.0,24.27512131221871,1.1265999999999998,0.1365340998940337,4.3
7.639694600000001,0.8958257065047547,0.9879900871469448,0.7787803227157003,0.1138365926403291,2.1739731346044096,0.3260752345279584,0.0,0.0,0.1576999999999999,0.0806117934349038,8.2
7.553088000000001,1.1089655172413788,0.9839941003120974,0.9716552359640503,0.1504385160571639,1.9591479170272448,0.3491331268140303,0.0,0.0,-0.5783,0.0010517997389187,5.9
7.6216885283018865,0.633855525318585,0.9780455902899718,0.7415058391555556,0.3116660319254311,2.896339003371468,0.3133033458595711,4.794537184071822,30.33183534230805,2.4386,0.3395353681231276,3.0
8.294400000000001,0.5315533281488518,0.96806844903432,0.7809654803844346,0.1311024146042454,1.570950594454669,0.4729032506370176,0.0,0.0,-0.0052999999999999,0.0148042140882218,16.4
7.58017194117647,0.8183806782209664,0.9728964508930004,0.7415784468097788,0.2839121514414782,3.2015836977483505,0.2838932291147092,4.794537184071822,24.26546827384644,3.7452400000000017,0.3373097462423333,2.5
7.338768923076923,1.065481751877685,0.9571022266440334,0.7881122717159983,0.221918410101415,2.646439344671016,0.3899728733539151,0.0,6.076020106833881,0.1647,0.060931221181301,7.1
7.6888,0.7492750485155949,0.9775062558279196,0.7508043222749254,0.2159864312429426,1.6709505944546688,0.3448619546669418,4.794537184071822,0.0,0.2296,0.3184546747602438,8.2
7.414530969696969,1.043581054895172,0.9848078628301024,0.7727826205599678,0.0868518731154564,1.8649679807002293,0.2531627120526685,4.565048284931329,40.0336764678499,4.544600000000004,0.4742777516396874,6.3
7.79625616,0.2252015080603221,0.9730201423535274,0.6692339613096174,0.3227881111651985,2.148834854280917,0.4536999331391317,0.0,18.19910120538483,1.5948,0.2689216270439583,8.6
7.700404090909092,0.8598294875075919,0.9728924072407752,0.7416041101520026,0.2646948736461235,3.186704345910024,0.3221364682636405,0.0,24.26546827384644,0.806,0.3073147618410642,5.0
7.246592533333334,1.2206632653061218,0.9872569003884856,1.0503012059686296,0.0926712312643148,1.3633800759802648,0.2445721554950698,0.0,20.771211599071872,1.3481,-0.0047438541248239,0.4
7.49861879032258,0.7387789732347607,0.9771848062318172,0.7411457066610782,0.0943578730964325,2.811395138723065,0.2035998653750319,0.0,52.02760262084517,4.693000000000006,0.3057202893348717,3.1
7.907323789473684,0.6726483461865289,0.9721386848795834,0.7409871700852197,0.2282489917334909,2.7395722619867224,0.3582340473570574,4.794537184071822,6.578935683598497,0.7355,0.3323269847170088,6.5
7.30660854054054,0.9600095785440612,0.9889366766977722,1.04347590757625,0.2864066787644328,2.2854752972273342,0.2821057356505198,0.0,18.19910120538483,1.7526,0.0360487258155562,6.300000000000001
7.139943405940595,1.0806006207749674,0.98781929945321,0.7874811684274794,0.1398886102096975,2.4128754146415785,0.2077943559898623,0.0,63.64776814263151,4.685300000000005,0.1182618643370358,4.1
8.012249826086956,0.8313927743481543,0.9925247571425068,0.7874896221493364,0.3010583362817065,2.469670487371862,0.4362537855285536,0.0,23.733674027155736,2.0456000000000003,0.1336666127516892,5.5
7.165177866666668,1.3666666666666665,0.9872569003884856,1.0659176571337006,0.0992210467127124,1.6737949406953985,0.2804101905467145,0.0,13.847474399381248,0.6157999999999999,-0.0077513611275276,2.3
7.461525333333332,1.097980754465885,0.986400585850396,0.7879339438476805,0.0588227098918278,1.871602261409798,0.2966396176163633,0.0,6.923737199690624,0.7771999999999999,0.050903904353539,5.7
7.436683636363636,0.7356101712948188,1.7579129356762655,0.7519637868545566,0.3286553789812679,1.836591668108979,0.4391735523809267,0.0,0.0,1.2795999999999998,0.0902023545085363,1.8
7.257444,1.097980754465885,0.9864005858503968,0.7881155438235883,0.0657139357249032,1.871602261409798,0.2966396176163633,0.0,13.847474399381248,0.6347,0.0453488037875541,5.7
8.874079862068966,0.3640874760889162,0.97152933237857,0.5458604765055395,0.3138175865108517,2.9056390622295662,0.5271146483360875,0.0,0.0,1.6421,0.3111512752475339,12.9
7.7279948,0.9146902714324108,0.9925247571425068,1.0765006587917534,0.2988086733465419,2.521640636343318,0.4180521152260062,0.0,23.733674027155736,1.9222,0.0634914077212632,5.4
7.290317818181818,0.7677742462585104,0.9778111144071452,0.752824023362143,0.0688176382672844,1.698117421130403,0.2304353231482173,0.0,27.694948798762496,2.6477000000000013,0.1329216283938693,3.7
7.053546190476192,1.177415128780667,0.9871436103128648,0.7881178133322011,0.0307505603937095,1.5220103048628786,0.2110847813434559,0.0,51.8694885601727,3.119400000000002,0.043052407228889,2.6
,0.5289160749422536,0.9773363066878588,1.6263675042727723,0.0957804075783577,1.521928094887362,0.6554587535412855,0.0,0.0,1.4215,0.0967063903764919,6.3
8.704936727272726,0.6734733635590818,0.9726328119692296,0.7409202708883122,0.2367076405590146,2.049452072789394,0.4149153817759055,0.0,0.0,0.1793,0.3018471669894446,7.2
7.832180500000001,0.7435967988657985,1.7341994591275989,0.7776643174276499,0.3209328761240662,1.70558726169826,0.2317807073482658,0.0,48.53093654769288,7.063500000000005,0.1306507603430965,3.1
8.094816000000002,0.5149232322768685,0.9474230297841664,0.7532473937931845,0.2745633805631435,2.1280852788913944,0.4911325898456825,0.0,0.0,0.2052,0.1164052831422626,8.0
7.367391223021584,0.7319905204933941,0.9771861862699616,0.7404467650194272,0.0961433509944896,1.9110510372114409,0.2127212878423539,0.0,52.372404136937305,4.7938000000000045,0.3052775141617927,3.9
7.856202689655173,0.8197247866890129,0.9925207658823784,0.7874966306748057,0.2721808970775438,3.10845859334435,0.3858911107998991,0.0,11.600939890232516,2.35402,0.1154448338934133,6.5
7.790731076115485,0.8396567721045772,0.977702669983862,0.7413596212682938,0.0979930730833566,2.8330650823542904,0.1974834206308073,4.794537184071822,13.847474399381248,3.2473000000000014,0.3306609997810494,3.0
7.6416399591836734,0.93439223139324,0.9871398243294384,0.7769464825017804,0.1928621431822637,3.170553828741204,0.2529414993243457,0.0,25.980208536304467,1.6132,0.1189562218907365,7.0
8.130012860759493,0.6987710606226288,0.9714100729583796,0.7525700446928854,0.2893081665446673,3.7697480026487926,0.3581254255311181,13.401775505276143,18.19910120538483,1.7376,0.2645993005328718,21.4
7.611985024630541,0.7150371885297715,0.9771026889643404,0.7411465416780216,0.1100841852791713,3.0592300608580656,0.2225973655621192,0.0,26.34431612914113,2.7425000000000006,0.3054391856300401,3.9
9.471168,0.2343404888048388,0.9680684490343208,0.6688703198285456,0.2804859617776354,2.1280852788913944,0.6562657890890309,0.0,0.0,-0.1071,0.1939973238825851,18.8
8.117993846153848,0.6529187494704736,0.9879914526949274,0.781664287682487,0.1176792273214997,2.1609640474436813,0.507378621416092,0.0,0.0,0.624,0.0944370472868503,7.6
7.366842789473686,0.5775693008957437,0.993879564852242,1.325249021350839,0.291301208940343,1.8753156176197312,0.2956072966275083,0.0,52.328146308719006,3.6023000000000014,0.0253223144007498,3.1
7.172949333333334,1.097980754465885,0.9872569003884856,0.7881221165441719,0.0676512328661611,1.871602261409798,0.2966396176163633,0.0,13.344558822616634,0.7787999999999999,0.0430422834852069,5.7
7.37164208,0.4984183015068817,0.9575068268564944,0.7533166372064743,0.3289114631512208,1.870253816431622,0.3403508251315998,0.0,30.33183534230805,1.4991,0.149548028830363,7.4
7.290753406060606,0.7254183385657286,0.9772333563908104,0.7403101791059256,0.1397320741860003,2.347526140401402,0.2042204495120279,9.589074368143644,90.18842476556458,6.721200000000008,0.3385059659036322,7.0
7.216437,0.8677685950413225,0.993879564852242,1.322392912657578,0.2966167823460482,2.199086165113526,0.2272977056294367,0.0,42.46456947923127,3.148220000000002,-0.0154735978452877,0.8
8.201523733333335,0.6321289002196563,0.9575073037507784,0.7483271987487472,0.3255901711754949,2.5503407095463886,0.4321284572240839,0.0,0.0,1.0920999999999998,0.1848008664958697,14.9
7.525630602409638,0.7955652257871084,0.9779558893787068,0.7508513250816011,0.1591020316037306,1.9364704202969405,0.2746809480321223,4.794537184071822,0.0,0.6956,0.3195686133998781,8.1
7.548247094339622,0.6649158759612808,0.9779829779599418,0.7415112068289298,0.2330013178748523,3.141619525334137,0.3181898332820658,4.794537184071822,13.344558822616634,2.0385,0.3391974126436404,3.1
8.043589217391304,0.702183340810528,0.9779694968273897,0.7319228827609365,0.1971685631520259,2.353533948577482,0.4124469052873055,4.794537184071822,0.0,0.5417000000000001,0.5082899390744735,18.0
7.4680698,0.9076924101819344,0.9938533001088184,0.7874950209611693,0.3133392664197796,2.074087044559035,0.2910563814844882,0.0,30.33183534230805,2.5454,0.1157165246077185,6.3
7.877192399999999,0.6458083398580021,0.9772910155603518,0.7501591942480708,0.253315257144293,3.286125514938817,0.3413328137153022,4.794537184071822,37.255572541998674,0.7004,0.3276510185778574,4.3
7.26823888888889,1.0334438761171376,0.9939236223702252,0.7879643651944308,0.0402242259355711,1.6340649724200549,0.2748250104532309,0.0,19.26246486877803,1.3114,0.0539847748448125,4.1
7.553141364705882,0.577153337024017,0.9777657069858202,0.5450368903072417,0.2394097189375701,3.2662642485876745,0.250489159716679,13.575367279421462,36.39820241076966,5.8570000000000055,0.3262148019156082,5.4
8.029372266666668,1.014329326716579,0.9871447154965188,0.7785327323018963,0.1678078179516547,1.96981578242681,0.3383761626481842,0.0,0.0,-1.0124,0.0698377090131452,12.0
7.3159343396226415,0.8196030973344299,0.9728915040379802,0.7416241326389506,0.0998036309000603,2.084182984933787,0.2795745237229117,0.0,26.186202068468653,2.0414,0.3028395565266827,3.0
7.957791030303031,1.0744579506916128,0.9865813897322364,0.7855893753928549,0.095879751938009,2.0,0.3246987351738496,0.0,0.0,-0.252,0.0767836937808189,7.8
7.526447862068966,0.9675578312521506,0.9929205024247652,0.7874963906543321,0.2851356235814468,2.702819531114783,0.3179455553999495,0.0,17.696185628620217,1.7006199999999998,0.1150944889513926,4.9
7.088979444444445,1.0625,0.9879882510263543,1.3640592288321498,0.2477762828610392,2.2349849223695104,0.2376723944664291,0.0,37.255572541998674,2.249000000000001,-0.0307440828251019,0.6
7.919106095238097,0.914895598415744,0.9871436209956076,0.7773977225325237,0.151950157887083,1.840285573001752,0.2929039767107845,0.0,0.0,0.0317999999999998,0.0701118036641114,9.2
6.718464,1.0886781029263373,0.89,0.7882768712697545,0.2278344730240913,1.7924812503605778,0.4841962570206112,0.0,0.0,-0.3915,0.0319406837177281,12.3
7.400667050847458,0.653922744912146,0.9778889007431868,0.7528003493999764,0.1176209036497851,2.413890986728065,0.2563343946931946,0.0,19.42057892945052,2.3218000000000005,0.1556780915809376,8.2
7.344645161290322,1.2744243932794033,0.9925247571425068,1.0764614802263448,0.2848274009378508,2.748940047005429,0.3066199320064434,0.0,18.19910120538483,1.57722,0.0343208796951809,5.8
7.444792,0.671061835260025,0.9728264003423954,0.7527209387507927,0.1060565984621217,1.8784775129881184,0.2748250104532309,0.0,13.847474399381248,1.6215,0.1295951211737157,6.1
7.5166599,0.6929461684436652,0.9571470437037448,0.7415194445493398,0.1726986125487702,2.712116826819509,0.2988728333479319,4.794537184071822,19.92349450621513,1.5156999999999998,0.3296378757297387,6.2
7.295599999999999,0.5999999999999999,0.9110448428273328,0.9616328107298132,0.3149732235906986,2.4237949406953985,0.3179455553999495,0.0,30.33183534230805,1.75268,0.0669214516694829,12.3
,0.5276224175322448,0.89,1.6472861184600236,0.1015904635552021,1.3709505944546687,0.5904362833084089,0.0,0.0,0.855,0.0108391855738701,6.1
7.383173181818182,0.8092511715156911,0.9728927646746968,0.7416251543416073,0.1122790847625679,2.181496329528676,0.2997416467365091,0.0,19.765380445542643,1.6513,0.3028395550892085,3.4000000000000004
7.595249740112994,0.6926260496158061,0.9771495131429628,0.751882495526323,0.1142826377341943,3.09551380311356,0.2326836389366616,0.0,19.42057892945052,1.9898,0.1896418237955756,5.4
8.00560225,0.9952808913123974,0.9871409367422088,0.7783600945699304,0.1211811147188181,2.218364129593801,0.2929039767107845,0.0,0.0,-0.2354,0.0778511457965667,20.3
8.422115391304349,0.799154726795625,0.992520765882378,0.787488951845684,0.2846086947741581,2.66122625626979,0.4697142679211166,0.0,23.20187978046503,2.699,0.1337734077298626,8.3
7.240530555555556,0.6669428007889543,0.9860010787499066,1.5174019960541516,0.0356699464595554,1.6729330318733675,0.3586342117568435,0.0,6.923737199690624,1.6352,0.0220330463305987,7.8
7.748304875,0.955036088678488,0.9850277795794072,0.7725317581337581,0.2790879645063964,2.7122915104235426,0.2627244811170108,0.0,53.08855688586065,6.256760000000005,0.6465784362375543,12.3
7.567721028571428,0.6321823333537486,0.9779293461848452,0.7518466660323816,0.1677544791661618,2.216917186688699,0.3728286642590996,0.0,0.0,0.2385999999999999,0.2218735635044728,12.3
7.577523225806452,0.5354261715563342,0.9730201423535274,0.7526881630874556,0.2930894090246213,2.441923520601099,0.3092219987250089,0.0,30.33183534230805,1.8892,0.1592984965742936,8.6
7.722956190476191,0.594075567841891,0.9726328119692296,0.7527195676315193,0.1484792378469705,1.854285871987246,0.3347983891019821,0.0,6.923737199690624,0.9854,0.1290650325260376,9.0
7.15609074074074,0.7272842568062674,0.9872569003884856,1.501723429292104,0.0285359571676443,1.6266888497018317,0.3146849835798618,0.0,13.344558822616634,2.0253,0.022285485122089,5.5
6.988248,1.4584295612009233,0.9773363066878588,1.5554896118335804,-0.0685880493295764,1.8799649487271108,0.3862534428571301,0.0,6.923737199690624,0.9361,-0.0126404786360792,6.5
7.522030206896552,1.4186217008797657,0.9929205024247652,1.0749623513594162,0.3056196686632461,2.25,0.3514097655573916,0.0,0.0,0.8510000000000002,0.0314994276104483,0.8
8.094816,1.0164356609353855,0.9474230297841664,0.7422405182502826,0.3283043983778364,2.321928094887362,0.6554587535412855,0.0,0.0,-0.2991999999999999,0.2901288276176125,11.9
7.870507914893616,0.9118418011616316,0.9776985673035976,0.7413975523876978,0.1085353857861861,3.1525924125861686,0.2215173121601091,4.794537184071822,6.923737199690624,-1.5149999999999972,0.3306609998342124,4.2
8.330920111111112,0.5016461407145469,0.9860010787499066,1.551078834953556,0.0699466906690898,1.5,0.5,0.0,0.0,1.464,0.0358892034480996,7.4
8.165910370370371,0.509385213605653,0.9729561045512533,0.6692307943762488,0.3145568978621086,2.840223928941852,0.456101091120817,0.0,0.0,1.3003999999999998,0.2691949560161654,11.9
7.037410630630631,1.208710221860096,0.9871436102074684,0.7881157039913496,0.0241611545950575,1.42956241412581,0.1932452897770619,0.0,71.13195342895074,4.289700000000004,0.043052407228889,3.1
7.550704936170214,0.654702362883802,0.9779523269101578,0.7415166498342508,0.266785383022781,2.6073518144449936,0.284445560596104,4.794537184071822,30.33183534230805,2.2629,0.3302508283772095,8.2
7.362157283018869,1.0100649392455374,0.988435448132414,0.7874859006545978,0.2048141062198489,2.774693951646702,0.2547379046905644,0.0,25.98020853630447,2.824020000000001,0.1187890206084793,3.2
7.9806780602409635,0.8579216278662882,0.9772352648934624,0.7412588190470883,0.1120649970073651,2.7748621288491524,0.2030019474134664,0.0,27.694948798762496,1.785600000000004,0.3111884202841215,3.35
7.215220615384615,1.1111111111111114,0.9930113506961596,1.3518089990936366,0.2357585590613136,2.1280852788913944,0.2243071347541534,0.0,34.88945568047582,2.611860000000001,-0.0397546831624608,0.0
7.640672307692308,0.6239528214683423,0.972837402910804,0.7526971881718163,0.1812207131860718,2.129567987418323,0.2987300025964772,0.0,5.573104530069267,1.5416,0.1520474263569204,6.1
7.6824427488151645,0.7209705852098122,0.9723619825660468,0.7403233192118128,0.1272957041356266,3.2254006330395737,0.2297032684304335,0.0,19.42057892945052,2.1973,0.3063132073402059,3.9
8.092630285714288,0.7403761908458752,0.9780098661240152,0.7319337988265044,0.2354585326670997,2.1219280948873624,0.4729032506370175,4.794537184071822,0.0,0.1532,0.5080088228937092,21.7
7.541891644444445,0.9637601832993888,0.9871405513215687,0.7788737637883824,0.1040356105780715,1.9657678078192216,0.2782127046172332,0.0,13.847474399381248,0.6513,0.0697331443664555,4.9
7.661512272727273,0.6705116360783553,0.9772910155603526,0.7501589832289848,0.147840203689119,2.609090414588857,0.3070203159882775,4.794537184071822,20.771211599071872,1.1849999999999998,0.3276318689614549,6.5
7.653826391959798,0.8581913049272251,0.987180875456966,0.7756374690539461,0.1430612539461461,3.463280517810811,0.2283972069422966,0.0,31.562966104746003,3.163600000000001,0.1652723315794367,3.5
8.2450738,0.673986757854635,0.9729107674475796,0.7414335256127536,0.1896400755368626,2.0930692077718898,0.3621368434811013,0.0,0.0,0.5694,0.3021127777269908,5.3
6.948442222222223,1.6249999999999998,0.9871435010114092,1.4807867747343442,0.0,1.1401156785146092,0.1894485821789581,0.0,52.372404136937305,3.3668000000000022,-0.0533162045438967,0.0
7.708014835443038,0.6662371399707233,0.9772910155603528,0.750160582971388,0.1576962172683935,2.565233200355587,0.3229970667749929,4.794537184071822,26.689117645233267,0.9389999999999998,0.3276318689524743,7.0
7.641463134020618,0.710663258885886,0.9724590413495972,0.741034677060352,0.1158939415863481,3.143837922194635,0.2272774036090962,0.0,19.42057892945052,2.3524000000000003,0.3025656724874257,4.3
7.484992,0.8015212732711281,0.9728920414825808,0.7416261625856708,0.1283189540143634,2.2916201934279385,0.3260752345279584,0.0,13.344558822616634,1.2612,0.3028393755682016,4.0
8.294400000000001,0.5530205911536984,0.96806844903432,0.752617492443219,0.1991539989492154,1.570950594454669,0.3899728733539151,0.0,0.0,0.5952999999999999,0.1262679435601437,10.4
7.191497128205128,1.1119929305113618,0.9872142771136608,0.7881216816322454,0.0563760273884676,1.9447167900528528,0.2721799490905406,0.0,13.847474399381248,1.0248,0.0432963113978193,4.6000000000000005
8.3271096,0.8476764524871245,0.9568728019160788,0.7415952318341411,0.2789886660200178,2.6416041678685933,0.4828168035714125,4.794537184071822,6.578935683598497,0.2569999999999999,0.3271981122452583,6.4
7.567607612903226,0.6433606350977965,0.9772333586501804,0.7403095460006767,0.2552233676366011,2.9817903865399606,0.2493479333330008,9.589074368143644,55.8091283018479,4.000500000000003,0.3388439253750331,11.2
7.479549020408164,0.7209510718836155,0.9779737393741252,0.7415137759796069,0.2000491559451448,2.9464462970962577,0.2585188193895406,0.0,30.33183534230805,2.2131,0.316145295086621,4.0
7.183861333333334,1.0625,0.9925247571425068,1.3564374343053534,0.2621422079800662,2.197159723424149,0.2376723944664291,0.0,24.26546827384644,2.30344,-0.0395114921799696,1.0
,0.6640956094253265,0.9839941003120974,1.6442148160013346,-0.2740940792943281,1.3709505944546687,0.5904362833084089,0.0,47.78983169384804,2.4547,0.1242210391429418,8.2
7.40601261971831,0.6867401897462394,0.9779817098567716,0.7415092712657861,0.2019344754915386,2.934196364505181,0.2843348855630647,4.794537184071822,26.186202068468653,2.818700000000001,0.3391974139946715,2.6
7.32965584,1.2767857142857146,0.9938538479446204,1.0765444837394718,0.3174969535218548,2.005977711423774,0.3403508251315998,0.0,18.19910120538483,1.2688,0.0313475925912186,5.1
7.523556785714285,0.7268466465867592,0.9776321192024297,0.7415305979156646,0.1022018769778999,1.931208948910323,0.2635713530845122,0.0,27.694948798762496,1.8416,0.3078709757987153,2.9
7.753415749999999,0.955036088678488,0.9850283963785889,0.7725186954205332,0.280880063237075,2.7122915104235426,0.2627244811170108,0.0,54.59730361615449,6.256760000000005,0.6466075126307356,12.3
7.943115487179485,0.651969878032588,0.9771170822236724,0.7398025795357495,0.2891159475472473,2.8553885422075336,0.3235262567029445,9.589074368143644,12.13273413692322,1.2597999999999998,0.3382301748364015,10.8
7.253306666666667,0.594075567841891,0.957333958463669,0.7533487223959985,0.148294689727268,2.1887870678023824,0.3347983891019821,0.0,6.923737199690624,0.9854,0.1194797811341422,5.3
7.202808484848485,1.15315679836449,0.987139753268354,0.7879319727974499,0.0326792832732376,1.6772390289896693,0.2284067944444295,0.0,32.60702369139466,2.337600000000001,0.051166683129378,4.9
7.900474181818183,0.6788985585510737,0.9726463592916926,0.751722649508995,0.2118995260591552,1.871602261409798,0.3766684081361096,0.0,0.0,0.0945,0.2184251307903347,11.5
7.532087448275862,0.9675578312521506,0.9925247571425068,0.7874850191488509,0.2870770638730153,2.702819531114783,0.3179455553999495,0.0,18.19910120538483,1.70062,0.1179796186843986,4.9
7.657014857142859,1.0854908015507658,0.9839941003120974,0.7879046370103656,0.0766643793423201,1.780672129520887,0.3315855815233052,0.0,0.0,0.3871,0.0483476118086921,6.1
7.120415914893618,0.9297917155349098,0.972879848083279,0.7416131893996464,0.0720562948456997,2.043985262734452,0.1954266038618317,0.0,70.44235039676647,6.108500000000007,0.3028395565321944,3.1
8.01548551724138,0.9010300085530748,0.9729626587448608,0.7415819507587237,0.3044952534829018,2.75,0.3763102037360369,4.794537184071822,12.13273413692322,1.0903999999999998,0.3389690873607309,12.43
7.358995583333333,0.7057536448110225,0.972805679764008,0.7527198803973736,0.0927995236543565,1.94566030460064,0.2563824720059591,0.0,13.847474399381248,2.0116,0.129350085172342,5.7
7.860979789473685,0.6480722345383483,0.9772322243572958,0.7403044358945701,0.2472642354071042,2.866247897312731,0.2913195781538649,9.589074368143644,12.13273413692322,2.04,0.3384958727330426,9.6
7.616926133333334,0.8197247866890127,0.9878688244886064,0.7881073077148868,0.2721007894975993,2.875,0.3858911107998991,0.0,23.733674027155736,1.8323,0.0681386359428486,6.4
7.286653333333334,0.9802302556421516,0.9879423610299304,0.7881200438783471,0.2578296030243466,2.604807463502868,0.2910563814844882,0.0,30.33183534230805,1.2214,0.0470944874198693,4.3
7.299845631578948,0.7521137096454292,0.9571353286333202,0.7415142206179145,0.1188154636332802,2.4916136404669613,0.240126722193854,4.794537184071822,39.68887495175777,2.9320000000000013,0.3296480407749041,4.7
13.96125,1.4111396543671184,0.9867651470618468,0.5357905992003485,0.1287830270456721,1.811278124459133,0.5204260414863776,0.0,23.20187978046503,2.9189,0.3829756476639305,1.6
7.507229538461539,0.755882928101167,0.9939316247903812,0.7816446843616208,0.1177859880154099,1.7709505944546688,0.3899728733539151,0.0,0.0,0.4051,0.0781424006480376,8.6
8.666288222222223,0.9462528219567262,0.9772146725863072,0.7437779822234021,0.2891833088053114,3.681880802803402,0.4576372227548779,4.794537184071822,0.0,-1.3445000000000005,0.329319248706374,11.3
7.480112699453551,0.7546004253242735,0.9771535866766852,0.7519172757841064,0.0922876985705217,2.8968756214354947,0.221808155841557,0.0,19.42057892945052,2.8108000000000017,0.1896273595136319,4.6
8.278848,0.5470588235294116,0.9020746173538724,0.9612086232462396,0.3197313284552789,1.7924812503605778,0.5644754678724236,0.0,0.0,0.52988,0.058714823771249,18.0
7.84505112371134,0.8372621389257036,0.976938434467775,0.5459687407055682,0.1251200024255147,3.711269294290663,0.2704678498475387,8.955463332606149,25.4965990362844,2.0127000000000006,0.4695082445114008,4.7
7.323329904761904,0.801658286116487,0.9778858615396828,0.7527803577838859,0.0658971598299889,2.6254017792548248,0.210104890268234,0.0,19.42057892945052,3.879200000000002,0.1551972904371741,3.6
7.563554946236558,0.7931471037906843,0.9771535592649252,0.7519167007013641,0.0993540331448675,3.0558239282612534,0.2280262713940913,0.0,19.42057892945052,1.7815999999999996,0.189629162907463,4.9
7.582323113636363,0.7885231136927604,0.9771523279683236,0.7519117633530543,0.1160766236667023,3.326608879595424,0.2326836389366616,0.0,25.4965990362844,1.5576,0.1896291629209311,5.1
7.444714638297871,0.8512864996595021,0.9727752917891468,0.752360545763253,0.0710528219736893,2.7868886476792114,0.2097657784527694,0.0,25.4965990362844,3.630200000000003,0.1613453218977199,3.6
7.5264478620689665,0.9675578312521506,0.9930113506961598,0.7874973002917007,0.2851356235814468,2.702819531114783,0.3179455553999495,0.0,12.13273413692322,1.7006199999999998,0.1153396524534321,5.1
7.576404595744681,0.7112916344153645,0.972806627929832,0.7414343977848553,0.1239972898409274,2.119085046978471,0.2795745237229117,0.0,13.847474399381248,1.5956,0.302123037200498,3.1
8.165910370370371,0.509385213605653,0.9729548688666102,0.6692287914129775,0.3145568978621087,2.840223928941852,0.456101091120817,0.0,6.06636706846161,1.3004,0.272622151001028,11.9
7.767859130434782,0.9287583628348252,0.9572884661984375,0.7761494461617103,0.2144825577792687,3.3219732950832914,0.2608524211799206,0.0,38.63516432673684,1.9891,0.1611493452818957,4.8
7.689398857142858,0.6734733635590818,0.957333958463669,0.7421352597991842,0.2268061406691789,2.4040097573248604,0.4149153817759055,0.0,0.0,0.1793,0.2925654199437486,10.6
7.95230275,0.7617340048141482,0.9771318703987149,0.7203773438856778,0.2545594236945732,3.708228500802584,0.2746185966701379,9.589074368143644,30.360794457424863,2.5208000000000004,0.3430653554665378,5.57
7.353002844444443,0.7061139866417641,0.977148700554492,0.7520777182660935,0.0870853002184994,2.77580231097637,0.2141936321695983,0.0,19.42057892945052,3.695900000000002,0.1612958634071364,4.2
8.23328347826087,0.6997312697001535,0.97768565522876,0.7203567771154246,0.301855390835017,3.2049868557726664,0.3182464233453904,4.794537184071822,0.0,2.5478000000000005,0.3358255779446716,6.6
7.334901416666666,0.95353309817849,0.9929834957898392,0.7868982596164881,0.1233822099019782,3.0087489314965734,0.2211237562942747,0.0,12.990104268152232,3.609200000000002,0.1153706182642203,3.0
6.97292783625731,1.550000000000001,0.9871436102075696,1.473006300142376,0.0,1.0584546687309146,0.1523573829755268,0.0,129.42226361204948,8.048000000000007,-0.0533059727891157,0.0
7.829147614583332,0.8528510554109788,0.977685024435304,0.7413476612045824,0.1011695564232365,2.8760701422226043,0.1992980356559104,4.794537184071822,13.847474399381248,2.218100000000003,0.3306610137508223,3.69
7.585989047619047,0.88281908904482,0.9872569003884856,0.7881222727994452,0.0961871900338055,2.292481250360578,0.4326678928148463,0.0,0.0,0.6075999999999999,0.0441889914879307,5.7
13.329816,1.6428571428571437,0.9871272297261966,0.5241386543906925,0.1730116808273434,1.149229761516282,0.1959829226247291,0.0,0.0,5.287500000000001,0.4596472945667301,0.0
7.030557419354839,1.3034482758620691,1.8334185327453745,1.4410252118645333,0.0,1.198117421130403,0.1955932053937423,0.0,51.36657298340809,3.3668000000000022,-0.0385845779399849,0.0
7.268216451612904,0.8312733377344086,0.9728904373813232,0.7416231143536078,0.0898232678100543,1.999939740888608,0.2635713530845122,0.0,32.60702369139466,2.4315,0.3028395565321736,3.3000000000000003
7.86897104,0.7950067539242631,0.9730201423535274,0.7516250704243567,0.3161803379040867,3.1068905956085184,0.4365587466450685,0.0,0.0,0.1805000000000001,0.2497619496515242,13.1
7.084968070175439,1.1399730544860176,0.9871435010114092,0.7881199342502365,0.0422820205413507,1.6594208586976318,0.2398021753972368,0.0,32.60702369139466,1.9491,0.0430524072235813,3.5
7.36395918918919,0.7582114172377902,0.9728198932820208,0.7414299690764656,0.0921907602385046,1.9862949406953985,0.2396384822086195,0.0,33.10993926815928,2.765900000000001,0.3021330276670788,2.9
8.276382,1.1054567815415877,0.9839267707401118,0.7713660586292838,0.2098962032053674,1.849868722585177,0.405870295720347,4.565048284931329,0.0,1.0337,0.4734672496910246,15.9
7.603674000000001,0.8349672696645223,0.9872569003884856,0.7672659793393192,0.2200164299003553,1.5465935642949382,0.3606812278304233,0.0,0.0,0.2367,0.1454483236263153,1.8
7.090016333333334,1.4495242296300954,0.9872569003884856,1.552478570589205,-0.0581988897471611,1.4256051990169438,0.2966396176163633,0.0,13.847474399381248,1.7594,-0.0096122644807823,3.1
6.999857933333334,1.428571428571428,0.9939236223702252,1.458461047752737,0.0,1.3012407854814618,0.2090686409165615,0.0,39.02784531432067,2.5866000000000007,-0.044280075595161,0.0
7.257577333333335,1.6013793103448268,0.9860010787499066,1.074998073224879,0.1476132829174233,1.918295834054489,0.3491331268140303,0.0,0.0,-1.0962,0.0046132774803365,8.8
7.534526896551724,1.4186217008797657,0.9925247571425068,1.0699947553171696,0.3074920623389435,2.25,0.3514097655573916,0.0,12.13273413692322,0.851,0.0547276247293766,0.8
7.554418471544714,0.8344291336951638,0.9779402209811868,0.7527699934677481,0.2277982657160299,3.295465679180291,0.2396824189730233,0.0,49.38830667892189,3.2414000000000023,0.166426949701901,3.3
7.030557419354839,1.3034482758620691,1.8334185327453745,1.4410252118645333,0.0,1.198117421130403,0.1955932053937423,0.0,51.36657298340809,3.3668000000000022,-0.0385845779399849,0.0
7.860738800000002,0.5014627011214041,0.9871724758941934,1.4385828753419516,0.1570052859768274,2.725480556997868,0.4828168035714125,0.0,17.676959997066398,1.9777,0.0415087865418026,8.2
7.358256444444444,0.7530476914570082,0.9779377135477936,0.7527836353623711,0.1422390865520519,3.0454501601528423,0.2265621275326863,0.0,12.990104268152232,3.817400000000002,0.1385556793477614,4.0
7.945261111111112,0.8345103055190911,0.9871436209956076,0.7758632555671344,0.1835381794948562,1.5645247207974509,0.2929039767107845,0.0,0.0,0.2958,0.070097234761051,6.1
7.157094833333333,1.1261751756952612,0.9872569003884856,0.7881161471988074,0.046938525517788,1.9110928353580845,0.2539707371322467,0.0,26.689117645233267,1.4149,0.0458560746207759,4.3
7.624908685714286,0.5690022875534984,0.97733875170191,0.7511683502037506,0.2434502436747371,2.8120152117071133,0.2664910806026478,10.017825047909064,56.1635828563123,3.7878000000000025,0.2583749765904826,12.5
7.494378666666667,0.6337725585688193,0.9773793465164052,0.7528212813036663,0.1146960637788071,1.6737949406953985,0.2995481027607745,0.0,13.847474399381248,1.3755,0.1318615217296646,7.6
8.123814769230771,0.6732472590882863,0.9571552706546542,0.741004058563819,0.2703083511942765,2.792481250360578,0.40701901811629,4.794537184071822,6.578935683598497,0.3453999999999999,0.3293620268351236,6.7
7.4821635,0.6603998792466851,0.9573138370864828,0.7523711073231036,0.2504515607884229,2.125814583693911,0.4326678928148463,0.0,0.0,-0.2956000000000001,0.2086847180796838,13.7
11.274368,1.0672324445931924,0.9871656836809132,0.524847679320502,0.1763425842087355,2.125814583693911,0.4824524547092748,0.0,0.0,1.4719,0.422901125659,4.5
8.012054117647057,0.8083282169956864,0.9726328119692303,0.7416256351853496,0.1796465356201087,2.4040097573248604,0.4149153817759055,0.0,6.923737199690624,0.481,0.3025584374920559,5.300000000000001
7.127202361111112,0.8611403981353267,0.9776161053220732,0.7410212266387353,0.0794301273323603,1.9770589280299125,0.1914335199113549,0.0,70.44235039676647,6.196900000000007,0.3050018388563643,3.9
7.183142666666666,1.0625,0.9930113506961598,1.3573447274907864,0.2601522526293185,2.197159723424149,0.2376723944664291,0.0,35.392371257240434,2.30344,-0.0397646050489469,0.9
7.315730666666667,1.487206823027719,0.9871447154965188,1.0645316738371255,0.1481794095610732,2.041446071165522,0.2959091116070059,0.0,0.0,-1.506599999999999,0.0074988605866649,13.3
7.518799508771931,0.8781377236561949,0.987143609141766,0.7774863918127721,0.1034868065653027,1.626688849701832,0.2492259133256579,0.0,13.344558822616634,1.8396,0.0699934577770588,4.9
7.731221333333334,0.9380077375368636,0.9110399866656512,0.7881224832314511,0.2381609827517558,2.5219280948873624,0.507378621416092,0.0,0.0,-0.10762,0.064536635371502,18.8
8.4786952,0.8975397973950796,0.9714530357452132,0.7403951177151107,0.2245581695251359,2.5216406363433186,0.408855160427639,0.0,0.0,-0.0642,0.3034324890882517,6.7
8.192001833333334,0.6657919309656436,0.9871447154965188,0.7793218630785117,0.1119288526680594,1.9068905956085187,0.4198284770977515,0.0,0.0,1.4806,0.0601852580231527,9.0
8.192072346666665,0.6989192785064089,0.9713672046467834,0.7525701460099453,0.2605103481253892,4.138830127032207,0.3758582747847908,13.401775505276143,12.13273413692322,2.10752,0.2645993028982514,13.2
7.071637575757577,1.1531567983644897,0.9871436209956076,0.7881192260395771,0.0375840182589783,1.6068636760307755,0.2284067944444295,0.0,39.02784531432067,2.3392000000000013,0.0430524072288793,3.2
7.97961072,1.0341310742004053,0.9930113506961598,0.7871315624895211,0.3101189945335751,2.235926350629033,0.3805307530778357,0.0,6.06636706846161,1.0978,0.1187636737862982,8.4
7.639958978723405,1.0520585087406351,0.9886058859416592,0.7783653477537754,0.2189027233354604,3.576961437244538,0.2745299727058659,0.0,6.06636706846161,0.8794000000000008,0.1365344286258246,3.3
8.2066512,0.2433022375672265,0.9726328119692303,0.669328578731716,0.2175201344813177,2.1609640474436813,0.5301029995663982,0.0,0.0,0.2829999999999999,0.2006460879185858,15.5
8.875008,1.1802413979463162,0.96806844903432,0.7504526550010534,0.2645429501125706,1.75,0.5833333333333334,4.794537184071822,0.0,-0.9762000000000002,0.309056401422831,18.7
7.504017142857143,0.9802302556421516,0.992520765882378,0.7874962372319418,0.2597348491083145,2.720582776146013,0.2910563814844882,0.0,6.06636706846161,2.00904,0.1153593664944788,4.2
