AATS1p,AATS3p,AATS3i,GATS1p,Mp,AETA_beta,AETA_beta_ns,fMF,SIC3,MIC1,PEOE_VSA10,MID_C,piPC9,HeavyAtomMolWt,SMR_VSA10,sp_d
2.372398103333333,1.9443290797403328,155.47774309614414,0.5483742032891515,0.8506572854291417,1.4375,0.875,0.5,0.7210570543488701,27.3269856213344,0.0,12.044270037280167,0.0,142.97199999999998,23.20187978046503,19.2
1.7106469503529411,1.3151612398766783,155.30396463018744,1.10994005285962,0.6561586474110603,1.3611111111111112,0.7777777777777778,0.3529411764705882,0.8452241730691281,22.026271943987943,0.0,13.912088763430573,0.0,116.07499999999996,0.0,18.0
1.858146838888889,1.428381492415091,149.46475581176057,1.0625000000000002,0.666265136393879,1.25,0.75,0.3333333333333333,0.6334896111932238,15.27126357493144,0.0,15.532829208695087,0.0,96.08799999999998,0.0,17.6
2.060484482608696,1.5070992756259132,150.63920318616508,0.8369565217391307,0.7269442025040826,1.5416666666666667,1.0,0.5454545454545454,0.6788239796724709,10.50882045908678,0.0,24.594433723682137,5.731873776697638,144.13199999999998,0.0,21.5
1.885660221428572,1.1237304290911667,163.76544833788196,1.020738202026188,0.6486199600798401,0.4,0.0,0.0,0.5305768217953362,18.05582230080422,0.0,6.996320343559642,0.0,80.11099999999999,11.761884949391115,16.8
1.6925230875757575,1.146398226901182,160.29872059756968,1.399696643077713,0.6226286880783886,0.875,0.3214285714285714,0.0909090909090909,0.6866128235872253,23.299654823299747,0.0,47.3528758839075,5.42012009020057,352.26000000000016,11.9386105759037,16.6
2.1096199516,1.6164705264528236,151.38206963199795,0.7944172677183066,0.7500946888831035,1.6071428571428572,1.0,0.6086956521739131,0.9231079201886944,18.05550167584577,0.0,27.424279321070248,7.743963979492923,170.14999999999998,21.80584986416212,19.6
2.2484108396923075,1.808900069167348,155.2974877304943,0.4791512371005231,0.8221636112390602,1.4166666666666667,0.8333333333333334,0.4615384615384615,1.0000000000000002,34.334684229652794,5.749511833283905,12.143283228246991,0.0,158.971,23.20187978046503,21.3
1.82154359,1.4273223531784287,156.06161525880557,1.0211182782315686,0.6741176130497629,1.25,0.6176470588235294,0.4137931034482758,0.8615163659773635,28.80133711191013,0.0,24.643174457162527,4.817252789942876,220.143,17.845473971041084,18.2
1.551025432923077,0.9162505702389696,167.0490838980761,1.595649943121402,0.5802677755599911,0.4722222222222222,0.0,0.0,0.7739592896825362,14.286133307708308,0.0,14.97486941196042,0.0,112.08699999999996,0.0,16.2
1.5950917552727273,0.963763841752115,166.25036313558812,1.6125294510892936,0.5981497219846023,0.6818181818181818,0.1363636363636363,0.0,0.6878657189069397,19.5138814812056,0.0,35.01762373690883,2.772588722239781,280.194,11.9386105759037,14.5
1.6366238104615385,1.0193111021697998,164.88857114911482,1.1559493338094309,0.6427801934592352,1.1785714285714286,0.5714285714285714,0.3846153846153846,0.958424899318874,25.55276232209065,12.36712938338736,9.893360282592663,0.0,92.05299999999998,0.0,17.4
1.784750853016949,1.4031582710020214,153.08376807421064,1.1300937745194175,0.6317770530367834,0.7596153846153846,0.1538461538461538,0.3035714285714285,0.921559521913216,29.005658353022312,12.207932775496603,44.1944824950538,6.0867747269123065,332.22600000000006,11.566489892729878,19.0
1.6719962066666665,0.9967335788587834,163.11665506367547,1.4285714285714282,0.5995181636726546,0.5,0.0,0.2857142857142857,0.6502045839535272,11.338308144127916,0.0,13.676825320436384,0.0,84.07699999999998,0.0,16.0
1.7811280865714283,1.20532681626188,157.6719899900939,0.7957312854189353,0.6682958939264327,1.4375,0.875,0.4285714285714285,0.7373504649628064,18.36053322697192,0.0,12.044270037280167,0.0,104.06399999999998,0.0,20.0
3.6406,,,2.5,1.2443113772455092,0.6,0.0,0.0,0.3109175070825711,14.708389067971744,0.0,2.0,0.0,153.823,46.40375956093006,17.8
1.954122471058824,1.49103427851563,151.1710893418136,0.9092609920623028,0.6978969696969698,1.355263157894737,0.7894736842105263,0.3939393939393939,0.8993488907313026,25.67292352415356,0.0,32.783139229777504,6.123862485115446,240.173,11.75255023431679,19.5
1.7034772896875,1.0940027981461409,162.74924140861657,1.3416529962340675,0.6377148390718563,1.0833333333333333,0.5,0.1875,0.8827819531114784,26.865638685421217,0.0,23.761030961090363,3.702843994464309,190.137,5.969305287951849,16.6
1.9921304185714284,1.6461409797045938,150.84292969426244,1.5165110829484956,0.7123283603006754,1.4134615384615383,0.8076923076923077,0.4680851063829787,0.6491764967646625,25.742616021602565,17.248535499851716,42.360578342134026,6.410996912427582,347.20100000000014,7.822697123132171,19.0
1.895157633125,1.5545572029258277,159.08359659223584,0.5107668158642313,0.7136059505988025,1.4166666666666667,0.8333333333333334,0.375,0.875,28.022007475583365,0.0,12.143283228246991,0.0,135.533,22.97571243959964,19.0
1.6157976223636366,0.903359240499524,173.19998569064143,1.0045275701854302,0.6317141217564869,0.5,0.0,0.0,0.8605285271744351,26.9410072146931,0.0,5.487436867076458,0.0,87.485,11.600939890232516,17.5
1.5477334418947368,1.0648196966190475,161.17634445856072,1.5371528427241783,0.5875902994011976,0.6875,0.1875,0.0,0.7192842873161823,21.982749485733287,5.783244946364939,10.935581740095609,0.0,104.06399999999998,5.783244946364939,15.8
1.4015513634666668,0.8409992652012424,169.7616955474164,1.6454118475780486,0.5595782185628743,0.5,0.0,0.0,0.6014097655573916,15.889875,0.0,7.198289965647392,0.0,80.04199999999999,0.0,15.7
1.466050490909091,0.9262132584217352,169.20021910708795,1.854318768715476,0.5854853821768229,0.6964285714285714,0.1071428571428571,0.0,0.7975441203011776,22.253006547042705,6.606881964512918,19.06016084703342,1.9459101490553128,184.106,5.969305287951849,16.0
1.2613748463333334,0.8288955129496666,171.1791081722219,2.0921198284791065,0.5503613081529248,0.55,0.0,0.0,0.8180073353228107,18.28878954014677,0.0,5.351713562373095,0.0,68.03099999999999,0.0,16.2
1.278841192,0.5228959588993334,182.33471616627853,1.907253819041806,0.541766999334664,0.4166666666666667,0.0,0.0,0.7632300273809492,14.925861921468176,0.0,3.310660171779821,0.0,40.021,0.0,15.8
1.7239005860000003,1.325234581714286,166.07078700589713,1.0648343938151217,0.6610640433418876,0.5555555555555556,0.0,0.0,0.403508826968349,24.619088483512908,10.120465266056035,10.83210678118655,0.0,158.971,23.20187978046503,19.0
4.0985110775,,,0.7070713165424434,1.3756638323353294,0.375,0.0,0.0,0.5904362833084089,41.37773567522164,2.6457101185676493,1.8660254037844388,0.0,251.723,47.78983169384804,16.6
2.030684088571429,1.58026136938188,158.2119487733335,0.5996550088969206,0.7515471343028228,1.45,0.85,0.4285714285714285,0.9624786378518296,35.4085437214077,5.022633313741326,12.211553912665154,0.0,153.524,17.28832616491608,19.6
1.5250972881818183,1.1797583835111112,158.88421190065665,1.7141808475202944,0.5891461077844311,0.6944444444444444,0.1666666666666666,0.0,0.7210783055808013,22.224242074483364,5.783244946364939,12.755852097377534,0.0,116.07499999999996,5.783244946364939,15.3
1.786906530033898,1.3901790781112924,153.24434936320094,1.1688331674108168,0.6288855431993156,0.6979166666666666,0.1041666666666666,0.3035714285714285,0.8946389567122593,26.13191485875669,5.601050810983688,43.90456603525516,5.988961416889864,300.228,5.783244946364939,18.4
1.7478546397894736,1.3990845759905626,152.2253596431031,1.0935759770299651,0.664996659312953,1.318181818181818,0.7272727272727273,0.3157894736842105,0.9410872157860573,28.28278929688144,5.749511833283905,16.03757691823532,0.0,144.08499999999998,5.969305287951849,18.2
1.9074216932142856,1.4038721905489435,153.0211196804735,1.0286603039755204,0.704118939897982,1.453125,0.84375,0.5555555555555556,0.9473844505291,27.670579704311383,6.606881964512918,26.61794903231368,5.2108513407667605,202.148,5.969305287951849,18.3
1.5914650955555554,0.9338761425098976,166.62706851055475,1.578834283594898,0.5932403403718878,0.6785714285714286,0.2142857142857142,0.0,0.8078347747194918,18.84689269817368,5.783244946364939,10.987950663026256,0.0,88.06499999999998,5.783244946364939,15.3
1.4458157440869563,1.0174768830792662,166.05882784009663,1.4432843669695918,0.5792607584830342,0.6739130434782609,0.0,0.2666666666666666,0.8305599130346862,23.305090398596576,49.33464667875103,25.138517418623906,4.23410650459726,320.12100000000004,0.0,17.7
1.6471827062790696,1.1019785639359394,166.08408693188562,1.9890457495276928,0.6107976456178554,0.6617647058823529,0.088235294117647,0.0,0.5885640316001505,21.544377983007085,0.0,22.38307840644469,1.9459101490553128,239.10199999999995,7.822697123132171,16.4
1.6228151937500002,0.7760212465911667,177.3178451938995,1.417250943203589,0.6283409846972722,1.1875,0.75,0.0,0.7632300273809492,18.099661275690032,0.0,5.215990257669732,0.0,50.04,0.0,15.3
1.8831397876923075,1.6167535308195211,149.45943953305323,1.060643403064857,0.7131323353293414,1.453125,0.78125,0.5416666666666666,0.9567891094945742,31.8965756236254,0.0,25.3509455945906,7.86580406713401,208.128,21.93848871221408,21.9
2.0239672447272725,1.63589437807075,155.18309134315243,0.728444290596247,0.7411381688236434,1.4125,0.775,0.5483870967741935,0.9690396871254088,34.967072829725936,0.0,31.614086616297072,6.829996419673711,275.63,28.907190897038284,15.6
1.2421129826,0.6225245861383333,181.78450433839387,1.700902875039778,0.5394420794774087,0.5,0.0,0.0,0.8423282765538793,18.29417463571279,0.0,3.560660171779821,0.0,54.028,0.0,17.0
1.8474716000615383,1.455739428027227,154.53566270004163,1.470951347248466,0.6504422445431718,0.828125,0.203125,0.2741935483870967,0.9234352329742264,38.77348680161572,12.207932775496603,46.20324654841451,6.464588303689961,442.2060000000002,19.38918701586205,18.6
2.07130935,1.4243253625824348,153.8447658070346,0.8362181634699226,0.742697604790419,1.65625,1.125,0.4615384615384615,0.9011575366850628,17.727556627453012,0.0,13.966437938660173,0.0,98.08399999999996,0.0,17.4
1.5209338914285715,0.9218518367632726,169.60779490687918,1.6083930089953478,0.6103131337325347,0.8928571428571429,0.3571428571428571,0.0,0.8506077525009399,24.976714770675,0.0,9.066061399011096,0.0,92.053,5.969305287951849,15.5
1.8024092526206887,1.4001589117490385,153.07272708581326,1.1430543190888072,0.6345322808927601,0.76,0.16,0.3090909090909091,0.9071946064072306,28.41874531054402,6.606881964512918,44.19192714381574,6.028278520230698,316.22700000000003,11.566489892729878,18.6
1.6367637385000002,1.5525718616231885,154.1484615564681,1.2374632249105566,0.647754859511746,1.3571428571428572,0.6904761904761905,0.3333333333333333,0.8094208427896814,30.484394135205875,5.817862777835028,28.698209031883355,6.498564489132914,272.179,11.766202058821523,14.3
1.7775390150666666,1.2828847956184444,159.05449209638513,0.786291340691685,0.67305249500998,1.45,0.85,0.4,0.9999999999999998,29.28903671700673,5.749511833283905,12.21331031785525,0.0,134.07,5.687386274683562,19.9
2.1122738867368422,1.80815613987396,150.5365666442196,1.0929265185299912,0.7377962242182304,1.3478260869565215,0.6956521739130435,0.4722222222222222,0.9274125779787372,46.14821677859021,0.0,28.84994240650281,6.8462787318803855,338.30500000000006,32.274880457546594,19.2
1.800379304,1.2188371002689742,158.19941798012542,1.020081689704107,0.656474314528837,1.1944444444444444,0.6666666666666666,0.3157894736842105,0.8915274445509752,18.93403427358788,0.0,15.983918379827625,0.0,112.08699999999996,0.0,18.2
1.8184559303859649,1.408699083278189,153.0755764203968,1.1172718746822918,0.640388157019295,0.8173076923076923,0.2115384615384615,0.3148148148148148,0.9203418238044933,29.754222160431787,12.893042487642472,44.46732751192594,6.115892125483034,332.22600000000006,17.852650415859433,19.0
1.8868979690666667,1.3367094679776297,154.17752219151282,0.8654456785159361,0.6904095009980039,1.3888888888888888,0.8333333333333334,0.4,0.9188632257835572,21.73168605805376,0.0,14.121031945993668,0.0,116.07499999999996,5.969305287951849,17.63
2.0173409078,1.5316088447849,150.01772614143243,0.7577867495043098,0.7197082886857863,1.5227272727272727,0.9545454545454546,0.5263157894736842,0.9008804575298364,17.503777751780333,5.749511833283905,20.74112296367504,6.290099599665153,136.10899999999998,10.772448428929591,19.7
1.3538879852631578,1.2322007325,154.4671176153,2.044174942162181,0.5794465868263472,0.84375,0.1875,0.0,0.3866215628231586,16.729337440288624,0.0,8.711846462083853,0.0,104.06799999999998,6.031114512338072,16.7
1.84708703812766,1.3793224550720555,153.28799062999917,1.0301278069158473,0.6487075666848123,0.925,0.325,0.3863636363636363,0.9135987000779996,26.234547269790404,5.749511833283905,38.22048781699207,6.354152625860088,248.196,0.0,18.4
1.2591787672727273,0.6634962522946667,182.53840950370417,1.5955350267135038,0.5426319361277444,0.5,0.0,0.0,0.5350950905814502,12.274353857778454,0.0,3.560660171779821,0.0,52.036,0.0,16.6
1.4869820821176472,0.935439559997077,164.83586350217402,1.655711088991783,0.5706425815036593,0.4583333333333333,0.0,0.0,0.7134271000492676,16.95548394942719,0.0,8.993345291466875,0.0,76.05399999999999,0.0,15.3
1.5941735055555557,1.1333600524729337,168.2337039340536,2.1899299237925223,0.6131714465805231,0.9444444444444444,0.3333333333333333,0.0,0.6095956897791651,26.81316654309797,0.0,7.069083691207961,0.0,144.10699999999997,10.399000581649606,15.8
1.573707453,0.9235261750709524,166.83506044816502,1.5760170887710836,0.5837678461259301,0.4772727272727273,0.0,0.0,0.6289043624368857,12.642768120523394,0.0,19.122059952263623,1.0986122886681098,136.10899999999998,0.0,16.0
2.7402971550000004,,,0.5003246321953556,0.9860582035928144,0.4166666666666667,0.0,0.0,0.8277293767706428,59.68086892578129,0.0,1.7071067811865477,0.0,127.368,27.530883788181864,17.4
1.844903348533333,1.445351638024069,159.86834362424733,0.9291518449305766,0.6852392525294242,1.3375,0.7,0.4482758620689655,0.9662490161715152,37.05497578457888,11.381314269532025,27.19336094180643,6.333168609543962,273.14899999999994,17.47455434047044,16.8
1.82445113475,1.336599309329207,153.0007692959723,0.9489330735042038,0.6671535928143713,1.34375,0.8125,0.375,0.8944548827786958,20.2259420873637,5.749511833283905,13.78883988531615,0.0,100.07599999999998,0.0,18.2
1.639699222352941,1.20713787058275,159.84682635856686,1.3801491703881836,0.6160315956322651,0.890625,0.28125,0.1764705882352941,0.7903458454515236,24.77386438654933,5.41499046939678,21.608047387118184,2.19722457733622,208.13199999999995,17.845473971041084,16.4
1.4173938914285713,0.8505335409922963,171.2902151647738,1.8668973522568912,0.5824783575705731,0.6666666666666666,0.0,0.4285714285714285,0.3621368434811013,13.083772340200518,0.0,7.875,0.0,80.04199999999999,0.0,19.0
1.5635396508965518,1.0354251195443869,161.63476795474173,1.584716136869182,0.5821928143712577,0.475,0.0,0.0,0.5583112581394287,16.078997193460737,0.0,16.590666125765217,0.0,124.09799999999996,0.0,14.9
1.3421850515789473,0.806982847547143,178.2565809205805,1.619043880668556,0.5583326047904191,0.5714285714285714,0.0,0.0,0.6529326802603611,14.2946241011601,0.0,7.505742693252298,0.0,90.065,0.0,16.7
2.1618101291666663,1.4985243904474286,156.95224364162746,0.6737422316270444,0.7751479540918162,1.4642857142857142,0.9285714285714286,0.5,0.8894714728255649,21.03115706516498,0.0,11.93147705632526,0.0,107.51899999999998,11.600939890232516,19.0
1.8046020964827585,1.387001670965519,153.23603175774284,1.181522969982754,0.6315881981491563,0.6956521739130435,0.108695652173913,0.3090909090909091,0.8922409442372237,25.27066174469444,5.783244946364939,43.89582424044212,5.910796644040527,284.229,5.783244946364939,18.0
1.3286690611111112,0.6457230848729334,183.3235377985996,1.8416232226201987,0.5615547904191616,0.85,0.3,0.0,0.7966576244513051,23.766465870067734,0.0,3.457937420778068,0.0,70.027,0.0,16.0
1.5510254329230766,0.9801332471480606,164.71038197604884,1.595649943121402,0.5802677755599911,0.4722222222222222,0.0,0.0,0.7701408015872945,15.89188855728092,0.0,14.952187757467987,0.0,112.08699999999996,0.0,15.9
1.5147342008,0.8643767347578333,168.71509286440576,1.6288193170964724,0.5747676646706587,0.4642857142857143,0.0,0.0,0.7966700046713838,14.486440725749736,0.0,11.133154082823404,0.0,88.06499999999998,0.0,15.8
1.978752214055556,1.670465386731974,153.60374794659649,0.8333089231262183,0.728642286016203,1.380952380952381,0.7380952380952381,0.5,0.9450218559700764,34.867265064465684,0.0,33.35450380754963,6.902397200080597,287.641,28.907190897038284,21.9
1.4304028733333334,0.4896904454244999,185.0509643601995,1.7367135638072904,0.5824783575705732,0.9166666666666666,0.5,0.0,0.7580392711198944,16.982782825603262,6.286160523129555,3.310660171779821,0.0,40.021,6.286160523129555,14.7
1.951222155,1.1617575785282857,158.44569299858546,0.9166666666666666,0.699638622754491,1.5,1.0,0.5,0.2789429456511298,6.509499999999999,0.0,11.8125,0.0,72.06599999999999,0.0,18.4
1.8123881894444445,1.0755405466074512,165.58488776896354,1.03369205645962,0.6498577178975382,0.5357142857142857,0.0,0.3333333333333333,0.6334896111932239,17.59892917334208,0.0,11.93147705632526,0.0,107.51899999999998,11.600939890232516,17.3
1.4293708141714287,0.9785173720744532,166.4450011221651,1.8790120593957864,0.5751404856952763,0.5892857142857143,0.0,0.0,0.6948484235284589,20.16887742859924,0.0,18.84514676020867,1.3862943611198906,184.106,0.0,15.3
1.4358969536,0.7337867411231764,173.80024372399083,1.577948170175632,0.5778311377245507,0.8,0.3,0.0,0.8224908743082041,22.233519752618182,0.0,5.383749402497032,0.0,68.031,5.969305287951849,14.7
1.3939777239999998,0.7893129145282857,171.39889732594256,1.838190752455256,0.6037827544910179,0.9583333333333334,0.25,0.5,0.7591760034688151,22.845163189197088,13.213763929025836,5.953770259025757,0.0,84.02999999999999,6.155365629538759,19.4
1.7464801549999998,1.088056428568923,170.88324365780662,0.9689516285010604,0.678201497005988,0.65,0.0,0.3,0.8795880017344075,29.56588793812209,0.0,5.621419582879888,0.0,87.48499999999999,11.600939890232516,18.9
1.5147342008,0.9675639239142916,164.0949708609945,1.6288193170964724,0.5747676646706587,0.4642857142857143,0.0,0.0,0.7369361072666522,16.34249054534567,0.0,10.832301424836336,0.0,88.06499999999998,0.0,15.4
1.9801075979310343,1.385023016161714,152.91014100484747,0.9310344827586204,0.6996386227544912,1.3928571428571428,0.8571428571428571,0.5,0.6916200304583038,13.843840483941626,0.0,28.59004649063333,5.432902890880455,168.15399999999997,0.0,18.6
1.7490240544827584,1.0923564810754516,161.00749548494,1.3034482758620691,0.6138210863986314,0.55,0.0,0.3571428571428571,0.4948216913570485,9.881818863142238,0.0,20.658424477801383,2.5649493574615367,120.10999999999996,0.0,18.8
1.7221730266666666,0.8258764133224545,167.6233450674952,1.1532377432786205,0.6752609447771124,1.4,0.8,0.5555555555555556,0.7896900821428475,17.74273827479838,0.0,7.75,0.0,64.043,0.0,17.8
2.0135576008571427,1.7002894832832665,152.59517666378568,0.86167704000302,0.7361696425331157,1.4125,0.775,0.5151515151515151,0.9308576902429788,32.97547061553364,6.544756405912575,33.27655314719868,6.804441278893159,271.642,28.907190897038284,15.9
1.5888321549999995,0.7646894014496667,171.7547464543372,1.5013841133143917,0.6130118762475049,0.875,0.25,0.4166666666666667,0.8605285271744351,24.41629737356023,0.0,7.899325777217491,0.0,80.04199999999999,5.969305287951849,19.0
1.5209338914285715,1.2611408436842104,151.7949536017211,1.6083930089953482,0.6103131337325347,0.8928571428571429,0.3571428571428571,0.0,0.8035987149258059,24.899754170411768,0.0,8.985909636681747,0.0,92.05299999999998,5.969305287951849,15.8
1.858146838888889,1.4588791980165758,149.63041983262266,1.0625000000000002,0.666265136393879,1.25,0.75,0.3333333333333333,0.6334896111932238,15.27126357493144,0.0,15.533409733352132,0.0,96.08799999999998,0.0,17.8
1.7478546397894736,1.4033233450170937,152.2239270190468,1.0935759770299651,0.664996659312953,1.318181818181818,0.7272727272727273,0.3157894736842105,0.9163073301685164,28.28278929688144,11.3129633249809,16.031214431726415,2.1510351948668447,144.08499999999998,5.969305287951849,16.0
1.2898342698461538,0.7438357977644815,173.2568199456793,1.6392897866757528,0.545352609067579,0.5416666666666666,0.0,0.0,0.7373504649628063,16.717403917460473,6.103966387748303,5.62117368856384,0.0,84.03,0.0,17.4
3.6271412314285714,5.08772083387211,153.97536415976103,0.5954065732942884,1.2629929640718562,0.4166666666666667,0.0,0.0,0.5,46.4615,0.0,3.872934051172336,0.0,343.638,63.719775591797394,22.7
1.4974963002857145,1.1370067421322891,166.33970529939978,1.7495014889630809,0.595460273738238,0.7857142857142857,0.1071428571428571,0.1714285714285714,0.7088723576607364,19.741581826535604,0.0,19.05383101084181,1.6094379124341005,178.12999999999997,6.031114512338072,16.4
1.8116091808333328,1.2912673083899215,156.1719859973507,1.15,0.6495783932135729,1.1,0.6,0.25,0.6591232116726952,16.9041583989721,0.0,19.56874260965424,0.0,120.10999999999996,0.0,18.0
1.5544273863157896,0.8684712732528,168.3247239040928,1.6666666666666667,0.5794940718562873,0.4166666666666667,0.0,0.0,0.5660527641737118,9.93078633505631,0.0,10.839150429449552,0.0,72.06599999999999,0.0,14.9
1.854301959090909,1.151091217611529,163.36354641310567,1.0247501126043033,0.6959153511159498,1.5833333333333333,1.0,0.5454545454545454,1.0000000000000002,18.62131713733907,0.0,9.84375,0.0,74.062,0.0,19.0
1.9710175,,,0.5790757456959892,0.7653892215568863,0.55,0.0,0.0,0.5904362833084089,51.084527583096126,0.0,2.0,0.0,148.909,15.929943897949348,9.6
1.5662525859999998,0.9363253612896,167.0942260342571,1.5759250282573132,0.6072288565725691,0.8055555555555556,0.2777777777777778,0.0,0.8617186471562275,24.066439532367195,0.0,12.990343070703585,0.0,116.075,5.969305287951849,15.6
2.4900110342857142,2.135091802155112,169.09262468784402,0.5128429920617948,0.9062254491017964,0.375,0.0,0.0,0.5,46.4615,0.0,3.560660171779821,0.0,183.83,31.859887795898697,19.6
1.4473361982857145,0.7815675183194666,171.3471382471428,1.6965599023193283,0.5648674650698601,0.45,0.0,0.0,0.8164800158596313,15.78739280034704,0.0,7.168655300614687,0.0,64.04299999999999,0.0,16.0
1.9415178033125,1.490795220257855,153.67118449782382,0.9054073790806688,0.6930521344407963,1.3472222222222223,0.7777777777777778,0.3870967741935484,0.9250568525358428,27.92241166956936,5.817220841045895,30.82572078797577,6.385721241642017,231.161,5.969305287951849,19.4
2.390100442173913,2.100881011614021,148.6431916990747,0.553514428229721,0.8505049265106156,1.4833333333333334,0.9,0.5454545454545454,0.9311480997434252,29.225571753209884,0.0,24.86339853839841,6.172548359045047,250.491,34.802819670697545,19.2
1.5001648538461536,0.7791907250957038,170.9889728002587,1.75,0.5709123182207013,0.375,0.0,0.0,0.4838978847239801,9.983547306657968,0.0,6.871320343559642,0.0,48.044,0.0,14.1
1.421296586,0.8919292207568571,172.036555489924,1.919241081863788,0.5824783575705731,0.75,0.1666666666666666,0.0,0.8318516984538616,22.857600860943315,6.606881964512918,11.124940923420825,0.0,120.06299999999996,5.969305287951849,15.9
1.6261576291666664,1.0805618428635362,169.05828185650992,1.430110414168417,0.5830820858283433,0.6071428571428571,0.0,0.25,0.5908767883273048,21.575077993401607,0.0,16.568786353529255,0.0,210.076,0.0,12.5
1.7695673606399998,1.374770791131,152.47499475850557,1.118186328365644,0.6428048383233533,1.1136363636363635,0.5909090909090909,0.24,0.7909955733778441,22.16687220388072,5.749511833283905,19.4750366056472,0.0,136.10899999999998,0.0,16.5
1.3318406928750002,1.0198137090364667,164.3251616718231,1.970364908205491,0.5606454033110251,0.5833333333333334,0.0,0.0,0.6904483461382558,18.04948397334753,0.0,7.037640020780648,0.0,78.04999999999998,0.0,16.1
2.054021940461538,1.4925218418129564,156.66160968034688,0.6104022689056575,0.7524626900046061,1.4375,0.875,0.4615384615384615,1.0000000000000002,28.582240714214045,5.749511833283905,12.039133558239683,0.0,123.518,11.600939890232516,19.3
1.7603281344782606,1.281361177317359,158.57828909968447,1.1931404351251609,0.6503363459128256,1.0113636363636365,0.3409090909090909,0.4186046511627907,0.8906705425713152,30.94715754711953,24.2298052094063,35.44043284999099,5.12359188637571,282.18999999999994,5.969305287951849,19.200000000000003
1.5736630740799995,0.9787372443019632,165.97203302147568,1.61796911678637,0.5932403403718878,0.5803571428571429,0.0357142857142857,0.0,0.6757363307573152,18.09485492320639,0.0,47.16308178958517,3.367295829986474,352.2600000000001,0.0,13.3
1.588832155,1.1080158917936251,159.5088803145108,1.51345195512385,0.6216745508982036,0.875,0.25,0.15,0.8755776673507595,28.207468320030912,12.71084835226122,13.225871118070208,0.0,132.07399999999998,5.969305287951849,16.3
1.6269989212765956,1.0106230341106273,163.6175717184022,1.5323376211099842,0.6028915918163673,0.6527777777777778,0.1388888888888889,0.0,0.638092355155599,18.42077251794577,0.0,30.78663955634744,2.4849066497880004,224.17399999999995,5.969305287951849,14.4
1.8105570022745097,1.3986092399616792,156.23332873154223,1.1152801795156508,0.6637603792415169,1.125,0.4791666666666667,0.3958333333333333,0.9449605096562934,33.01041017767415,5.749511833283905,41.79966349628931,7.198674294376859,300.232,10.902924932081056,20.72
1.793757048588235,1.373224614377355,155.54199367163704,0.7827986593095808,0.6714177879535047,1.375,0.8,0.3529411764705882,0.9712175832802088,26.72814583078759,0.0,14.222277029634736,0.0,130.08199999999997,11.656691562635412,17.3
1.5109339844444445,0.824156148,169.15341220452498,1.6577428677265036,0.5875902994011974,0.8125,0.375,0.0,0.4729032506370176,15.328173054669644,5.783244946364939,5.110042339640732,0.0,52.032,5.783244946364939,15.5
1.8199027760769229,1.3758256242912084,153.23939214066831,1.1485793495659946,0.6355151411462789,0.7142857142857143,0.119047619047619,0.3469387755102041,0.8927388372807967,24.58825284794889,0.0,39.9726651906922,5.752572638825633,260.20699999999994,5.783244946364939,18.3
1.82445113475,1.3319220469551036,153.0023501225172,0.9489330735042038,0.6671535928143713,1.34375,0.8125,0.375,0.9257048827786958,20.2259420873637,5.749511833283905,13.78604588620706,0.0,100.07599999999998,0.0,18.0
1.820687245192982,1.4168382374687556,152.54172364811825,1.1562964621429066,0.6373895542248837,0.7604166666666666,0.1666666666666666,0.3148148148148148,0.8897405402071389,26.71634289591383,5.601050810983688,43.90456603525516,5.983936280687191,300.228,11.566489892729878,18.4
1.982392115375,1.5804649317534138,151.91930596851998,0.7121159979631233,0.7237855913173653,1.3333333333333333,0.7777777777777778,0.375,0.9257048827786958,31.477699562947063,5.749511833283905,13.888114958876676,0.0,135.529,11.600939890232516,20.3
1.6143166005,0.9422495643276844,167.50243556884348,1.3490570609957493,0.5924643413173653,0.5357142857142857,0.0,0.3,0.6586040494376154,12.440914657036652,0.0,11.93147705632526,0.0,86.07299999999998,0.0,17.2
1.4962919642424242,1.0805269828186137,161.84576984601065,1.8021930642717592,0.5807228953856993,0.5416666666666666,0.0,0.0,0.3954664616479688,15.336503255076543,0.0,18.16785037576836,0.0,152.10799999999998,0.0,14.7
1.628072308,1.231966518068656,160.99058820174082,1.3376093802966862,0.6219764311377246,0.9807692307692308,0.3461538461538461,0.24,0.6941354464635174,25.748824421279096,5.41499046939678,15.791269749526824,0.0,172.099,17.845473971041084,16.7
1.6116230286486486,0.9415189944722424,166.14488389813894,1.5833333333333337,0.5889791679798301,0.4583333333333333,0.0,0.0,0.4533202832557829,9.150633290263617,0.0,22.82859467638218,1.3862943611198906,144.13199999999998,0.0,16.0
1.7453082324999998,,,0.8078260634706176,0.7006441916167666,0.375,0.0,0.0,0.5904362833084089,22.48731581049848,0.0,1.5,0.0,47.464,11.600939890232516,15.3
1.752380172222222,1.2341202583333333,154.87851079908333,1.1975585933459605,0.6655068862275448,1.25,0.8,0.0,0.7966576244513051,21.606255121190724,0.0,7.032244307524827,0.0,62.051,0.0,15.8
1.7372166525,1.288087033437862,160.18541249207237,0.7371197601210361,0.6569739520958084,1.4375,0.875,0.375,0.6875,16.770249999999997,0.0,12.037665992799544,0.0,100.07999999999998,11.374772549367124,19.5
1.3860652869090908,0.7252025109496667,172.8814098118973,1.7657684285788298,0.5562047904191615,0.4375,0.0,0.0,0.5929809818837098,14.300934176108344,0.0,5.110042339640732,0.0,52.032,0.0,15.8
1.1513657820000005,0.4896904454244999,185.0509643601995,1.5361933463124038,0.5561256487025948,1.0,0.5,0.0,0.8710490642551527,19.068882665830262,0.0,1.7071067811865477,0.0,42.017,6.410095306116121,17.2
1.4043670564285715,1.1556242080909092,161.19191649418866,1.9039877258552225,0.5821611576846306,0.8333333333333334,0.25,0.0,0.6200787307854372,19.173104190501384,0.0,6.924500897298753,0.0,78.05,5.907179729351506,16.8
1.5250972881818183,0.9964299841742128,164.4664600217253,1.7141808475202944,0.5891461077844311,0.6944444444444444,0.1666666666666666,0.0,0.7475569342917416,22.224242074483364,0.0,12.886018544265593,0.0,116.075,5.969305287951849,15.3
2.0540219404615385,1.5014173278498697,156.6610719259777,0.6104022689056575,0.7524626900046061,1.4375,0.875,0.4615384615384615,0.958424899318874,28.582240714214045,5.749511833283905,12.044270037280167,0.0,123.518,11.600939890232516,20.3
1.8003793039999996,1.4572001056242572,149.85782173286714,1.0200816897041067,0.6564743145288371,1.25,0.7222222222222222,0.3157894736842105,0.783054889101951,20.7039382599913,5.749511833283905,15.633839062813555,0.0,112.08699999999996,0.0,17.0
1.30706565325,0.7719657535396001,174.79042026408626,1.893093138336282,0.5549112363508277,0.5714285714285714,0.0,0.0,0.6546109993625047,16.439508480960427,0.0,7.505742693252298,0.0,96.041,0.0,16.6
1.40360930544,0.9029222304957254,167.84223903466437,1.896654439266096,0.5703520958083833,0.575,0.0,0.0,0.7359930916351155,18.67055312701328,0.0,13.29784902377409,0.6931471805599453,132.07399999999998,0.0,15.5
1.3188555471578949,0.8943280011057576,170.0958136610815,2.0535050525148915,0.5616022754491018,0.59375,0.0,0.0,0.7424221086321582,17.641341947853824,0.0,9.33317775766973,0.0,108.05199999999998,0.0,16.2
1.36390009584,0.915154533408492,168.1398917393339,1.45638950212495,0.5565891754951635,0.5833333333333334,0.0,0.0,0.7217936222763713,17.238913878254266,24.41586555099321,11.845117911641127,0.0,168.05999999999997,0.0,18.6
2.001960308604651,1.548274775570156,156.15725574323037,0.880749536441861,0.7222676796407186,1.315217391304348,0.6739130434782609,0.525,0.9212931516386916,33.48408067038436,6.544756405912575,39.48875531106791,6.979319840836906,307.67500000000007,28.907190897038284,15.7
1.5270094695555554,0.7814087287396,176.7684016089396,1.3167948518508692,0.6135308383233532,1.1,0.6,0.0,0.8795880017344075,22.80553270564988,0.0,5.487436867076458,0.0,66.03899999999999,0.0,17.2
1.982392115375,1.5097737916465337,154.06284080162257,0.7121159979631233,0.7237855913173653,1.2777777777777777,0.7222222222222222,0.375,0.96875,29.01075,0.0,14.068915662215288,0.0,135.529,11.600939890232516,18.7
2.442799738923077,2.125278296521739,153.93336578064174,0.3984736122430057,0.8918645324735144,1.4,0.8,0.4615384615384615,0.958424899318874,36.84003392806427,0.0,12.2440380348804,0.0,194.424,34.802819670697545,19.6
1.82445113475,1.3319220469551032,153.0023501225172,0.9489330735042038,0.6671535928143713,1.34375,0.8125,0.375,0.9257048827786958,20.2259420873637,5.749511833283905,13.785247600747317,0.0,100.07599999999998,0.0,18.3
4.843,,,1.5,1.4910179640718564,1.0,0.6666666666666666,0.0,0.579380164285695,18.85098987247081,0.0,1.7071067811865477,0.0,76.14500000000001,28.74989105419986,20.5
1.7811280865714283,1.20459557894792,157.67197461271593,0.7957312854189355,0.6682958939264327,1.4375,0.875,0.4285714285714285,0.9249572757036592,18.36053322697192,11.49902366656781,12.039133558239683,0.0,104.06399999999998,0.0,18.0
1.4473361982857145,0.9399114128,162.74106640787497,1.6965599023193283,0.5648674650698601,0.45,0.0,0.0,0.4320425804849019,13.581462547781342,0.0,6.875,0.0,64.04299999999999,0.0,15.2
2.0041633604210527,1.6812585852543545,153.5718635771565,1.2333453497516098,0.7173371423819029,1.434782608695652,0.782608695652174,0.5,0.9381584892908076,39.334812572747126,5.817862777835028,31.058807325338,6.827866205339622,318.249,27.50749853225029,18.9
1.7639791081142857,1.3669869286733365,154.388197406348,1.1881470454327836,0.6330946644025381,0.8257575757575758,0.2121212121212121,0.2537313432835821,0.9175505206264158,32.11864454216148,5.601050810983688,52.39590817736281,6.18826412308259,428.2670000000002,23.50510046863358,18.5
2.077007317777777,0.824156148,169.15341220452498,1.3190451293579255,0.6612429940119761,0.8125,0.375,0.0,0.4729032506370176,21.99063204177574,0.0,3.244016935856292,0.0,72.088,10.799569042904308,18.4
1.9673504185714283,1.35965007837584,152.96178853430385,0.9264341045952984,0.7054216424294267,1.46875,0.9375,0.4285714285714285,0.9107950720287574,17.78389205754422,6.286160523129555,13.966437938660173,0.0,100.07599999999998,6.286160523129555,19.4
1.3434991184,0.7728687522291852,174.81312954485327,1.9440730303580591,0.5595782185628743,0.5416666666666666,0.0,0.0,0.8319548827786958,17.16371791240187,0.0,7.254822779142209,0.0,80.04199999999999,0.0,16.2
1.4903813966153845,0.8267655176342308,170.52151147486305,1.5571698870151491,0.5824783575705731,0.75,0.25,0.0,0.8357523477324165,22.545865459483487,0.0,7.331607167889255,0.0,80.04199999999999,5.969305287951849,14.9
1.6584901241772152,1.0500204064850729,165.16805056386394,1.820890798057285,0.6057218787425148,0.5948275862068966,0.0517241379310344,0.0,0.5375387578516349,17.05428288565066,0.0,46.2940402754238,3.5263605246161616,383.2340000000002,7.822697123132171,16.2
1.07350622875,0.6650570044245,182.37567467659449,1.966619845903264,0.5236698602794411,0.4166666666666667,0.0,0.0,0.7632300273809492,15.162455709676678,0.0,1.6035533905932735,0.0,40.025,0.0,16.2
1.7691369238873238,1.4149183251895,156.8066929974509,1.2291055391270596,0.6388897667351863,0.8285714285714286,0.1857142857142857,0.2985074626865671,0.9021365656820854,37.135239441617,6.1716753955102925,54.33641923870947,6.784457062637643,462.27500000000026,17.535795180681728,18.1
2.0540219404615385,1.4925218418129564,156.66160968034688,0.6104022689056575,0.7524626900046061,1.4375,0.875,0.4615384615384615,1.0000000000000002,28.582240714214045,5.749511833283905,12.037665992799544,0.0,123.518,11.600939890232516,19.3
2.459437724,1.45360874,176.33957740008998,0.534200123260242,0.901555489021956,0.75,0.25,0.0,0.7420981285103057,29.61243411165196,0.0,3.488033871712585,0.0,94.928,23.20187978046503,12.3
1.1570054883333334,0.534767986,185.18427669615,2.1619965834602994,0.5452847733105218,0.9375,0.375,0.0,0.7580392711198944,23.795431120030763,0.0,1.622008467928146,0.0,58.016000000000005,0.0,15.8
1.4145008475,0.8406947108789167,174.90957699637474,1.7287931006493504,0.5703155688622753,0.7916666666666666,0.25,0.0,0.6360146706456212,21.98894460907877,0.0,5.261822940061224,0.0,82.038,0.0,16.2
1.7629389331249998,1.331041357443069,166.92616930658443,0.7824013916673951,0.673105501497006,1.4423076923076923,0.8076923076923077,0.375,0.9375,35.40350747558336,0.0,12.472017116625109,0.0,183.074,11.374772549367124,21.2
1.717155344666667,1.268905646118158,159.36055553949538,1.308263277661027,0.6503613173652698,1.15625,0.5625,0.2,0.7044307784698619,26.426211025719084,0.0,23.863583886553467,4.757086228013933,208.128,11.9386105759037,17.6
1.933382235052632,1.7172514906285714,148.88983638475145,0.7918148241373941,0.7041644185313584,1.25,0.7,0.3157894736842105,0.8078347747194917,30.292661606898168,5.749511833283905,15.73405067293137,0.0,147.53999999999996,11.600939890232516,20.9
1.648522834264151,0.9945449639439076,164.76608307705987,1.4556967050401,0.6025167664670661,0.625,0.125,0.0,0.6683096135406538,17.232413295919958,0.0,35.27946811579093,3.091042453358316,248.196,5.969305287951849,14.3
1.4555551572903225,0.8964959072061596,168.79262723131268,1.8091175790336569,0.5758207335329342,0.5625,0.0,0.0,0.8280639062229567,19.49355288320401,6.103966387748303,17.007956911261882,1.0986122886681098,156.09599999999998,0.0,15.5
1.5999378974193543,0.927991638690864,166.54855797331558,1.6,0.5870031062874252,0.45,0.0,0.0,0.4966917186688699,9.382863888284351,0.0,18.82909733129015,0.6931471805599453,120.10999999999996,0.0,15.8
1.9267806593333328,1.4973000787254271,150.90779178823064,0.901234899133281,0.7043927836634426,1.24,0.6,0.5384615384615384,0.97089225238202,36.08940882301054,23.195663234330624,40.3827468394041,7.579163975308394,324.2030000000001,16.938549644058888,26.25
1.2860538450909091,0.6267403681356667,214.9239791396404,1.7748222061404593,0.5233326347305388,0.625,0.0,0.0,0.5929809818837098,23.64383776991476,0.0,6.174038105676659,0.0,166.01999999999998,0.0,17.2
1.60296954,0.9467228836933752,166.1960588947965,1.5675673720551395,0.5940964071856286,0.65625,0.1875,0.0,0.8215245950836549,18.10787414638152,5.783244946364939,12.979229828982366,0.0,100.07599999999998,5.783244946364939,16.2
1.493774586,0.7226992332496152,172.75029452109192,1.6574706347441548,0.5875902994011974,0.625,0.0,0.3,0.7966576244513051,17.730373054669645,0.0,5.359572341956561,0.0,52.032,0.0,15.2
1.601524155,1.0191364290781428,171.24720901812455,1.1594325212033951,0.6602049537289058,0.8333333333333334,0.25,0.0,0.8224908743082041,33.066258125705616,0.0,5.465004066965171,0.0,103.484,17.029427000228694,15.5
1.69484816972549,1.1621485650914698,161.29582540929073,1.287671913749601,0.6239640359281438,0.8928571428571429,0.3095238095238095,0.22,0.78991593505677,25.65184028978572,18.460360185545124,36.07687474425778,5.134878896755583,262.203,0.0,17.3
1.6362281972727275,0.87303732469,171.75091892216145,1.4360079536534178,0.6211352794411177,1.05,0.6,0.0,0.796490490941855,18.994775600608207,0.0,7.168655300614687,0.0,62.051,0.0,15.3
1.8107820688,1.3446820065086087,151.91447251289557,1.1480446929850538,0.6700722395209582,1.2115384615384617,0.6538461538461539,0.24,0.8836331320158104,24.93362051257687,6.606881964512918,21.64821446610064,4.342993403944672,164.11899999999997,5.969305287951849,16.8
1.9368937822325585,1.6811486276342678,151.65398356291135,0.9042166598994006,0.7139869723966701,1.35,0.72,0.3902439024390244,0.9476017742103572,38.55707142137665,5.749511833283905,39.39098888098543,7.531158748209716,341.6650000000001,34.380349839616926,19.9
1.8725010741025645,1.476349142596965,154.82573732047814,1.0138610449536003,0.6897111093602272,1.263157894736842,0.6578947368421053,0.3421052631578947,0.8921389997879845,29.46047588124848,0.0,32.36205898403158,6.002188093804204,255.643,11.600939890232516,17.3
1.6767971005333335,1.3070745743778864,156.1513572593219,1.215431969665451,0.6156596829869672,0.7134146341463414,0.0609756097560975,0.3411764705882353,0.9098392527498128,30.09441212858635,24.918781127757825,61.691514336441074,6.46302945692067,540.3070000000004,5.969305287951849,18.9
1.6925230875757575,1.0839054593302242,162.54538189635085,1.399696643077713,0.6226286880783886,0.875,0.3214285714285714,0.0909090909090909,0.6502900988880447,21.294263684603663,0.0,47.684631511181706,5.237272734664721,352.26000000000016,11.9386105759037,16.6
1.6089807631739128,1.1569963671657475,165.92852717994285,1.3739040153409725,0.630991776447106,0.8809523809523809,0.2142857142857142,0.2444444444444444,0.768205289178747,31.989586283821183,12.71084835226122,25.76030074965721,4.853006349892673,292.23500000000007,17.54605012303364,17.3
1.8894139765882352,1.3546078595767692,158.6565738082551,0.9685409062998916,0.6824787852865697,1.1634615384615383,0.5576923076923077,0.4489795918367347,0.8854693028500209,33.26529190980367,5.817220841045895,43.35273423534344,5.400140382625691,352.6870000000001,17.384184836597456,17.2
1.577433674375,0.9992244963083428,165.82439291551125,1.537245635139051,0.6082760853293414,0.8571428571428571,0.2142857142857142,0.3125,0.8319548827786958,22.985902524182208,0.0,9.658794659254673,0.0,90.06099999999998,5.907179729351506,18.0
2.031606120555556,1.5589757996881175,151.04868420537048,0.8594929997005537,0.7325660796054949,1.6,1.0,0.5882352941176471,0.9136527498406264,20.274752201945724,0.0,18.640347003911312,6.136257967948038,122.10599999999998,10.772448428929591,18.9
2.164147155,1.4862889124547,165.8838562189627,0.6401458892357488,0.800876380572189,0.7,0.2,0.0,0.9298966940476158,38.63752748167276,0.0,5.487436867076458,0.0,106.939,23.20187978046503,16.6
1.215965344736842,0.9835674628907878,172.84104893945445,1.822509381134546,0.5647294910179641,0.9666666666666668,0.3,0.0,0.7280175133855431,32.54492395725603,13.213763929025836,6.160267902895969,0.0,222.045,0.0,17.8
1.4373554293333333,0.9151674468419112,166.13485930230306,1.7959198245738626,0.5704709308655416,0.53125,0.0,0.0,0.7603671884788616,18.062467050412497,0.0,11.030869478961367,0.0,104.06399999999998,0.0,15.2
1.534902652307692,0.7441770900781428,171.32926798679958,1.6216205144310107,0.5903428834638415,0.6,0.0,0.3846153846153846,0.625824093869865,14.968585135076903,0.0,7.75,0.0,64.043,0.0,16.8
1.5323832325,0.8349910676938888,169.32381724015502,1.7,0.5759604085945755,0.4,0.0,0.0,0.5753186792590907,10.024580662461451,0.0,8.849873734152917,0.0,60.05499999999999,0.0,14.5
3.0088360775,,,0.5160297666570217,1.0630889820359282,0.5625,0.0,0.0,0.5904362833084089,21.72242109945242,0.0,1.8660254037844388,0.0,118.37,34.802819670697545,17.8
2.377072155,,,0.5416093660919404,0.8818665868263473,0.5,0.0,0.0,0.6554587535412855,24.857263776613667,0.0,1.7071067811865477,0.0,82.917,23.20187978046503,18.2
1.694553753076923,0.9475258125142964,170.09048047165797,1.126911161912939,0.6356346022241232,0.45,0.0,0.0,0.7982309855842459,21.404534154776123,0.0,7.168655300614687,0.0,83.497,11.600939890232516,16.2
3.470260000000001,4.752400000000001,168.1594278169,1.5,1.2035928143712578,0.75,0.1666666666666666,0.0,0.355245321275764,20.171445224098704,8.982936348315855,3.872934051172336,0.0,165.834,46.40375956093006,19.0
1.2212548013333333,0.5710845201861333,180.78498028045948,1.818762021378472,0.5356142514970059,0.5,0.0,0.0,0.5785580060704263,14.00854329934688,0.0,3.560660171779821,0.0,56.02,0.0,17.0
1.5427251584,1.0033641772479645,161.87622144464174,1.687517837623487,0.5903428834638416,0.675,0.15,0.0,0.6970860319745199,19.89496975046152,0.0,14.660627282089164,0.0,128.08599999999998,5.969305287951849,15.1
2.9629975,,,0.5087632803088581,1.0499401197604792,0.6,0.0,0.0,0.5904362833084089,30.07671838485715,0.0,2.0,0.0,137.368,34.802819670697545,15.3
1.769678825939394,1.3161557498835974,154.622311238383,1.1657829071324823,0.6408324079114499,1.0333333333333334,0.5,0.1818181818181818,0.830206580974281,24.44870681990461,0.0,25.70089030805641,3.725693427236653,188.141,5.969305287951849,16.4
1.59959832,0.7861532864306897,173.55882779017728,1.3454365479420638,0.6102971441731919,0.875,0.25,0.3846153846153846,0.8752746979566217,23.022751495981097,0.0,7.899325777217491,0.0,78.05,5.907179729351506,19.4
1.5957460040306124,1.2566209350335718,161.21904399957705,1.5313703170655324,0.608817130025663,0.8264705882352941,0.2058823529411764,0.1683673469387755,0.6977095881139064,28.536387132894525,60.4184082914796,119.8988445923076,6.133398042996649,1090.7469999999994,64.94123948289098,18.83
1.446625504,0.7776543819303077,170.2804812170111,1.4165628177218534,0.5875902994011974,0.6875,0.25,0.0,0.8795880017344075,18.61286571488772,0.0,5.215990257669732,0.0,52.032,0.0,15.3
1.5135462809411764,0.8557866304971501,169.35896518258843,1.55770011536163,0.5854853821768229,0.6071428571428571,0.0,0.2941176470588235,0.884870333120835,20.03901663249037,0.0,9.893360282592663,0.0,92.05299999999998,0.0,17.8
1.6759946285833334,1.1455430858466382,161.93816074067857,1.2562262859033615,0.6454771207584832,1.1923076923076923,0.5769230769230769,0.25,0.9386137518291132,32.62642030265856,6.606881964512918,17.936037320415053,3.595598464110711,170.10299999999998,5.969305287951849,16.2
1.5019027221052632,0.8893971569970001,169.51944978554175,1.74968845316556,0.5875902994011976,0.71875,0.1875,0.0,0.8205687986494469,21.732473054669647,0.0,11.05770924953076,0.0,104.06399999999998,5.969305287951849,15.8
1.4015513634666668,0.8119787324299395,170.70093330078598,1.6454118475780486,0.5595782185628743,0.5,0.0,0.0,0.8632048827786958,18.892624999999995,0.0,7.319560128242092,0.0,80.04199999999999,0.0,16.6
1.9921304185714284,1.6419022106780623,150.8443623183187,1.5165110829484956,0.7123283603006754,1.4134615384615383,0.8076923076923077,0.4680851063829787,0.6721592193165807,25.742616021602565,17.248535499851716,42.3555110745095,6.359790108266689,347.20100000000014,7.822697123132171,19.0
1.7439192718518517,1.2678275282252065,159.2018391897665,1.239126620381761,0.650278719484109,1.1458333333333333,0.5,0.4230769230769231,0.9119976972117052,25.8841347275336,0.0,20.24036698474411,4.066887715989061,148.12399999999997,0.0,20.5
2.027374686363636,1.6086733628237502,147.76010787683742,0.8677685950413223,0.7139415454804675,1.4545454545454546,0.9090909090909092,0.4761904761904761,0.8535345792821429,16.187348910595528,0.0,22.50823268107844,6.290099599665153,132.12099999999998,10.772448428929591,20.6
3.5189285714285714,4.752400000000001,168.15942781689998,2.0,1.229041916167665,0.625,0.0,0.0,0.2704260414863776,17.041243346449637,0.0,4.125,0.0,236.74,69.60563934139509,19.7
2.0635038411612903,1.648895901160078,155.26396290437617,0.6679053600893049,0.7540663273453097,1.394736842105263,0.7894736842105263,0.4333333333333333,0.954112912780184,35.879389814979135,0.0,29.011547477762544,6.18826412308259,285.06499999999994,40.545957617784005,18.2
1.8396180232142847,1.413969068859175,152.52112119526512,1.1698411659347627,0.6403546491921818,0.7608695652173914,0.1739130434782608,0.320754716981132,0.8739551692450205,25.20385010586809,5.783244946364939,43.89582424044212,5.918893854273146,284.229,11.566489892729878,18.0
1.491856696347826,0.89147170298564,168.78854780501868,1.6784162028800116,0.5846083333333334,0.7,0.15,0.0,0.8590521459927658,23.905115252662583,6.103966387748303,13.127211557156722,0.0,132.07399999999998,5.969305287951849,15.8
1.7770913841818183,1.3501755993044546,154.2911490848079,0.9747672935986852,0.6560677735438213,1.1875,0.625,0.2727272727272727,0.9184567911936088,27.39984130266689,0.0,18.28373627857016,0.0,156.09599999999998,5.969305287951849,20.5
1.5753588733333332,0.9133213566163334,167.31668389576802,1.5946104889939965,0.5920632485029941,0.7083333333333334,0.25,0.0,0.7889097655573916,19.44068530022096,5.783244946364939,9.005392331114038,0.0,76.05399999999999,5.783244946364939,15.4
1.348818586,0.9706800769090907,168.23736252914546,1.9970419772853405,0.5778311377245507,0.85,0.3,0.0,0.7500962309138223,21.87612560660644,0.0,5.246895871068881,0.0,68.03099999999999,5.969305287951849,15.5
1.5760662262499996,1.2125831661848072,159.10654114195245,1.543384466393246,0.5987573886126053,0.6862745098039216,0.0588235294117647,0.2372881355932203,0.8508927294862528,28.122986902986355,29.69619492059353,73.65067854466713,5.564520407322694,666.4010000000002,11.75255023431679,18.09
1.5635396508965516,0.9140622646208532,167.13586563476352,1.584716136869182,0.5821928143712577,0.475,0.0,0.0,0.668975324911386,13.015597867399498,0.0,17.122799560967614,0.6931471805599453,124.09799999999996,0.0,16.0
2.0553683484,1.5986392105814071,153.0159504694344,0.6454224079488439,0.7508169660678642,1.375,0.8,0.4,0.9999999999999998,33.83613645154897,0.0,14.221500308393423,0.0,151.528,17.570245178184365,18.9
1.406592167818182,0.82698296510375,170.63551974739127,1.7595443632363408,0.5665478260869564,0.5555555555555556,0.0,0.0,0.673208660801951,17.802661697618547,0.0,11.455401671268737,0.0,120.06299999999996,0.0,16.5
1.860172582222222,1.3084591871273905,160.64989430082358,1.0653153778065043,0.680543935385044,1.2608695652173914,0.6521739130434783,0.3953488372093023,0.8102910929525023,24.23774752701051,5.917906046161393,38.77281500728275,6.43725152469472,288.221,23.189132008070136,17.5
2.0041633604210527,1.6764475471530882,154.13538994036415,1.2333453497516098,0.7173371423819029,1.434782608695652,0.782608695652174,0.5,0.9381584892908076,39.334812572747126,5.817862777835028,31.058807325338,6.836661988873892,318.249,21.62439887760755,16.8
1.6290690697454546,0.9723507071712764,165.38770703214993,1.5118950026047775,0.5952582121471343,0.575,0.075,0.0,0.4741272358372702,13.700955511625148,0.0,35.27946811579093,2.5649493574615367,248.196,5.969305287951849,16.4
1.6088656868656717,0.9717102253778742,165.85497769143504,1.591973147910219,0.5983912116942586,0.6538461538461539,0.1153846153846153,0.0,0.6388194525099163,18.047946249398045,0.0,42.974782137165626,3.1780538303479458,328.2380000000001,11.9386105759037,16.7
1.8012385158823527,1.376779125953129,154.4086855536822,0.9197484224909902,0.6618928143712575,1.34375,0.8125,0.3529411764705882,0.8740065897889193,19.237367153814148,0.0,13.78883988531615,0.0,98.084,5.687386274683562,19.4
2.0638473446666667,1.5118837251628148,152.43118370857025,0.7613520018358646,0.7400219960079839,1.28125,0.75,0.4,0.8847354891422485,22.75971623993381,0.0,13.966437938660173,0.0,119.52999999999996,11.600939890232516,18.8
2.29295843,1.8930088537959209,147.60352438563018,0.5575642751945343,0.8122937791084497,1.5,0.9545454545454546,0.5555555555555556,0.8833593796433151,32.42231632982133,0.0,20.731892076156115,6.290099599665153,200.01399999999995,26.70239232687894,20.3
1.9701228571428573,1.205604,254.0116625592111,0.6839054616747458,0.7431137724550898,0.625,0.0,0.0,0.5,33.231,0.0,4.125,0.0,170.92000000000002,23.20187978046503,12.7
1.7223659395,1.2131104830512,161.28252218616123,1.27300575982277,0.6606328443113773,1.2954545454545454,0.6818181818181818,0.3,0.9218533099827114,30.4767871432708,0.0,15.848885355140457,2.7842393394597567,142.09299999999996,5.969305287951849,16.8
1.8254974655238088,1.2410239472452729,157.7699456180828,1.0126695674260706,0.6644405474764755,1.2272727272727273,0.6818181818181818,0.2857142857142857,0.9050844088127902,22.685387822093,0.0,18.149915544536103,3.840795496139778,140.09699999999998,5.969305287951849,18.8
1.3347115594285717,0.6071150264999999,181.17656057324373,1.6213593389628602,0.569698502994012,0.875,0.375,0.0,0.8018796874098554,21.920384174727403,0.0,3.488033871712585,0.0,56.02,5.969305287951849,14.5
1.598072605185185,1.0163750816147925,165.11010975723744,1.514277788780373,0.6253871257485032,0.9285714285714286,0.3571428571428571,0.0,0.702836289033558,26.034729454859026,0.0,19.104702274925287,2.6390573296152584,184.106,11.9386105759037,16.8
1.5677453612903225,1.0140386584874863,164.48932641696655,1.6501408464124032,0.5920632485029941,0.6458333333333334,0.125,0.0,0.7858458593344351,20.44062280022096,0.0,18.86540389484544,0.0,152.10799999999998,5.969305287951849,15.8
1.6458027338095236,0.9747376876663334,170.023260810193,1.4231022513499805,0.590126119190191,0.575,0.0,0.2857142857142857,0.6502045839535273,19.056938306694327,0.0,14.240488254408604,0.0,141.071,0.0,12.5
2.031606120555556,1.5001256992425,154.3774388272749,0.8594929997005537,0.7325660796054949,1.6,1.0,0.5882352941176471,0.9712175832802088,18.932251270268647,0.0,18.623929794744058,6.136257967948038,122.10599999999998,10.902924932081056,19.4
2.964848862,3.1030043700000003,172.249502608495,0.5132871422840674,1.052574151696607,0.75,0.2,0.0,0.8710490642551527,28.51010189884176,4.491468174157927,3.719191777939685,0.0,130.381,34.802819670697545,18.0
1.6748754566666666,1.3020801671793494,160.61048994843176,1.3304620933636195,0.6303001074773533,1.0588235294117647,0.4705882352941176,0.1538461538461538,0.7815970500788455,25.76784647584616,0.0,27.18768065706822,4.5591262474866845,212.167,11.594566004035068,18.5
1.698435419111111,1.2323423553172834,160.0590839294148,1.1581327436737088,0.6343733643823467,1.0625,0.5,0.2222222222222222,0.8888888888888892,22.6052104433626,0.0,19.75563054657066,2.7842393394597567,150.11599999999996,0.0,17.2
1.7583907862105264,1.3305197642954785,155.29114317424853,1.2412217290507008,0.6281168074809284,0.7651515151515151,0.1666666666666666,0.2328767123287671,0.9153169118111708,28.59075617333173,5.601050810983688,55.93651957915964,6.182084906716632,420.2910000000003,17.535795180681728,17.8
1.829707413636364,1.3058737103637523,155.92666973892076,1.1466606474307734,0.6722442556746973,1.2391304347826086,0.6521739130434783,0.3488372093023256,0.8527209590113086,26.72399372025752,6.606881964512918,38.56780093810225,5.832523767214339,292.20500000000004,11.9386105759037,19.0
1.4304028733333336,1.0657655664040833,162.38652008795722,1.9293608254125951,0.5739565988023952,0.5555555555555556,0.0,0.0,0.6034407773549841,17.4515506427321,0.0,12.666299713191522,0.0,116.07499999999996,0.0,15.3
1.8925506332444444,1.411906140413548,152.59246228422023,1.016625808986021,0.6605852010265185,1.0,0.4,0.4047619047619047,0.884029618758026,27.43368206225484,11.532756779648844,38.22048781699207,6.415710518859521,248.196,5.783244946364939,19.6
1.4663587475714286,0.9858965716289166,169.7064096976289,1.4975278977646729,0.5821611576846306,0.75,0.25,0.0,0.8035987149258059,21.07894149804036,0.0,7.176246708755219,0.0,78.05,5.711685002770702,14.7
1.5753588733333332,0.8955449967396,168.3749925738196,1.5946104889939965,0.592063248502994,0.7083333333333334,0.25,0.0,0.5701597655573916,16.43793530022096,5.783244946364939,8.984806734542957,0.0,76.054,5.783244946364939,15.8
1.7843452036363636,1.1156759751798666,162.43378312078988,1.1302051865203673,0.6870534567229177,1.3928571428571428,0.7857142857142857,0.4545454545454545,1.0000000000000002,27.301226097887703,0.0,9.893360282592663,0.0,92.05299999999998,6.286160523129555,18.6
1.4458157440869568,1.017425643068873,165.84925487158358,1.4432843669695918,0.5792607584830342,0.6739130434782609,0.0,0.2888888888888888,0.833614488153796,22.345911144603747,48.83173110198641,25.247280699324257,4.262679877041316,320.12100000000004,0.0,17.6
1.18880954,1.151176925,153.15934449658334,2.4829128386277626,0.5503613081529248,0.6,0.0,0.0,0.5528644692833689,15.490227719380492,6.792942306099827,5.215990257669732,0.0,68.031,0.0,15.0
1.7775390150666666,1.2828847956184444,159.05449209638513,0.7862913406916849,0.67305249500998,1.45,0.85,0.4,0.9999999999999998,29.28903671700673,5.749511833283905,12.212920005590783,0.0,134.07,5.687386274683562,19.9
1.4834615542857144,0.8473564140911668,172.07196454694952,1.7222256749620146,0.5749018780620576,0.5,0.0,0.0,0.6176665730676775,14.79399414203123,0.0,10.907012081801234,0.0,86.073,0.0,15.3
1.792572155,0.947797788283,172.8966426850997,1.1046745368465902,0.6937877673224977,1.4375,1.0,0.0,0.8982265179691366,20.596650711697706,0.0,5.215990257669732,0.0,50.04,0.0,16.0
1.428278045647059,0.8562909720778125,171.46968240099972,1.750143243139581,0.579638389886893,0.75,0.1875,0.0,0.8466562481426739,24.43455670318325,6.103966387748303,9.206289067156446,0.0,108.05199999999998,5.969305287951849,16.0
1.8184559303859649,1.4330014985140112,152.36326279741064,1.1172718746822918,0.640388157019295,0.8173076923076923,0.2115384615384615,0.3148148148148148,0.917912688885182,30.03651157846112,17.991177721861547,44.1944824950538,6.150602768446279,332.22600000000006,17.34973483909482,19.1
1.5164851145,0.8512842697698002,169.1442434105648,1.2213300934224582,0.6175097804391217,1.0,0.5,0.0,0.9298966940476158,24.849042086306287,0.0,5.383749402497032,0.0,68.031,5.969305287951849,17.7
1.6353764101639343,0.9671497738474854,165.38002775569896,1.55,0.5930587792157622,0.475,0.0,0.0,0.3422563894287149,8.5250531742756,0.0,38.82842777924477,2.4849066497880004,240.22,0.0,16.8
1.6244738914285717,1.03081679,164.3059838791875,1.4908754457183415,0.6103131337325347,0.9285714285714286,0.4285714285714285,0.0,0.5988322950779538,19.127477717369207,11.566489892729878,9.155440415389076,0.0,92.05299999999998,11.566489892729878,17.1
2.009437274285714,1.54413405898188,158.1766238609975,0.5810972176197613,0.7399810949529512,1.4375,0.875,0.4285714285714285,0.9249572757036592,27.110821201898343,0.0,12.044270037280167,0.0,121.52599999999998,17.28832616491608,19.3
1.770027155,1.3056632162075383,155.43425842449986,1.1603568407103173,0.6671535928143713,1.375,0.8125,0.375,0.8514097655573916,17.288822753820394,5.749511833283905,13.812071258817134,0.0,100.07599999999998,0.0,17.8
1.5477334418947368,0.8986127540291364,167.98794564599163,1.5371528427241783,0.5875902994011976,0.6875,0.1875,0.0,0.8524398460347836,20.328301796309013,0.0,11.292500491933422,0.0,104.06399999999998,5.969305287951849,16.6
1.6484330833846157,1.152453194564916,164.4064566052338,1.331463267456732,0.6234247351450944,1.0104166666666667,0.4166666666666667,0.1153846153846153,0.8818594848677014,32.03632972114599,18.460360185545127,35.58277386275336,5.44592885524981,308.2080000000001,17.377810950400008,18.0
1.4274653612903223,1.0436420950919367,163.91255345932765,1.9466579169430085,0.5758207335329342,0.5833333333333334,0.0,0.0,0.5997556248918265,17.652422833483502,0.0,16.665775286236105,1.3862943611198906,156.09599999999998,0.0,16.0
1.7329781779000002,1.1016940962912178,161.44480759298776,1.2469616105382426,0.6265723353293413,0.921875,0.40625,0.15,0.7616979455155799,18.77941249394227,5.749511833283905,29.795399476072777,3.9250626189359497,196.164,0.0,16.6
2.3573242857142853,1.7996220000000005,230.3432105704221,0.5500373619568583,0.8645958083832336,0.625,0.0,0.0,0.8333333333333334,37.90207757746212,0.0,4.125,0.0,187.37500000000003,34.802819670697545,14.7
1.5147342008,0.9717861790204166,164.85364375712564,1.6288193170964724,0.5747676646706587,0.4642857142857143,0.0,0.0,0.680071532655893,16.774250249559262,0.0,10.970121978500448,0.0,88.06499999999998,0.0,15.8
0.534767986,,,1.4999999999999998,0.4262646706586826,0.0,0.0,0.0,0.579380164285695,8.845699816830543,0.0,0.0,0.0,15.999,0.0,15.5
1.0429481832,0.4446129048489999,184.91765202424887,2.34384983961695,0.5128914171656688,0.375,0.0,0.0,0.6934264036172707,13.005740307654415,0.0,1.5,0.0,28.01,0.0,15.1
1.5352466363478257,0.8861686338205614,168.02244934263285,1.609800467590584,0.5778614770459082,0.46875,0.0,0.0,0.7613151824909574,13.928141870405828,0.0,13.127237213191522,0.0,100.07599999999998,0.0,15.9
1.4371109090909089,0.7464213333333334,246.7181353029629,1.6428571428571432,0.5363707367872952,0.6521739130434783,0.0,0.0,0.56729414595819,16.348182934768825,0.0,14.9444580078125,0.0,388.045,0.0,12.1
1.5323832325000002,0.9464796352190556,164.0246331882635,1.7,0.5759604085945755,0.4,0.0,0.0,0.6508021860865488,11.437639485990864,0.0,8.696801932082174,0.0,60.05499999999999,0.0,13.7
1.081748074,0.4896904454244999,185.0509643601995,1.7615362066168128,0.5518067065868264,1.0,0.5,0.0,1.0,21.37334811343817,0.0,1.7071067811865477,0.0,44.009,6.472220864716464,14.3
1.7754929223000002,1.3073306642486666,157.53020225577433,0.8790192863196334,0.6606328443113771,1.2954545454545454,0.7272727272727273,0.3,0.9537243573680482,27.25701302318241,5.749511833283905,16.2402934754938,0.0,142.093,5.907179729351506,19.9
1.4680354883333333,0.9171059895,173.9054180852375,1.7551305357297482,0.6027986181483187,1.0,0.4285714285714285,0.0,0.5528644692833687,21.69987209084188,0.0,7.27578760413418,0.0,96.041,11.9386105759037,16.0
1.7284451291666667,1.5495627608858205,148.87411703920893,1.2753726000373795,0.6630721057884231,1.25,0.6428571428571429,0.25,0.6954739270036171,26.436986456694868,0.0,20.045655899263,4.437121288480856,184.106,11.9386105759037,18.6
1.4788213186666668,0.8607639066740392,169.05953606468188,1.5923199444131255,0.5704709308655416,0.5,0.0,0.0,0.653441362572838,14.977731116152643,0.0,11.423366475461014,0.0,104.06399999999998,0.0,15.8
1.1353184571428574,0.634120143,191.4127035512249,1.1997757562913771,0.5493392215568862,0.9375,0.375,0.0,0.5833333333333334,18.011249999999997,0.0,1.8660254037844388,0.0,56.024,6.031114512338072,20.9
1.97944661625,1.404644227606125,154.5502015567624,0.9527809608035908,0.7250601996007985,1.5555555555555556,0.9444444444444444,0.6,0.6813263973996638,15.70645064872533,34.49707099970343,49.9558804787343,7.136085356983647,336.2610000000001,0.0,19.6
1.7013210170000002,0.9200926710272224,172.97154542756502,1.058879403456309,0.6454845400108873,0.4375,0.0,0.0,0.7699336331594974,22.900180169179286,0.0,5.215990257669732,0.0,71.486,11.600939890232516,16.0
1.7720039252075472,1.2084215238493494,160.36449891644776,1.1496705057315688,0.6515362851220636,1.14,0.56,0.2884615384615384,0.9043105937737068,28.12387615105763,18.460360185545124,42.59176055037091,5.729592349055952,314.23500000000007,5.783244946364939,17.9
1.74614532,1.0432961409496666,172.695966793898,0.970564017934975,0.6856823952095807,0.5714285714285714,0.0,0.0,0.6245948969456039,27.70627631665074,0.0,7.505742693252298,0.0,134.94899999999998,23.20187978046503,18.8
1.831553891428572,1.500164853846154,147.0468111845385,1.111111111111111,0.6567298545765612,1.1666666666666667,0.6666666666666666,0.2857142857142857,0.4845017046935283,15.38339262143673,0.0,17.3817161805601,0.0,108.09899999999998,0.0,18.0
1.820687245192982,1.403386261176511,152.8871338507321,1.1562964621429066,0.6373895542248837,0.7604166666666666,0.1666666666666666,0.3148148148148148,0.885733921686767,26.71634289591384,6.606881964512918,44.15371560755042,5.955837369464831,300.228,11.566489892729878,18.4
1.6183087992592593,1.075449124266424,160.3868052368604,1.55254724351373,0.5952582121471345,0.625,0.15,0.0,0.5169637308515064,16.572023557041014,5.783244946364939,16.590666125765217,0.0,124.09799999999996,5.783244946364939,16.0
1.607210441272727,1.1455015998059184,162.87810113551868,1.4131267741959568,0.6154848258029397,0.9342105263157896,0.3421052631578947,0.1363636363636363,0.8740101008984595,27.86660147059009,18.460360185545127,29.67410611879032,4.665206399432151,242.16899999999995,0.0,17.7
2.4359047042857145,1.45360874,176.33957740008998,0.5388069391937167,0.8892499251497007,0.55,0.0,0.0,0.603759374819711,28.355880847952225,0.0,3.625,0.0,130.381,34.802819670697545,16.8
1.5826439032,1.1615653768062222,155.07048225855544,1.6250000000000002,0.584115016121603,0.4375,0.0,0.0,0.5680110578418074,12.378389189156284,0.0,14.279080744360847,0.0,96.08799999999998,0.0,14.3
1.7372166525,1.2945583542947243,160.21560056178438,0.7371197601210361,0.6569739520958084,1.4375,0.875,0.375,0.6875,16.770249999999997,0.0,12.044270037280167,0.0,100.07999999999998,11.374772549367124,19.5
1.3274300154545455,0.9962965407442224,166.1836414919109,2.1646867262374085,0.5665478260869564,0.6111111111111112,0.0,0.0,0.5433593235687648,15.52330815855476,0.0,11.163848865543205,0.0,120.06299999999996,0.0,15.8
1.4473361982857145,0.8128807399396,170.3139639039546,1.6965599023193287,0.5648674650698601,0.45,0.0,0.0,0.8035987149258059,15.78739280034704,0.0,7.0402756672896025,0.0,64.04299999999999,0.0,15.8
1.752069231609756,1.3067040463981936,155.94706951675144,1.2588692866681417,0.6259447585840976,0.75,0.1571428571428571,0.2151898734177215,0.8960349902859924,27.577253418628068,5.601050810983688,59.93001031135929,6.186208623900494,444.31300000000033,17.535795180681728,17.7
1.4373554293333333,0.9956199057132,165.00230491841876,1.7959198245738626,0.5704709308655416,0.53125,0.0,0.0,0.6199657092119663,18.062467050412497,0.0,10.83830943149389,0.0,104.06399999999998,0.0,15.3
1.4473361982857145,0.8863276768163334,164.80435882959804,1.6965599023193283,0.5648674650698601,0.45,0.0,0.0,0.6670877683605712,15.78739280034704,0.0,7.032244307524827,0.0,64.04299999999999,0.0,15.1
2.0553683484,1.5986392105814076,153.0159504694344,0.6454224079488439,0.7508169660678642,1.375,0.8,0.4,0.9999999999999998,33.83613645154897,0.0,14.222277029634736,0.0,151.528,17.570245178184365,19.0
1.8215164706875,1.3303242396850845,162.03450333903297,0.7523461554691153,0.691270883233533,1.1,0.475,0.1875,0.975,43.590171325055245,6.103966387748303,22.7095572204519,4.912654885736052,311.03599999999994,34.7964457845001,23.06
1.18880954,,,1.973910791706943,0.569698502994012,1.125,0.75,0.0,0.75,14.509,6.78907609989417,1.5,0.0,28.01,6.78907609989417,10.7
5.024022155,,,0.6226634031237925,1.6411480239520957,0.3333333333333333,0.0,0.0,0.6554587535412855,73.21392225883132,0.0,1.7071067811865477,0.0,265.819,45.181741254136114,17.8
1.8672945220895525,1.3619637312977706,159.80095738687044,1.044151296943035,0.6778157684630739,1.2573529411764706,0.6176470588235294,0.492063492063492,0.8419683174733791,29.69849106380598,11.63444168209179,58.63187119123392,7.031226964654957,432.3240000000002,11.033401435232523,19.3
2.2853950000000003,,,0.5537316648557061,0.8555688622754491,0.6,0.0,0.0,0.6554587535412855,34.369858347423126,0.0,2.0,0.0,120.913,23.20187978046503,12.3
2.100544689878788,1.7552021961978472,154.7679871001544,0.6435265550885606,0.7703675874058338,1.4047619047619049,0.7619047619047619,0.5483870967741935,0.973954956570052,39.2358668877711,0.0,31.692989222699016,6.914761925007662,311.083,40.5081307872708,15.9
1.4581358353846154,0.9194324747932608,167.28254971027587,1.7549641832644898,0.6027986181483187,0.8928571428571429,0.2142857142857142,0.3846153846153846,0.8595824360039367,25.395564398534187,12.71084835226122,7.817159067495986,0.0,96.041,6.155365629538759,20.0
1.82445113475,1.2740370233031333,155.10825535149314,0.9489330735042038,0.6671535928143713,1.28125,0.75,0.375,0.8944548827786958,17.462380666456692,0.0,13.966437938660173,0.0,100.07599999999998,0.0,18.4
1.5646783643636362,0.9162356610693964,167.36650497098543,1.5315923036116943,0.5891461077844311,0.6666666666666666,0.1666666666666666,0.0,0.8197372116664485,19.318712969855365,0.0,13.285982712607453,0.0,116.07499999999996,5.969305287951849,16.6
1.7779751502857144,1.3452255595282971,156.98794926516075,1.081190393967011,0.6721512403763901,1.3269230769230769,0.7307692307692307,0.2857142857142857,0.9267672896410716,30.97012323658181,11.3129633249809,18.155880046977103,3.840795496139778,172.09499999999997,11.9386105759037,18.7
1.858146838888889,1.4283814924150908,149.46475581176057,1.0625000000000002,0.666265136393879,1.25,0.75,0.3333333333333333,0.7667187592866301,15.27126357493144,0.0,15.532958214174434,0.0,96.08799999999998,0.0,17.3
1.6624564538999995,1.1476998806152023,164.05968672164605,1.1748090481805862,0.6323760632580995,1.0972222222222223,0.4722222222222222,0.2307692307692307,0.8859472337697593,29.24713468797036,25.0051165914577,28.347809414773987,5.657752170442301,228.166,10.902924932081056,18.7
1.583956924,1.5071393589130435,155.2842195567587,1.4989084057718611,0.649499251497006,1.3392857142857142,0.5714285714285714,0.375,0.7407346569674459,29.41266605086126,0.0,15.91930652948066,6.423399143512001,184.114,11.16387793838399,17.3
1.3860652869090908,0.6869284138184762,174.35519011312795,1.7657684285788298,0.5562047904191615,0.4375,0.0,0.0,0.796490490941855,16.30276750944168,0.0,5.215990257669732,0.0,52.032,0.0,16.0
1.60590644375,1.035457673865421,163.34526453125292,1.547480916547498,0.6044249682453275,0.7115384615384616,0.1923076923076923,0.0,0.8107123186244569,22.26152163852757,0.0,20.800164092504293,1.0986122886681098,164.11899999999997,5.969305287951849,14.8
1.3897128975,0.7218056432452501,175.81856455718275,1.6872860995339949,0.5578598341777982,0.4375,0.0,0.0,0.7764322346416844,15.147361252978293,0.0,5.215990257669732,0.0,50.04,0.0,17.0
1.7246693704999998,1.3767478659296215,154.55475847792962,1.2274198449212608,0.652536616766467,1.3055555555555556,0.7222222222222222,0.3,0.7424221086321582,16.64712248908404,0.0,15.520937101143172,0.0,110.09499999999996,5.687386274683562,18.0
1.3670110916363638,0.8442895503234288,172.66410479587464,1.9621155447368743,0.5665478260869564,0.5833333333333334,0.0,0.0,0.7475569342917416,16.82682485430297,0.0,11.247843105062508,0.0,120.06299999999996,0.0,16.1
1.6307183522857145,1.1099812557590107,164.43998568555577,1.3475831968188632,0.6257804248645568,1.013157894736842,0.4210526315789473,0.1428571428571428,0.8520391654899722,28.123798002297544,19.31773031677414,29.52838303120459,4.807345430866104,242.16899999999995,0.0,17.1
1.710742155,1.1251158669732833,162.212940187445,1.313143517015146,0.6465294564716721,1.1730769230769231,0.5769230769230769,0.2307692307692307,0.9119976972117052,29.13625177817091,0.0,19.778601839900382,3.498399709618518,166.11499999999998,5.969305287951849,16.7
1.4956564592,1.0988121806666666,162.95540218973002,1.2153526661363605,0.5978997433704021,0.9423076923076924,0.3461538461538461,0.0,0.7749871238431028,28.307493149229124,0.0,12.041267441483557,0.0,184.059,17.90791586385555,16.2
2.0748967485714287,1.3716985088217777,179.243149501584,0.6633886886559036,0.7759859281437127,0.5,0.0,0.0,0.5,24.236,0.0,3.560660171779821,0.0,94.928,23.20187978046503,19.0
1.5775565054399998,0.928742240259258,166.9254825564649,1.5274722960479612,0.5903428834638416,0.65,0.15,0.0,0.7850883347628148,18.43667830645916,0.0,15.282723822944464,0.0,128.08599999999998,5.969305287951849,15.1
2.0834870778947367,1.5369832533972103,149.82866156535513,0.8052631578947368,0.7330121091151032,1.55,1.0,0.5555555555555556,0.706895874194506,10.999887063048163,0.0,20.658424477801383,6.136257967948038,120.10999999999996,10.772448428929591,20.6
1.4805979393846154,0.8781462935758401,170.01665324343583,1.3515629239440732,0.5940443969204446,0.9375,0.375,0.0,0.6623077406664655,23.39163771685273,0.0,7.766110569155659,0.0,112.03999999999998,11.9386105759037,17.9
2.165783478923077,1.669305312247739,154.16745633811297,0.5046350288699192,0.7925363887609396,1.40625,0.875,0.4615384615384615,1.0000000000000002,41.23518270737479,5.749511833283905,12.037665992799544,0.0,167.969,15.929943897949348,21.3
1.3851373642857143,0.7739975005911667,174.841516145812,1.9971516184535567,0.5648674650698601,0.5,0.0,0.0,0.5305768217953362,13.870761094788374,0.0,6.996320343559642,0.0,64.04299999999999,0.0,14.5
1.8953769653333328,1.3246944147924449,152.9573424955258,1.0000000000000004,0.6796145309381235,1.3571428571428572,0.8571428571428571,0.4,0.8377264515671147,13.60306469540606,0.0,13.676825320436384,0.0,84.07699999999998,0.0,18.0
1.60296954,1.03033930933725,162.2216708558779,1.5675673720551395,0.5940964071856286,0.65625,0.1875,0.0,0.7322868926254825,19.61191750040358,5.783244946364939,12.817968175812045,0.0,100.07599999999998,5.783244946364939,16.0
1.784380640677966,1.5389351001165128,150.98510608966427,0.939008596427006,0.656105988023952,1.046875,0.40625,0.3214285714285714,0.9130884674759128,38.77564536814428,22.840946106665523,46.3494508384993,7.424183926452927,420.2480000000003,17.473669622081385,24.99
1.67603723376,1.2441216946158478,158.16622797865733,1.3462456065655728,0.6169225210595757,0.7037037037037037,0.0462962962962962,0.3644067796610169,0.811491232309509,27.82558352475368,24.918781127757825,86.46489663870533,6.450470422144176,700.4380000000002,5.969305287951849,18.7
1.7618695195294116,1.2837531519186252,155.01461145995614,0.9026111950967768,0.6561586474110603,1.2777777777777777,0.7222222222222222,0.3529411764705882,0.9712175832802088,23.48409115588093,5.749511833283905,14.068915662215288,0.0,116.07499999999996,0.0,19.3
1.81650207575,1.347785738156793,154.1367986680982,0.8116800550323917,0.677273877245509,1.375,0.8,0.375,0.96875,25.895125,11.3129633249809,14.218781784048833,0.0,132.07399999999998,5.969305287951849,16.55
1.89166515625,0.8726288873993333,171.2586483583485,1.15255315653764,0.681354491017964,0.3333333333333333,0.0,0.0,0.7632300273809492,20.58523469070985,0.0,3.310660171779821,0.0,56.089,12.628789148012991,15.8
1.626408296734694,0.9577518214098962,165.66047500792698,1.5624999999999996,0.5915085269461079,0.46875,0.0,0.0,0.3877655625473889,8.788769208062018,0.0,30.82843759672344,2.079441541679836,192.176,0.0,16.4
1.592217364285714,0.9186915815911666,166.8260838999995,1.6111111111111112,0.5857084451786084,0.4444444444444444,0.0,0.0,0.5209877240611809,9.513577044113823,0.0,16.829767537834112,0.0,108.09899999999998,0.0,15.8
1.7549049311219511,1.2437410923205423,160.81139002847374,1.1361960223181482,0.6500995958083833,1.144736842105263,0.5526315789473685,0.25,0.8578303672706289,25.824658674008592,18.460360185545124,32.48258252656938,6.6322847989354585,238.18099999999995,10.772448428929591,19.2
1.6342306278571428,1.0142458371534095,164.11955706319512,1.5271434534111406,0.60235894526736,0.6309523809523809,0.119047619047619,0.0,0.6756677006402123,17.80443297508736,0.0,37.08714490675014,3.1354942159291497,260.20699999999994,5.969305287951849,14.5
1.7810641226666666,1.33338405966792,158.55584170835994,0.9091792013876144,0.6795512175648702,1.4444444444444444,0.8333333333333334,0.4,0.9658722633586913,29.53565518465877,0.0,12.130990520717994,0.0,116.079,5.907179729351506,20.0
1.5929299091666664,1.0397055430404285,180.7792478660619,1.0661817298075262,0.6507674151696606,1.4166666666666667,0.7222222222222222,0.5,1.0,33.69139601406721,0.0,8.211651000898172,0.0,127.054,0.0,19.6
1.6563069206410257,1.0522179645333785,162.81634455261042,1.517171361577485,0.5990331463654969,0.5535714285714286,0.0535714285714285,0.0,0.4757536231419892,13.1361772173953,0.0,50.86111971697254,3.044522437723423,344.2840000000001,5.969305287951849,14.5
1.5019027221052632,0.9721025452840002,164.35409761379583,1.74968845316556,0.5875902994011976,0.71875,0.1875,0.0,0.7192842873161823,21.732473054669647,0.0,10.908228567370877,0.0,104.064,5.969305287951849,15.1
1.81650207575,1.3431084757826897,154.13837949464303,0.8116800550323918,0.677273877245509,1.375,0.8,0.375,1.0,25.895125,5.749511833283905,14.222277029634736,0.0,132.07399999999998,5.969305287951849,17.0
1.7592728758028169,1.3660921261693617,154.69223090321023,1.1799672910651966,0.6322803363860514,0.8257575757575758,0.2121212121212121,0.25,0.9238797745028864,32.0680616846346,5.601050810983688,52.39590817736281,6.18826412308259,426.2750000000002,23.442974910033232,18.3
2.0215935525454545,1.6160462363692043,148.50885450846582,0.7758990602360716,0.7216522383803821,1.4615384615384617,0.8846153846153846,0.4761904761904761,0.8752174601104243,21.11089337647401,0.0,22.94690305817445,6.541001815170804,164.11899999999997,16.74175371688144,20.5
1.9148013791304348,1.290216190749737,155.94690324264454,1.0043478260869565,0.6723330430048993,1.15,0.6,0.4545454545454545,0.6942129669760335,17.688800753343752,0.0,20.658424477801383,4.375363862622393,120.10999999999996,0.0,19.6
1.8566501255,1.5472314205188635,150.0020176860454,1.0196258558014872,0.6784064516129037,1.2941176470588236,0.7058823529411765,0.3225806451612903,0.9380793742508172,28.871472513136847,5.749511833283905,28.80145653177805,6.992835756526373,216.15099999999995,16.74175371688144,18.1
1.82445113475,1.3749974672971292,153.51116899793325,1.0144309715626696,0.6449638323353295,0.9166666666666666,0.3095238095238095,0.3777777777777777,0.916017469116473,27.58380250382688,5.749511833283905,38.314446416685584,6.416936510022482,264.19499999999994,0.0,18.7
1.629316986,1.2795345711396,168.5584876888856,2.163566490895433,0.6186065177337633,0.75,0.1363636363636363,0.0,0.5229271006057489,23.34022149107784,0.0,10.673938036811942,0.0,167.03599999999997,7.822697123132171,16.7
1.7490240544827584,1.0923564810754516,161.00749548494,1.3034482758620691,0.6138210863986314,0.55,0.0,0.3571428571428571,0.4948216913570485,9.881818863142238,0.0,20.658424477801383,2.5649493574615367,120.10999999999996,0.0,18.8
2.2828851291666665,1.692144381876,154.22055188584744,0.5448761274490896,0.8185611277445108,1.4285714285714286,0.9285714285714286,0.5,0.8894714728255649,34.31075440846132,0.0,11.93147705632526,0.0,151.96999999999997,15.929943897949348,20.5
1.915229087058823,1.3640935557224514,154.3970581722241,0.9979280599242404,0.6867327932370553,1.3611111111111112,0.8333333333333334,0.3529411764705882,0.8631428464570037,19.716112464717405,0.0,15.824823168625525,0.0,112.08699999999996,5.783244946364939,19.6
1.3313772881818182,1.14176877125,153.15014530066253,2.032351041524893,0.5778219061876246,0.9,0.3,0.0,0.5929809818837098,18.532248398820947,0.0,5.106432325805863,0.0,66.03899999999999,6.410095306116121,17.4
1.4381537853333333,0.8485987606723637,173.72890128832694,1.7127619170607875,0.5821611576846306,0.6666666666666666,0.0,0.4,0.6587226335869126,17.876008164707024,0.0,7.875,0.0,78.05,0.0,18.8
1.9104300113333328,1.3744776399798666,152.11097534330654,1.0144836009317617,0.6920731364856497,1.3666666666666667,0.8,0.5172413793103449,0.705356699972896,16.36475114915801,0.0,28.5622744732266,5.029620594007336,184.153,0.0,17.4
1.551025432923077,0.9020172876843636,167.5187085995253,1.595649943121402,0.5802677755599911,0.4722222222222222,0.0,0.0,0.7137067640211529,13.44085494331904,0.0,15.124278778375585,0.0,112.08699999999996,0.0,15.9
2.7969126600000003,2.807627540538778,173.657074765801,0.5000230916240901,1.002513922155689,0.5833333333333334,0.0,0.0,0.5,24.236,9.67253938050011,3.872934051172336,0.0,165.834,46.40375956093006,18.8
1.7292287627499998,1.3399638274008367,156.24255398512992,1.2921286527285132,0.641127790572701,1.0277777777777777,0.4166666666666667,0.3076923076923077,0.8240695593849757,26.758433453134817,0.0,30.262648800425264,4.724618500963536,226.17,5.969305287951849,16.9
1.4202847762962962,0.91620455059772,171.06434691726074,1.9420570216208508,0.5824783575705731,0.7291666666666666,0.125,0.0,0.7695528851729823,21.82715120668407,6.606881964512918,15.123209885074685,1.6094379124341005,160.08399999999995,5.969305287951849,16.2
1.805792376,1.2796342508574454,160.6489459212589,1.168761836543152,0.659950333295673,1.17,0.56,0.3962264150943396,0.8410148994246347,24.79300103665906,0.0,44.832322292200246,5.429071468568899,308.25500000000005,11.594566004035068,18.7
1.4323650448571428,0.8772072526062666,170.07149924742797,1.8474522274952896,0.5733692752426183,0.5681818181818182,0.0,0.0,0.7851763823294785,18.02066358180774,0.0,15.18384211560709,1.0986122886681098,144.08499999999998,0.0,16.0
1.8515788216666669,0.994188363,180.76192704812,0.8357530966077835,0.7119229255774165,0.875,0.375,0.0,0.7580392711198944,30.79697429564243,0.0,3.488033871712585,0.0,75.474,16.843366658641784,15.8
1.6053099243750002,1.879899295,147.97299231933502,2.309229914303036,0.6287121169425854,0.84375,0.1875,0.0,0.452571385828014,24.153494055262225,0.0,5.075825214724777,0.0,131.003,7.822697123132171,16.7
1.774589769875,1.3986469320756598,153.47889590845094,1.196838551512676,0.6337427701973104,0.8017241379310345,0.1896551724137931,0.2786885245901639,0.916343958589978,31.185356625124125,5.601050810983688,48.0667049320558,6.152732694704104,372.2470000000002,17.535795180681728,18.6
1.570459498181818,0.8907914102920742,167.65866168005135,1.6428571428571432,0.5821059099192918,0.4285714285714285,0.0,0.0,0.56729414595819,9.795918872531844,0.0,12.83378877709787,0.0,84.07699999999998,0.0,15.3
1.4797350781818182,0.942718143407,172.24029328039984,1.6378735781611542,0.6130118762475049,0.9583333333333334,0.4166666666666667,0.0,0.8429809818837098,24.92029737356023,0.0,7.138789230189953,0.0,80.04199999999999,5.969305287951849,16.0
1.45623165,0.9933381046062668,171.23388042639965,1.854173140553777,0.5749018780620576,0.5357142857142857,0.0,0.0,0.4541816128454379,12.634962291008742,0.0,10.623812262334202,0.0,86.07299999999998,0.0,17.8
1.5735582758,1.3379004517222224,165.171194831525,1.1577801450762175,0.6563743460447525,1.4230769230769231,0.6538461538461539,0.4736842105263157,0.9410872157860573,37.20486014573265,0.0,12.519521720192168,6.136257967948038,176.09099999999998,11.16387793838399,16.8
1.858146838888889,1.2534936371802778,156.8351505393775,1.0625000000000002,0.666265136393879,1.25,0.75,0.3333333333333333,0.8466562481426739,15.548009478789012,0.0,15.692665461309003,0.0,96.08799999999998,0.0,17.8
1.55119954,0.875148182814,168.59739818259257,1.618280117946712,0.5903428834638415,0.75,0.3,0.0,0.7607399726889995,18.66427744276921,5.783244946364939,7.0402756672896025,0.0,64.04299999999999,5.783244946364939,16.0
1.340643812695652,0.8389261646574223,172.79223359196186,1.925894270782159,0.5629516467065869,0.6,0.0,0.0,0.6001421313598588,16.369939358233538,0.0,11.49887800843636,0.6931471805599453,136.06199999999998,0.0,16.0
1.5914650955555554,1.036788666379282,161.73551400111648,1.578834283594898,0.5932403403718878,0.6785714285714286,0.2142857142857142,0.0,0.6993622192704676,18.84689269817368,5.783244946364939,10.832301424836336,0.0,88.06499999999998,5.783244946364939,15.3
1.33934,,,1.5,0.653493013972056,1.5,1.0,0.0,0.579380164285695,12.584871564745788,0.0,1.7071067811865477,0.0,44.009,6.1514994233331,15.7
1.7535000433924048,1.3256253299506808,155.5158618397278,1.2213653875824702,0.6291184998424203,0.7986111111111112,0.1944444444444444,0.2236842105263158,0.904158166413448,30.407013986722333,5.601050810983688,58.38100709051999,6.190315405853148,464.3000000000003,23.50510046863358,18.3
1.8803087151764704,1.5406235197094853,151.60185583420142,0.931665077786792,0.6851006169479225,1.3611111111111112,0.7777777777777778,0.3939393939393939,0.8782647296216898,26.473312961932244,0.0,30.528983824811064,6.18826412308259,226.17,17.344077837318974,20.3
1.8107820688,1.2662850949646596,158.38712682392958,1.148044692985054,0.6700722395209582,1.2115384615384617,0.6538461538461539,0.24,0.8836331320158104,22.030876990841804,0.0,21.866697585948103,4.835289351038727,164.11899999999997,12.045325394785731,18.4
1.7181284176470588,0.9459809915907555,165.5320048562352,1.3295885149882245,0.6160595280028179,0.75,0.2142857142857142,0.3529411764705882,0.6833934160822958,16.855650092327323,5.783244946364939,11.93147705632526,0.0,88.06499999999998,5.783244946364939,17.8
1.7312547158823528,1.4042896088345385,154.08298945786916,1.2466349999560309,0.6714177879535047,1.375,0.75,0.3529411764705882,0.9315714232285018,30.803973677718133,0.0,13.942596708793886,0.0,130.082,5.969305287951849,16.8
1.6365737077419356,1.179658421784557,161.7510910175112,1.3686916241889526,0.6176296696928726,0.9166666666666666,0.3,0.1935483870967742,0.7948316353861009,24.114786286326243,5.41499046939678,19.77583818287613,1.9459101490553128,196.121,17.845473971041084,16.6
1.6687715706031745,1.2441811460827836,158.21331244653825,1.340062725498257,0.6157739244200674,0.7045454545454546,0.0454545454545454,0.361344537815126,0.8163187623968395,28.114591982382542,24.918781127757825,86.50859913168502,6.492239835020471,716.4370000000002,5.969305287951849,20.73
1.769996028238806,1.374162360639271,154.08915007370138,1.2093044360465712,0.632138491766467,0.7916666666666666,0.1833333333333333,0.265625,0.915977441389348,30.242305866281264,5.601050810983688,49.99727274384451,6.161207321695077,384.2580000000002,17.535795180681728,17.9
1.9214459357142857,0.9743148198993332,176.828196653966,0.6563793012899688,0.7278416916167665,0.3333333333333333,0.0,0.0,0.7185463540765221,39.39943530022096,0.0,3.310660171779821,0.0,103.926,15.929943897949348,16.6
1.3770554764705882,0.8547607147924285,171.7703464699817,2.002256054680538,0.579638389886893,0.78125,0.1875,0.0,0.6068437815745426,21.059696948551032,0.0,9.126482730145904,0.0,108.05199999999998,6.155365629538759,16.6
1.4597279078,0.7986036323852085,204.33571980789355,1.6254001834432867,0.5559835757057313,0.5961538461538461,0.0,0.0,0.8400357663279465,26.68538847903634,0.0,11.814205810967614,0.0,202.053,0.0,15.1
1.6162759272413794,0.9773101483247484,165.6058718541822,1.5791546095896531,0.5954748198518218,0.5833333333333334,0.0714285714285714,0.0,0.553695703687755,15.59505645991389,0.0,36.80974978805049,2.6390573296152584,260.20699999999994,5.969305287951849,14.3
1.4373554293333333,0.8453273411773333,170.4967122473329,1.7959198245738626,0.5704709308655416,0.53125,0.0,0.0,0.8496048909370341,18.062467050412497,0.0,11.182154691719044,0.0,104.06399999999998,0.0,16.0
1.1847464054545451,0.97101730625,169.81701622292502,2.077036254298245,0.5426319361277444,0.5,0.0,0.0,0.546490490941855,14.482032757414997,0.0,3.244016935856292,0.0,52.036,0.0,15.3
1.5826439032,0.9067343653201272,167.18290294859315,1.6250000000000002,0.584115016121603,0.4375,0.0,0.0,0.5457890166997817,9.652753964598196,0.0,14.83110795092203,0.0,96.08799999999998,0.0,15.6
1.652567021818182,0.7934066373698,172.3504163088898,1.387715250091384,0.6398025040827435,1.0714285714285714,0.4285714285714285,0.4545454545454545,0.6846565531077587,23.462700033808204,0.0,8.033082567916335,0.0,96.04099999999998,11.9386105759037,18.6
1.4080476933333337,0.7924568712528,177.2284404427728,1.830427623913482,0.5656707709580838,0.5,0.0,0.0,0.5701597655573916,13.18918530022096,0.0,6.996320343559642,0.0,62.05099999999999,0.0,14.9
1.7638183227272726,1.1651814391997948,160.55053258124724,1.1945299235537603,0.6644405474764756,1.2272727272727273,0.5909090909090909,0.5238095238095238,0.9050844088127902,22.512125079320032,18.460360185545127,18.10271658089245,3.944006051281197,140.09699999999998,0.0,18.2
1.5933065860000002,0.7334723000000002,197.6411304063,1.3835379206368503,0.6427523952095809,1.4166666666666667,1.0,0.0,0.6934264036172707,16.88792315665414,0.0,3.310660171779821,0.0,38.029,0.0,15.3
1.671996206666667,0.8973033952230589,166.5362325874819,1.4166666666666667,0.5995181636726546,0.5,0.0,0.3333333333333333,0.2202187890038466,6.738756332538552,0.0,11.8125,0.0,72.06599999999999,0.0,16.8
1.65120519375,1.2264965201538462,155.0257447039154,1.4126877971749885,0.6160595280028179,0.8214285714285714,0.3571428571428571,0.0,0.6795846028063401,18.546795714879085,0.0,10.832301424836336,0.0,88.06499999999998,5.783244946364939,16.4
1.828933296428572,1.2350286623758402,159.45473030480787,0.8183166189149873,0.6752588109495293,1.4642857142857142,0.9285714285714286,0.4285714285714285,0.8732737098805868,14.38666051425784,0.0,11.93147705632526,0.0,86.07299999999998,5.687386274683562,19.4
2.1522283484,1.749232537248074,150.89130132604996,0.5336499836692776,0.7855475049900199,1.35,0.8,0.4,0.9999999999999998,45.413816042575256,0.0,14.222277029634736,0.0,195.979,21.8992491859012,19.9
1.3434991184,0.8892689283368148,167.5433746364702,1.9440730303580591,0.5595782185628743,0.5416666666666666,0.0,0.0,0.8201597655573916,20.73315252418221,0.0,7.181925737707042,0.0,80.04199999999999,0.0,15.6
1.6240260734736842,0.9119701182560924,166.40775313895242,1.3805433594098389,0.5932403403718878,0.5357142857142857,0.0,0.3157894736842105,0.6591554610142468,13.03553148147958,0.0,11.93147705632526,0.0,88.06499999999998,0.0,17.4
1.859633041230769,1.1850391004954783,158.02519387583024,0.8522192004725013,0.6827617687701519,1.4642857142857142,0.9285714285714286,0.4615384615384615,0.9011575366850628,15.16258260436306,5.749511833283905,11.93147705632526,0.0,88.06499999999998,0.0,18.0
1.6412877707142857,1.7350387444444442,151.98173252052334,2.027098169749317,0.6143769151352471,0.8181818181818182,0.1363636363636363,0.0,0.3233792432951281,18.690375524306813,0.0,10.104059275497022,0.0,161.05999999999997,7.594071046746365,18.5
1.951222155,1.3795409099687586,153.34576442006534,0.9375,0.6996386227544911,1.375,0.875,0.375,0.8944548827786958,12.883005776439322,0.0,15.692665461309003,0.0,96.08799999999998,6.076020106833881,18.6
1.996438135625,1.4140468393132002,154.53774837253323,0.9170666277486516,0.7158514595808384,1.5277777777777777,1.0,0.375,0.8944548827786958,19.71513066645669,0.0,15.983918379827625,0.0,110.09499999999996,0.0,19.5
1.8024092526206887,1.4063818828856505,152.90139835098978,1.1430543190888067,0.6345322808927601,0.76,0.16,0.3090909090909091,0.9009047994819552,27.567026840752924,12.207932775496603,44.154816270198005,6.018593214496234,316.22700000000003,11.566489892729878,18.8
1.4572465770370369,0.8831740150943157,169.83389201112504,1.8765188210559065,0.5766953378956374,0.55,0.0,0.0,0.7956273292965585,16.113942536654076,0.0,14.932067603529251,0.6931471805599453,128.08599999999998,0.0,15.3
1.8501801107142848,1.27115597277584,159.49005521714386,0.8468318838843958,0.6868248502994011,1.4722222222222223,0.8888888888888888,0.4285714285714285,0.9107950720287574,22.6843830337672,0.0,12.113354655879466,0.0,118.07099999999998,5.687386274683562,20.0
1.4797350781818182,1.1025694870536924,160.97237979540753,1.6378735781611542,0.6130118762475049,0.9583333333333334,0.4166666666666667,0.0,0.8429809818837098,24.92029737356023,0.0,7.167019170087782,0.0,80.042,5.969305287951849,15.3
2.101886586,0.7276934273333333,174.49703370173333,1.7221754316861515,0.6447881328252585,1.1,0.6,0.0,0.4873100251702876,23.090885656005494,9.837253136417502,3.25,0.0,88.08699999999999,9.837253136417502,19.0
1.6344344228888887,0.9805652552219656,165.0956728478158,1.4854906742246734,0.5973494610778445,0.5394736842105263,0.0526315789473684,0.0,0.6579763777156653,14.866251300825216,0.0,35.121323232656145,2.995732273553991,232.19699999999995,0.0,14.3
1.423398036923077,0.8312408961547,174.4670769215822,1.8736092023496629,0.5824783575705731,0.7916666666666666,0.25,0.0,0.7840687819093441,22.23277234020052,0.0,7.138789230189953,0.0,80.04199999999999,5.969305287951849,15.8
1.406592167818182,0.8822016782299377,169.45987201625914,1.7595443632363412,0.5665478260869564,0.5555555555555556,0.0,0.0,0.8124816029083346,19.891531262835937,0.0,11.175823855126753,0.0,120.06299999999996,0.0,16.0
1.8003793039999996,1.2627568710734736,156.66540330503665,1.020081689704107,0.6564743145288371,1.25,0.7222222222222222,0.3157894736842105,0.9163073301685164,21.215896996664743,5.749511833283905,15.796259856782449,0.0,112.08699999999996,0.0,18.0
1.6859762628936172,1.0385219353824116,163.67917600238033,1.3395268597239822,0.6200051471525038,0.881578947368421,0.3421052631578947,0.1276595744680851,0.7451624969433783,19.795340824928484,12.356393797796825,33.74348893088386,4.1067670822206574,236.185,0.0,16.8
1.7042527338095237,1.1470125797238602,161.16501906009807,1.3525936745344929,0.6358347020245225,1.025,0.45,0.1428571428571428,0.7195755773361371,25.35613454212984,0.0,31.72721449410172,5.088560376568013,256.172,11.9386105759037,17.8
1.982392115375,1.6281345609258275,151.97174648472895,0.7121159979631231,0.7237855913173654,1.3333333333333333,0.7777777777777778,0.375,0.9257048827786958,31.477699562947063,5.749511833283905,13.888114958876676,0.0,135.529,11.600939890232516,20.3
1.55119954,0.8100618879245,170.604101828812,1.618280117946712,0.5903428834638415,0.75,0.3,0.0,0.8180073353228107,19.00145464815087,6.286160523129555,7.168655300614687,0.0,64.04299999999999,6.286160523129555,14.7
1.3339401526666668,0.735683734783,173.0925780121497,1.701326818330451,0.5503613081529248,0.5,0.0,0.0,0.8595824360039367,17.841315934429606,0.0,5.375718042732256,0.0,68.03099999999999,0.0,16.8
1.5952830330731709,0.9427097773346668,166.2253202050599,1.558094908937098,0.5871429141716569,0.4821428571428571,0.0,0.0,0.534324158782374,11.761059275895947,0.0,25.121412794647643,1.791759469228055,172.14199999999997,0.0,14.3
1.4869820821176472,0.8325270361276924,169.72741801161231,1.655711088991783,0.5706425815036593,0.4583333333333333,0.0,0.0,0.8300677204059526,15.117208738955778,0.0,9.144987822087163,0.0,76.05399999999999,0.0,15.9
1.4461695593333337,0.7983292211297576,172.68486983063582,1.6384046039855795,0.5656707709580839,0.45,0.0,0.0,0.8007048827786958,14.86002752418221,0.0,7.168655300614687,0.0,62.051,0.0,16.2
1.4702425437333335,0.9028902681916798,170.20518392651567,1.550386772759548,0.6021835329341318,0.875,0.3125,0.0,0.90625,26.7240670873637,6.606881964512918,9.314798296835455,0.0,108.052,5.969305287951849,16.0
1.7889389644411764,1.5078825851104525,151.96841342510996,1.1432802486399245,0.6469172987358618,0.9083333333333332,0.25,0.3174603174603174,0.9176257736022392,33.01893200028764,11.70501719873199,53.17551131958714,7.830537396151597,378.2780000000002,0.0,19.8
1.8083019597894727,1.4343043513967555,152.35743376566413,1.0804350878720257,0.640388157019295,0.7980769230769231,0.1923076923076923,0.3148148148148148,0.930784195764548,30.67697393407336,12.207932775496603,44.1944824950538,6.311734809152915,332.22600000000006,11.566489892729878,19.0
1.3488185860000002,0.838632451221,171.75457641983172,1.9970419772853405,0.5778311377245507,0.85,0.3,0.0,0.8224908743082042,22.233519752618182,0.0,5.315101910021413,0.0,68.03099999999999,6.472220864716464,13.2
1.5588972305454545,1.13381971225,155.18160094987817,1.2941538761000888,0.6130118762475049,0.9166666666666666,0.4166666666666667,0.0,0.8429809818837098,25.151707923741963,0.0,7.198289965647392,0.0,80.04199999999999,5.969305287951849,15.8
1.6508062641904762,1.1356899438623838,163.09264332615533,1.2672156437416673,0.6238527516395781,0.9861111111111112,0.4166666666666667,0.1428571428571428,0.8697009772438168,27.484935371705248,25.005116591457703,29.53123267203392,4.55519181618185,226.17,0.0,17.1
1.7512108475,1.3473318289491525,150.7441243865924,1.2753344842464605,0.6279217065868264,0.775,0.25,0.25,0.7613151824909574,22.381379381589586,0.0,17.409491058543225,0.0,124.09799999999996,5.783244946364939,16.6
1.5244341735,0.8719266376538859,168.9289843824296,1.5450600485420751,0.5854853821768229,0.7142857142857143,0.2142857142857142,0.0,0.8452241730691281,21.452075456019777,0.0,9.305536050585369,0.0,92.05299999999998,5.969305287951849,16.7
