AATS2p,AATS3i,GATS1p,VE2_Dzi,Mp,ETA_alpha,AETA_beta_ns,fMF,SIC3,PEOE_VSA10,SMR_VSA10,sp_d
2.233564137777778,155.47774309614414,0.5483742032891515,0.3488274895302431,0.8506572854291417,4.428571428571429,0.875,0.5,0.7210570543488701,0.0,23.20187978046503,19.2
1.4553731331748845,155.30396463018744,1.10994005285962,0.3280561849631724,0.6561586474110603,4.166666666666666,0.7777777777777778,0.3529411764705882,0.8452241730691281,0.0,0.0,18.0
1.5382099256364667,149.46475581176057,1.0625000000000002,0.3471825374147068,0.666265136393879,4.0,0.75,0.3333333333333333,0.6334896111932238,0.0,0.0,17.6
1.858146838888889,150.63920318616508,0.8369565217391307,0.2858431788113272,0.7269442025040826,6.0,1.0,0.5454545454545454,0.6788239796724709,0.0,0.0,21.5
1.39608180555168,163.76544833788196,1.020738202026188,0.4409871074901254,0.6486199600798401,2.833333333333333,0.0,0.0,0.5305768217953362,0.0,11.761884949391115,16.8
1.3343782874645738,160.29872059756968,1.399696643077713,0.184730254349495,0.6226286880783886,13.333333333333334,0.3214285714285714,0.0909090909090909,0.6866128235872253,0.0,11.9386105759037,16.6
1.9397999395,151.38206963199795,0.7944172677183066,0.2642535795124536,0.7500946888831035,6.9,1.0,0.6086956521739131,0.9231079201886944,0.0,21.80584986416212,19.6
2.198383693157895,155.2974877304943,0.4791512371005231,0.3277111920023419,0.8221636112390602,4.761904761904762,0.8333333333333334,0.4615384615384615,1.0000000000000002,5.749511833283905,23.20187978046503,21.3
1.6405031790077649,156.06161525880557,1.0211182782315686,0.2395098675538817,0.6741176130497629,7.8,0.6176470588235294,0.4137931034482758,0.8615163659773635,0.0,17.845473971041084,18.2
1.165926018966102,167.0490838980761,1.595649943121402,0.328281001773017,0.5802677755599911,4.333333333333333,0.0,0.0,0.7739592896825362,0.0,0.0,16.2
1.192153346355577,166.25036313558812,1.6125294510892936,0.209730498259958,0.5981497219846023,10.333333333333334,0.1363636363636363,0.0,0.6878657189069397,0.0,11.9386105759037,14.5
1.37351156714245,164.88857114911482,1.1559493338094309,0.3718282885679685,0.6427801934592352,3.1666666666666665,0.5714285714285714,0.3846153846153846,0.958424899318874,12.36712938338736,0.0,17.4
1.582092211503299,153.08376807421064,1.1300937745194175,0.1933952602721201,0.6317770530367834,12.16666666666667,0.1538461538461538,0.3035714285714285,0.921559521913216,12.207932775496603,11.566489892729878,19.0
1.3052441737807616,163.11665506367547,1.4285714285714282,0.3755832771586201,0.5995181636726546,3.5,0.0,0.2857142857142857,0.6502045839535272,0.0,0.0,16.0
1.661310155,157.6719899900939,0.7957312854189353,0.3490104123424368,0.6682958939264327,3.6666666666666665,0.875,0.4285714285714285,0.7373504649628064,0.0,0.0,20.0
4.752400000000001,,2.5,0.4403536734374855,1.2443113772455092,3.3571428571428577,0.0,0.0,0.3109175070825711,0.0,46.40375956093006,17.8
1.755069281173582,151.1710893418136,0.9092609920623028,0.226119268157724,0.6978969696969698,9.0,0.7894736842105263,0.3939393939393939,0.8993488907313026,0.0,11.75255023431679,19.5
1.3423607889427145,162.74924140861657,1.3416529962340675,0.2536208333092297,0.6377148390718563,7.066666666666667,0.5,0.1875,0.8827819531114784,0.0,5.969305287951849,16.6
1.7007857083165556,150.84292969426244,1.5165110829484956,0.1933926615604319,0.7123283603006754,12.833333333333334,0.8076923076923077,0.4680851063829787,0.6491764967646625,17.248535499851716,7.822697123132171,19.0
1.8078028712374168,159.08359659223584,0.5107668158642313,0.3279504828788692,0.7136059505988025,4.514285714285714,0.8333333333333334,0.375,0.875,0.0,22.97571243959964,19.0
1.2158595240287895,173.19998569064143,1.0045275701854302,0.4409076333640795,0.6317141217564869,2.5476190476190474,0.0,0.0,0.8605285271744351,0.0,11.600939890232516,17.5
1.196380864367353,161.17634445856072,1.5371528427241783,0.34879553664829,0.5875902994011976,3.6666666666666665,0.1875,0.0,0.7192842873161823,5.783244946364939,5.783244946364939,15.8
1.0782655815805384,169.7616955474164,1.6454118475780486,0.402058233899227,0.5595782185628743,2.6666666666666665,0.0,0.0,0.6014097655573916,0.0,0.0,15.7
1.030263251050617,169.20021910708795,1.854318768715476,0.2629288532299439,0.5854853821768229,6.333333333333333,0.1071428571428571,0.0,0.7975441203011776,6.606881964512918,5.969305287951849,16.0
0.85008709881225,171.1791081722219,2.0921198284791065,0.4410120619848802,0.5503613081529248,2.1666666666666665,0.0,0.0,0.8180073353228107,0.0,0.0,16.2
0.8360456501073846,182.33471616627853,1.907253819041806,0.5709410244635842,0.541766999334664,1.3333333333333333,0.0,0.0,0.7632300273809492,0.0,0.0,15.8
1.3643531507618376,166.07078700589713,1.0648343938151217,0.328416636203661,0.6610640433418876,4.761904761904762,0.0,0.0,0.403508826968349,10.120465266056035,23.20187978046503,19.0
5.668109325,,0.7070713165424434,0.4928130070851739,1.3756638323353294,4.5,0.0,0.0,0.5904362833084089,2.6457101185676493,47.78983169384804,16.6
1.9008970704761905,158.2119487733335,0.5996550088969206,0.3122512256458023,0.7515471343028228,4.780952380952381,0.85,0.4285714285714285,0.9624786378518296,5.022633313741326,17.28832616491608,19.6
1.132261193775925,158.88421190065665,1.7141808475202944,0.3285740279034583,0.5891461077844311,4.166666666666666,0.1666666666666666,0.0,0.7210783055808013,5.783244946364939,5.783244946364939,15.3
1.5613886447767475,153.24434936320094,1.1688331674108168,0.2012386084341346,0.6288855431993156,11.5,0.1041666666666666,0.3035714285714285,0.8946389567122593,5.601050810983688,5.783244946364939,18.4
1.5193346711223104,152.2253596431031,1.0935759770299651,0.2962615875619758,0.664996659312953,5.0,0.7272727272727273,0.3157894736842105,0.9410872157860573,5.749511833283905,5.969305287951849,18.2
1.6634912512920226,153.0211196804735,1.0286603039755204,0.2475797856229592,0.704118939897982,7.566666666666666,0.84375,0.5555555555555556,0.9473844505291,6.606881964512918,5.969305287951849,18.3
1.1478664764739697,166.62706851055475,1.578834283594898,0.3722491446254208,0.5932403403718878,3.333333333333333,0.2142857142857142,0.0,0.8078347747194918,5.783244946364939,5.783244946364939,15.3
1.258039415596952,166.05882784009663,1.4432843669695918,0.2054314432517647,0.5792607584830342,9.666666666666668,0.0,0.2666666666666666,0.8305599130346862,49.33464667875103,0.0,17.7
1.2029236085590371,166.08408693188562,1.9890457495276928,0.2364348085335044,0.6107976456178554,8.333333333333332,0.088235294117647,0.0,0.5885640316001505,0.0,7.822697123132171,16.4
1.092243214568923,177.3178451938995,1.417250943203589,0.4942712214957527,0.6283409846972722,1.9,0.75,0.0,0.7632300273809492,0.0,0.0,15.3
1.6860588916320716,149.45943953305323,1.060643403064857,0.2466668198132924,0.7131323353293414,7.333333333333332,0.78125,0.5416666666666666,0.9567891094945742,0.0,21.93848871221408,21.9
1.873103895962264,155.18309134315243,0.728444290596247,0.2206638788062714,0.7411381688236434,9.680952380952382,0.775,0.5483870967741935,0.9690396871254088,0.0,28.907190897038284,15.6
0.9275918410341876,181.78450433839387,1.700902875039778,0.4930782184866053,0.5394420794774087,1.7333333333333332,0.0,0.0,0.8423282765538793,0.0,0.0,17.0
1.612433072527088,154.53566270004163,1.470951347248466,0.1739892489893137,0.6504422445431718,14.952380952380956,0.203125,0.2741935483870967,0.9234352329742264,12.207932775496603,19.38918701586205,18.6
1.857033847368421,153.8447658070346,0.8362181634699226,0.3503956242793355,0.742697604790419,3.9,1.125,0.4615384615384615,0.9011575366850628,0.0,0.0,17.4
1.0706146948293185,169.60779490687918,1.6083930089953478,0.3716172370419727,0.6103131337325347,3.1666666666666665,0.3571428571428571,0.0,0.8506077525009399,0.0,5.969305287951849,15.5
1.5802918738438447,153.07272708581326,1.1430543190888072,0.1971035857941141,0.6345322808927601,11.833333333333336,0.16,0.3090909090909091,0.9071946064072306,6.606881964512918,11.566489892729878,18.6
1.402402385572123,154.1484615564681,1.2374632249105566,0.2150290826405003,0.647754859511746,9.6,0.6904761904761905,0.3333333333333333,0.8094208427896814,5.817862777835028,11.766202058821523,14.3
1.6559028540909089,159.05449209638513,0.786291340691685,0.311516402763384,0.67305249500998,4.4,0.85,0.4,0.9999999999999998,5.749511833283905,5.687386274683562,19.9
1.904091036176096,150.5365666442196,1.0929265185299912,0.2054890630289877,0.7377962242182304,11.2,0.6956521739130435,0.4722222222222222,0.9274125779787372,0.0,32.274880457546594,19.2
1.526724356506387,158.19941798012542,1.020081689704107,0.3278725508762132,0.656474314528837,4.333333333333333,0.6666666666666666,0.3157894736842105,0.8915274445509752,0.0,0.0,18.2
1.6073189205074243,153.0755764203968,1.1172718746822918,0.193298249590579,0.640388157019295,12.16666666666667,0.2115384615384615,0.3148148148148148,0.9203418238044933,12.893042487642472,17.852650415859433,19.0
1.721912336818182,154.17752219151282,0.8654456785159361,0.3294407623298682,0.6904095009980039,4.166666666666666,0.8333333333333334,0.4,0.9188632257835572,0.0,5.969305287951849,17.63
1.8847240209677416,150.01772614143243,0.7577867495043098,0.2979442568825645,0.7197082886857863,5.333333333333333,0.9545454545454546,0.5263157894736842,0.9008804575298364,5.749511833283905,10.772448428929591,19.7
1.0256006805511515,154.4671176153,2.044174942162181,0.348020569306249,0.5794465868263472,3.633333333333333,0.1875,0.0,0.3866215628231586,0.0,6.031114512338072,16.7
1.6343639390178366,153.28799062999917,1.0301278069158473,0.2208279790930113,0.6487075666848123,9.666666666666666,0.325,0.3863636363636363,0.9135987000779996,5.749511833283905,0.0,18.4
0.9608164055220002,182.53840950370417,1.5955350267135038,0.4930046520263909,0.5426319361277444,1.7999999999999998,0.0,0.0,0.5350950905814502,0.0,0.0,16.6
1.127035102283613,164.83586350217402,1.655711088991783,0.4021470884885352,0.5706425815036593,2.833333333333333,0.0,0.0,0.7134271000492676,0.0,0.0,15.3
1.0329788213372502,168.2337039340536,2.1899299237925223,0.3258841520921516,0.6131714465805231,4.166666666666667,0.3333333333333333,0.0,0.6095956897791651,0.0,10.399000581649606,15.8
1.1863953214784917,166.83506044816502,1.5760170887710836,0.2965898067973826,0.5837678461259301,5.333333333333333,0.0,0.0,0.6289043624368857,0.0,0.0,16.0
2.3447112808081667,,0.5003246321953556,0.5709306921628338,0.9860582035928144,2.5476190476190474,0.0,0.0,0.8277293767706428,0.0,27.530883788181864,17.4
1.65578472893617,159.86834362424733,0.9291518449305766,0.2205430752459854,0.6852392525294242,8.823809523809524,0.7,0.4482758620689655,0.9662490161715152,11.381314269532025,17.47455434047044,16.8
1.58745001738188,153.0007692959723,0.9489330735042038,0.3486139627762675,0.6671535928143713,3.8333333333333335,0.8125,0.375,0.8944548827786958,5.749511833283905,0.0,18.2
1.3754075482252064,159.84682635856686,1.3801491703881836,0.245573470567268,0.6160315956322651,7.3,0.28125,0.1764705882352941,0.7903458454515236,5.41499046939678,17.845473971041084,16.4
0.9961580764383076,171.2902151647738,1.8668973522568912,0.4082265292515188,0.5824783575705731,2.6666666666666665,0.0,0.4285714285714285,0.3621368434811013,0.0,0.0,19.0
1.2151075207979272,161.63476795474173,1.584716136869182,0.3113701212448664,0.5821928143712577,4.833333333333334,0.0,0.0,0.5583112581394287,0.0,0.0,14.9
1.0382417020937578,178.2565809205805,1.619043880668556,0.3717301181162828,0.5583326047904191,3.2,0.0,0.0,0.6529326802603611,0.0,0.0,16.7
1.9527801722222224,156.95224364162746,0.6737422316270444,0.3743119600139471,0.7751479540918162,3.7142857142857135,0.9285714285714286,0.5,0.8894714728255649,0.0,11.600939890232516,19.0
1.5594433673596018,153.23603175774284,1.181522969982754,0.2054343817758785,0.6315881981491563,11.166666666666666,0.108695652173913,0.3090909090909091,0.8922409442372237,5.783244946364939,5.783244946364939,18.0
0.9314667846264,183.3235377985996,1.8416232226201987,0.4395624547657308,0.5615547904191616,2.0666666666666664,0.3,0.0,0.7966576244513051,0.0,0.0,16.0
1.1836971143946735,164.71038197604884,1.595649943121402,0.3274116115578653,0.5802677755599911,4.333333333333333,0.0,0.0,0.7701408015872945,0.0,0.0,15.9
1.1248474062376217,168.71509286440576,1.6288193170964724,0.3721551637791246,0.5747676646706587,3.333333333333333,0.0,0.0,0.7966700046713838,0.0,0.0,15.8
1.79931310983978,153.60374794659649,0.8333089231262183,0.2152783589789917,0.728642286016203,10.18095238095238,0.7380952380952381,0.5,0.9450218559700764,0.0,28.907190897038284,21.9
0.8513471045052222,185.0509643601995,1.7367135638072904,0.5708492211331512,0.5824783575705732,1.3333333333333333,0.5,0.0,0.7580392711198944,6.286160523129555,6.286160523129555,14.7
1.6719962066666667,158.44569299858546,0.9166666666666666,0.4082482904638632,0.699638622754491,3.0,1.0,0.5,0.2789429456511298,0.0,0.0,18.4
1.449701335673472,165.58488776896354,1.03369205645962,0.3758803036340931,0.6498577178975382,3.7142857142857135,0.0,0.3333333333333333,0.6334896111932239,0.0,11.600939890232516,17.3
1.037060066011484,166.4450011221651,1.8790120593957864,0.2629143531377322,0.5751404856952763,6.333333333333332,0.0,0.0,0.6948484235284589,0.0,0.0,15.3
1.04984938121225,173.80024372399083,1.577948170175632,0.4399119219465542,0.5778311377245507,2.1666666666666665,0.3,0.0,0.8224908743082041,0.0,5.969305287951849,14.7
1.0393274702175297,171.39889732594256,1.838190752455256,0.4066036395052283,0.6037827544910179,2.5,0.25,0.5,0.7591760034688151,13.213763929025836,6.155365629538759,19.4
1.240678319231125,170.88324365780662,0.9689516285010604,0.4417056169883377,0.678201497005988,2.547619047619048,0.0,0.3,0.8795880017344075,0.0,11.600939890232516,18.9
1.1557140249862163,164.0949708609945,1.6288193170964724,0.37247098490954,0.5747676646706587,3.333333333333333,0.0,0.0,0.7369361072666522,0.0,0.0,15.4
1.7139305518687085,152.91014100484747,0.9310344827586204,0.264938522564496,0.6996386227544912,7.0,0.8571428571428571,0.5,0.6916200304583038,0.0,0.0,18.6
1.415269783646533,161.00749548494,1.3034482758620691,0.3139778321638361,0.6138210863986314,5.0,0.0,0.3571428571428571,0.4948216913570485,0.0,0.0,18.8
1.445860140923077,167.6233450674952,1.1532377432786205,0.4471151076812184,0.6752609447771124,2.333333333333333,0.8,0.5555555555555556,0.7896900821428475,0.0,0.0,17.8
1.803125012058552,152.59517666378568,0.86167704000302,0.2206481511187299,0.7361696425331157,9.847619047619046,0.775,0.5151515151515151,0.9308576902429788,6.544756405912575,28.907190897038284,15.9
1.2075791721157727,171.7547464543372,1.5013841133143917,0.4066584100882255,0.6130118762475049,2.6666666666666665,0.25,0.4166666666666667,0.8605285271744351,0.0,5.969305287951849,19.0
1.1255363564519547,151.7949536017211,1.6083930089953482,0.3717961474333427,0.6103131337325347,3.166666666666667,0.3571428571428571,0.0,0.8035987149258059,0.0,5.969305287951849,15.8
1.5382099256364663,149.63041983262266,1.0625000000000002,0.348263809913514,0.666265136393879,4.0,0.75,0.3333333333333333,0.6334896111932238,0.0,0.0,17.8
1.5193346711223104,152.2239270190468,1.0935759770299651,0.2968889389439952,0.664996659312953,4.999999999999999,0.7272727272727273,0.3157894736842105,0.9163073301685164,11.3129633249809,5.969305287951849,16.0
1.034820215699905,173.2568199456793,1.6392897866757528,0.4016830183887567,0.545352609067579,2.5,0.0,0.0,0.7373504649628063,6.103966387748303,0.0,17.4
4.111746934999999,153.97536415976103,0.5954065732942884,0.4020552696670308,1.2629929640718562,6.333333333333333,0.0,0.0,0.5,0.0,63.719775591797394,22.7
1.163811752314167,166.33970529939978,1.7495014889630809,0.2624111872394877,0.595460273738238,6.533333333333333,0.1071428571428571,0.1714285714285714,0.7088723576607364,0.0,6.031114512338072,16.4
1.4648018585426663,156.1719859973507,1.15,0.3084780694305476,0.6495783932135729,5.0,0.6,0.25,0.6591232116726952,0.0,0.0,18.0
1.113880663013611,168.3247239040928,1.6666666666666667,0.4019661741155279,0.5794940718562873,3.0,0.0,0.0,0.5660527641737118,0.0,0.0,14.9
1.5753061925,163.36354641310567,1.0247501126043033,0.4080653323829538,0.6959153511159498,2.9,1.0,0.5454545454545454,1.0000000000000002,0.0,0.0,19.0
1.0045495000000002,,0.5790757456959892,0.4395827945317329,0.7653892215568863,2.6904761904761907,0.0,0.0,0.5904362833084089,0.0,15.929943897949348,9.6
1.1449677522336177,167.0942260342571,1.5759250282573132,0.3277706950036436,0.6072288565725691,4.166666666666666,0.2777777777777778,0.0,0.8617186471562275,0.0,5.969305287951849,15.6
1.9721064708081664,169.09262468784402,0.5128429920617948,0.4934466115412086,0.9062254491017964,3.666666666666666,0.0,0.0,0.5,0.0,31.859887795898697,19.6
1.04975894964376,171.3471382471428,1.6965599023193283,0.4408255241722324,0.5648674650698601,2.333333333333333,0.0,0.0,0.8164800158596313,0.0,0.0,16.0
1.744125420087442,153.67118449782382,0.9054073790806688,0.231767905329155,0.6930521344407963,8.452380952380953,0.7777777777777778,0.3870967741935484,0.9250568525358428,5.817220841045895,5.969305287951849,19.4
2.279322787222222,148.6431916990747,0.553514428229721,0.2546659060082875,0.8505049265106156,8.142857142857142,0.9,0.5454545454545454,0.9311480997434252,0.0,34.802819670697545,19.2
1.0301801491163334,170.9889728002587,1.75,0.4935437288187483,0.5709123182207013,2.0,0.0,0.0,0.4838978847239801,0.0,0.0,14.1
0.9568674222754572,172.036555489924,1.919241081863788,0.3281659462912746,0.5824783575705731,4.0,0.1666666666666666,0.0,0.8318516984538616,6.606881964512918,5.969305287951849,15.9
1.3044684317551043,169.05828185650992,1.430110414168417,0.2640609471910436,0.5830820858283433,5.7142857142857135,0.0,0.25,0.5908767883273048,0.0,0.0,12.5
1.490540419387,152.47499475850557,1.118186328365644,0.2954472086826971,0.6428048383233533,5.333333333333333,0.5909090909090909,0.24,0.7909955733778441,5.749511833283905,0.0,16.5
0.9858921128854286,164.3251616718231,1.970364908205491,0.4020843793878075,0.5606454033110251,2.7333333333333334,0.0,0.0,0.6904483461382558,0.0,0.0,16.1
1.932377831052632,156.66160968034688,0.6104022689056575,0.348700825597725,0.7524626900046061,4.047619047619048,0.875,0.4615384615384615,1.0000000000000002,5.749511833283905,11.600939890232516,19.3
1.4951401118939762,158.57828909968447,1.1931404351251609,0.2106825953291399,0.6503363459128256,10.233333333333333,0.3409090909090909,0.4186046511627907,0.8906705425713152,24.2298052094063,5.969305287951849,19.200000000000003
1.1787211105660282,165.97203302147568,1.61796911678637,0.1857457261867436,0.5932403403718878,13.333333333333336,0.0357142857142857,0.0,0.6757363307573152,0.0,0.0,13.3
1.1729865240341877,159.5088803145108,1.51345195512385,0.3117512416918694,0.6216745508982036,4.5,0.25,0.15,0.8755776673507595,12.71084835226122,5.969305287951849,16.3
1.232450088173659,163.6175717184022,1.5323376211099842,0.2321569474746154,0.6028915918163673,8.666666666666668,0.1388888888888889,0.0,0.638092355155599,0.0,5.969305287951849,14.4
1.5751609047612043,156.23332873154223,1.1152801795156508,0.2011063387684983,0.6637603792415169,11.466666666666669,0.4791666666666667,0.3958333333333333,0.9449605096562934,5.749511833283905,10.902924932081056,20.72
1.6800273725939598,155.54199367163704,0.7827986593095808,0.3112317431668629,0.6714177879535047,4.566666666666666,0.8,0.3529411764705882,0.9712175832802088,0.0,11.656691562635412,17.3
0.9877682192729332,169.15341220452498,1.6577428677265036,0.4919732949568356,0.5875902994011974,1.8333333333333333,0.375,0.0,0.4729032506370176,5.783244946364939,5.783244946364939,15.5
1.5814387997536414,153.23939214066831,1.1485793495659946,0.2156404709074459,0.6355151411462789,10.166666666666668,0.119047619047619,0.3469387755102041,0.8927388372807967,0.0,5.783244946364939,18.3
1.58745001738188,153.0023501225172,0.9489330735042038,0.3483717182474695,0.6671535928143713,3.8333333333333335,0.8125,0.375,0.9257048827786958,5.749511833283905,0.0,18.0
1.581998676629852,152.54172364811825,1.1562964621429066,0.2015562823214289,0.6373895542248837,11.5,0.1666666666666666,0.3148148148148148,0.8897405402071389,5.601050810983688,11.566489892729878,18.4
1.7896144725818797,151.91930596851998,0.7121159979631233,0.3275220196473446,0.7237855913173653,4.547619047619048,0.7777777777777778,0.375,0.9257048827786958,5.749511833283905,11.600939890232516,20.3
1.29573367100241,167.50243556884348,1.3490570609957493,0.3760878647383804,0.5924643413173653,3.4,0.0,0.3,0.6586040494376154,0.0,0.0,17.2
1.105729433241613,161.84576984601065,1.8021930642717592,0.284821890055296,0.5807228953856993,5.666666666666667,0.0,0.0,0.3954664616479688,0.0,0.0,14.7
1.3906929070842666,160.99058820174082,1.3376093802966862,0.2728401273973208,0.6219764311377246,5.8,0.3461538461538461,0.24,0.6941354464635174,5.41499046939678,17.845473971041084,16.7
1.1975811769108888,166.14488389813894,1.5833333333333337,0.2838017777008604,0.5889791679798301,6.0,0.0,0.0,0.4533202832557829,0.0,0.0,16.0
0.9491108224244998,,0.8078260634706176,0.7066007721023038,0.7006441916167666,1.2142857142857144,0.0,0.0,0.5904362833084089,0.0,11.600939890232516,15.3
1.3499902437996925,154.87851079908333,1.1975585933459605,0.4415370204581924,0.6655068862275448,2.4,0.8,0.0,0.7966576244513051,0.0,0.0,15.8
1.59721489707075,160.18541249207237,0.7371197601210361,0.3483195312659417,0.6569739520958084,3.8,0.875,0.375,0.6875,0.0,11.374772549367124,19.5
0.9837854844786316,172.8814098118973,1.7657684285788298,0.4927527274243785,0.5562047904191615,1.8333333333333333,0.0,0.0,0.5929809818837098,0.0,0.0,15.8
0.8036903018081668,185.0509643601995,1.5361933463124038,0.5683388317568538,0.5561256487025948,1.2333333333333334,0.5,0.0,0.8710490642551527,0.0,6.410095306116121,17.2
1.0070092864017084,161.19191649418866,1.9039877258552225,0.4017462123626718,0.5821611576846306,2.7333333333333334,0.25,0.0,0.6200787307854372,0.0,5.907179729351506,16.8
1.115244987633475,164.4664600217253,1.7141808475202944,0.328591277254063,0.5891461077844311,4.166666666666666,0.1666666666666666,0.0,0.7475569342917416,0.0,5.969305287951849,15.3
1.932377831052632,156.6610719259777,0.6104022689056575,0.348917519206292,0.7524626900046061,4.047619047619048,0.875,0.4615384615384615,0.958424899318874,5.749511833283905,11.600939890232516,20.3
1.5390784986804515,149.85782173286714,1.0200816897041067,0.3273065047977315,0.6564743145288371,4.333333333333334,0.7222222222222222,0.3157894736842105,0.783054889101951,5.749511833283905,0.0,17.0
0.9384555039776296,174.79042026408626,1.893093138336282,0.3717882999080846,0.5549112363508277,3.0,0.0,0.0,0.6546109993625047,0.0,0.0,16.6
1.0072706057698,167.84223903466437,1.896654439266096,0.3110730777281172,0.5703520958083833,4.499999999999999,0.0,0.0,0.7359930916351155,0.0,0.0,15.5
0.907630211210394,170.0958136610815,2.0535050525148915,0.3479106446437751,0.5616022754491018,3.5,0.0,0.0,0.7424221086321582,0.0,0.0,16.2
1.1847658875642382,168.1398917393339,1.45638950212495,0.2841630708226932,0.5565891754951635,5.0,0.0,0.0,0.7217936222763713,24.41586555099321,0.0,18.6
1.72244732095063,156.15725574323037,0.880749536441861,0.2046904061244121,0.7222676796407186,11.347619047619048,0.6739130434782609,0.525,0.9212931516386916,6.544756405912575,28.907190897038284,15.7
1.1227722822641428,176.7684016089396,1.3167948518508692,0.4421061523590565,0.6135308383233532,2.2333333333333334,0.6,0.0,0.8795880017344075,0.0,0.0,17.2
1.7877950514739598,154.06284080162257,0.7121159979631233,0.3267567339831496,0.7237855913173653,4.547619047619048,0.7222222222222222,0.375,0.96875,0.0,11.600939890232516,18.7
2.464389555263158,153.93336578064174,0.3984736122430057,0.3107740575419633,0.8918645324735144,5.476190476190476,0.8,0.4615384615384615,0.958424899318874,0.0,34.802819670697545,19.6
1.58745001738188,153.0023501225172,0.9489330735042038,0.347593219819336,0.6671535928143713,3.8333333333333335,0.8125,0.375,0.9257048827786958,5.749511833283905,0.0,18.3
8.41,,1.5,0.5733034042300106,1.4910179640718564,2.166666666666667,0.6666666666666666,0.0,0.579380164285695,0.0,28.74989105419986,20.5
1.661310155,157.67197461271593,0.7957312854189355,0.3488033799333826,0.6682958939264327,3.6666666666666665,0.875,0.4285714285714285,0.9249572757036592,11.49902366656781,0.0,18.0
1.10086716974564,162.74106640787497,1.6965599023193283,0.4406357478711536,0.5648674650698601,2.333333333333333,0.0,0.0,0.4320425804849019,0.0,0.0,15.2
1.8122811208797904,153.5718635771565,1.2333453497516098,0.2059718407066355,0.7173371423819029,10.866666666666667,0.782608695652174,0.5,0.9381584892908076,5.817862777835028,27.50749853225029,18.9
1.5434767429087055,154.388197406348,1.1881470454327836,0.1709194383240423,0.6330946644025381,15.166666666666671,0.2121212121212121,0.2537313432835821,0.9175505206264158,5.601050810983688,23.50510046863358,18.5
1.3158303752729337,169.15341220452498,1.3190451293579255,0.4914758527613448,0.6612429940119761,2.166666666666667,0.375,0.0,0.4729032506370176,0.0,10.799569042904308,18.4
1.734966447428571,152.96178853430385,0.9264341045952984,0.3499048360979142,0.7054216424294267,3.833333333333333,0.9375,0.4285714285714285,0.9107950720287574,6.286160523129555,6.286160523129555,19.4
0.9161018632728464,174.81312954485327,1.9440730303580591,0.4016351851873347,0.5595782185628743,2.6666666666666665,0.0,0.0,0.8319548827786958,0.0,0.0,16.2
1.1129672838293183,170.52151147486305,1.5571698870151491,0.4019962710993028,0.5824783575705731,2.666666666666667,0.25,0.0,0.8357523477324165,0.0,5.969305287951849,14.9
1.239798000205686,165.16805056386394,1.820890798057285,0.1810257504179006,0.6057218787425148,14.333333333333334,0.0517241379310344,0.0,0.5375387578516349,0.0,7.822697123132171,16.2
0.7608191441163333,182.37567467659449,1.966619845903264,0.5732348633751548,0.5236698602794411,1.3,0.0,0.0,0.7632300273809492,0.0,0.0,16.2
1.522212415231158,156.8066929974509,1.2291055391270596,0.166324657153259,0.6388897667351863,15.904761904761909,0.1857142857142857,0.2985074626865671,0.9021365656820854,6.1716753955102925,17.535795180681728,18.1
1.932377831052632,156.66160968034688,0.6104022689056575,0.3479349771238638,0.7524626900046061,4.047619047619048,0.875,0.4615384615384615,1.0000000000000002,5.749511833283905,11.600939890232516,19.3
2.450883587474834,176.33957740008998,0.534200123260242,0.4916079126839903,0.901555489021956,2.428571428571429,0.25,0.0,0.7420981285103057,0.0,23.20187978046503,12.3
0.7617932905052223,185.18427669615,2.1619965834602994,0.4932896548335848,0.5452847733105218,1.5666666666666669,0.375,0.0,0.7580392711198944,0.0,0.0,15.8
1.0521089623378097,174.90957699637474,1.7287931006493504,0.4012383915234295,0.5703155688622753,2.566666666666667,0.25,0.0,0.6360146706456212,0.0,0.0,16.2
1.6361172441666667,166.92616930658443,0.7824013916673951,0.2735982094142839,0.673105501497006,5.419047619047618,0.8076923076923077,0.375,0.9375,0.0,11.374772549367124,21.2
1.3705804152558398,159.36055553949538,1.308263277661027,0.2445557183020948,0.6503613173652698,7.333333333333332,0.5625,0.2,0.7044307784698619,0.0,11.9386105759037,17.6
1.7021143496481934,148.88983638475145,0.7918148241373941,0.3104868729821991,0.7041644185313584,5.047619047619048,0.7,0.3157894736842105,0.8078347747194917,5.749511833283905,11.600939890232516,20.9
1.26769539222433,164.76608307705987,1.4556967050401,0.2198954279330338,0.6025167664670661,9.666666666666668,0.125,0.0,0.6683096135406538,0.0,5.969305287951849,14.3
1.0520599031962807,168.79262723131268,1.8091175790336569,0.2833487676484585,0.5758207335329342,5.5,0.0,0.0,0.8280639062229567,6.103966387748303,0.0,15.5
1.1808410741314332,166.54855797331558,1.6,0.3109586709532336,0.5870031062874252,5.0,0.0,0.0,0.4966917186688699,0.0,0.0,15.8
1.7671980751549856,150.90779178823064,0.901234899133281,0.1976969543310931,0.7043927836634426,11.5,0.6,0.5384615384615384,0.97089225238202,23.195663234330624,16.938549644058888,26.25
0.883453416631579,214.9239791396404,1.7748222061404593,0.3128223252825718,0.5233326347305388,3.547619047619047,0.0,0.0,0.5929809818837098,0.0,0.0,17.2
1.168391894063846,166.1960588947965,1.5675673720551395,0.3483093866208516,0.5940964071856286,3.8333333333333335,0.1875,0.0,0.8215245950836549,5.783244946364939,5.783244946364939,16.2
0.95661285921225,172.75029452109192,1.6574706347441548,0.4946811001549934,0.5875902994011974,1.8333333333333333,0.0,0.3,0.7966576244513051,0.0,0.0,15.2
1.04274207133725,171.24720901812455,1.1594325212033951,0.4013180955073132,0.6602049537289058,2.880952380952381,0.25,0.0,0.8224908743082041,0.0,17.029427000228694,15.5
1.3943319587445788,161.29582540929073,1.287671913749601,0.2148083088586962,0.6239640359281438,10.066666666666666,0.3095238095238095,0.22,0.78991593505677,18.460360185545124,0.0,17.3
1.151939575486579,171.75091892216145,1.4360079536534178,0.4418986582627474,0.6211352794411177,2.4,0.6,0.0,0.796490490941855,0.0,0.0,15.3
1.508771944156125,151.91447251289557,1.1480446929850538,0.274015064401666,0.6700722395209582,6.166666666666667,0.6538461538461539,0.24,0.8836331320158104,6.606881964512918,5.969305287951849,16.8
1.7412024381963802,151.65398356291135,0.9042166598994006,0.1957349224641139,0.7139869723966701,11.947619047619046,0.72,0.3902439024390244,0.9476017742103572,5.749511833283905,34.380349839616926,19.9
1.6013495131162985,154.82573732047814,1.0138610449536003,0.2257875414884689,0.6897111093602272,9.514285714285714,0.6578947368421053,0.3421052631578947,0.8921389997879845,0.0,11.600939890232516,17.3
1.4987091801746308,156.1513572593219,1.215431969665451,0.1536111237160425,0.6156596829869672,18.5,0.0609756097560975,0.3411764705882353,0.9098392527498128,24.918781127757825,5.969305287951849,18.9
1.3178795286965572,162.54538189635085,1.399696643077713,0.1840772854553567,0.6226286880783886,13.333333333333334,0.3214285714285714,0.0909090909090909,0.6502900988880447,0.0,11.9386105759037,16.6
1.300140420651607,165.92852717994285,1.3739040153409725,0.2146865943469342,0.630991776447106,9.933333333333335,0.2142857142857142,0.2444444444444444,0.768205289178747,12.71084835226122,17.54605012303364,17.3
1.6218783760872857,158.6565738082551,0.9685409062998916,0.1937167065158607,0.6824787852865697,12.566666666666666,0.5576923076923077,0.4489795918367347,0.8854693028500209,5.817220841045895,17.384184836597456,17.2
1.2436840676364669,165.82439291551125,1.537245635139051,0.374673925139213,0.6082760853293414,3.2333333333333334,0.2142857142857142,0.3125,0.8319548827786958,0.0,5.907179729351506,18.0
1.856081297142857,151.04868420537048,0.8594929997005537,0.3141623498425575,0.7325660796054949,4.9,1.0,0.5882352941176471,0.9136527498406264,0.0,10.772448428929591,18.9
1.703605056237417,165.8838562189627,0.6401458892357488,0.4393433128162218,0.800876380572189,2.928571428571429,0.2,0.0,0.9298966940476158,0.0,23.20187978046503,16.6
0.9896809199899332,172.84104893945445,1.822509381134546,0.2549651197310292,0.5647294910179641,5.699999999999999,0.3,0.0,0.7280175133855431,13.213763929025836,0.0,17.8
1.057906658411605,166.13485930230306,1.7959198245738626,0.3478450038874149,0.5704709308655416,3.666666666666667,0.0,0.0,0.7603671884788616,0.0,0.0,15.2
1.1330174113358398,171.32926798679958,1.6216205144310107,0.4471109036653108,0.5903428834638415,2.333333333333333,0.0,0.3846153846153846,0.625824093869865,0.0,0.0,16.8
1.0804004574547,169.32381724015502,1.7,0.4407225226103045,0.5759604085945755,2.5,0.0,0.0,0.5753186792590907,0.0,0.0,14.5
3.1030043700000003,,0.5160297666570217,0.4922833218670107,1.0630889820359282,2.6428571428571432,0.0,0.0,0.5904362833084089,0.0,34.802819670697545,17.8
1.8352413108081669,,0.5416093660919404,0.5704070514520795,0.8818665868263473,1.9285714285714288,0.0,0.0,0.6554587535412855,0.0,23.20187978046503,18.2
1.21955712246225,170.09048047165797,1.126911161912939,0.4407999272496443,0.6356346022241232,2.7142857142857144,0.0,0.0,0.7982309855842459,0.0,11.600939890232516,16.2
4.0112,168.1594278169,1.5,0.3998753578556718,1.2035928143712578,3.8571428571428577,0.1666666666666666,0.0,0.355245321275764,8.982936348315855,46.40375956093006,19.0
0.8848745438355714,180.78498028045948,1.818762021378472,0.4931472507708804,0.5356142514970059,1.6666666666666663,0.0,0.0,0.5785580060704263,0.0,0.0,17.0
1.1587807377181958,161.87622144464174,1.687517837623487,0.3108089085863065,0.5903428834638416,4.666666666666667,0.15,0.0,0.6970860319745199,0.0,5.969305287951849,15.1
2.98333,,0.5087632803088581,0.4400647535069546,1.0499401197604792,2.928571428571429,0.0,0.0,0.5904362833084089,0.0,34.802819670697545,15.3
1.4889405815256895,154.622311238383,1.1657829071324823,0.2529378683157515,0.6408324079114499,7.166666666666666,0.5,0.1818181818181818,0.830206580974281,0.0,5.969305287951849,16.4
1.2677314597727918,173.55882779017728,1.3454365479420638,0.406510589176445,0.6102971441731919,2.733333333333333,0.25,0.3846153846153846,0.8752746979566217,0.0,5.907179729351506,19.4
1.2966642131103885,161.21904399957705,1.5313703170655324,0.1076661465501501,0.608817130025663,39.39999999999999,0.2058823529411764,0.1683673469387755,0.6977095881139064,60.4184082914796,64.94123948289098,18.83
1.0678316885921535,170.2804812170111,1.4165628177218534,0.4942431726447481,0.5875902994011974,1.8333333333333333,0.25,0.0,0.8795880017344075,0.0,0.0,15.3
1.1771380062311247,169.35896518258843,1.55770011536163,0.3734112562458963,0.5854853821768229,3.1666666666666665,0.0,0.2941176470588235,0.884870333120835,0.0,0.0,17.8
1.3785749876255384,161.93816074067857,1.2562262859033615,0.2731051700394547,0.6454771207584832,5.9,0.5769230769230769,0.25,0.9386137518291132,6.606881964512918,5.969305287951849,16.2
1.0563436786953235,169.51944978554175,1.74968845316556,0.3478138713304771,0.5875902994011976,3.666666666666667,0.1875,0.0,0.8205687986494469,0.0,5.969305287951849,15.8
1.0730486350863462,170.70093330078598,1.6454118475780486,0.4021934835623493,0.5595782185628743,2.6666666666666665,0.0,0.0,0.8632048827786958,0.0,0.0,16.6
1.7007857083165556,150.8443623183187,1.5165110829484956,0.1926535503564191,0.7123283603006754,12.833333333333334,0.8076923076923077,0.4680851063829787,0.6721592193165807,17.248535499851716,7.822697123132171,19.0
1.4536949675325306,159.2018391897665,1.239126620381761,0.2856637739683741,0.650278719484109,5.800000000000001,0.5,0.4230769230769231,0.9119976972117052,0.0,0.0,20.5
1.8024025551263056,147.76010787683742,0.8677685950413223,0.2980256101356731,0.7139415454804675,5.5,0.9090909090909092,0.4761904761904761,0.8535345792821429,0.0,10.772448428929591,20.6
4.1965,168.15942781689998,2.0,0.3488244474596683,1.229041916167665,5.285714285714287,0.0,0.0,0.2704260414863776,0.0,69.60563934139509,19.7
1.9119128043846727,155.26396290437617,0.6679053600893049,0.2259283023775097,0.7540663273453097,9.495238095238095,0.7894736842105263,0.4333333333333333,0.954112912780184,0.0,40.545957617784005,18.2
1.5801659336178333,152.52112119526512,1.1698411659347627,0.2057591521644786,0.6403546491921818,11.166666666666666,0.1739130434782608,0.320754716981132,0.8739551692450205,5.783244946364939,11.566489892729878,18.0
1.1038699022351464,168.78854780501868,1.6784162028800116,0.3103996800707494,0.5846083333333334,4.5,0.15,0.0,0.8590521459927658,6.103966387748303,5.969305287951849,15.8
1.5747027069056572,154.2911490848079,0.9747672935986852,0.2830466009795251,0.6560677735438213,5.499999999999999,0.625,0.2727272727272727,0.9184567911936088,0.0,5.969305287951849,20.5
1.1182186510663703,167.31668389576802,1.5946104889939965,0.4018521232301215,0.5920632485029941,2.833333333333333,0.25,0.0,0.7889097655573916,5.783244946364939,5.783244946364939,15.4
0.857712394818375,168.23736252914546,1.9970419772853405,0.4400293089515856,0.5778311377245507,2.1666666666666665,0.3,0.0,0.7500962309138223,0.0,5.969305287951849,15.5
1.2922251762108998,159.10654114195245,1.543384466393246,0.13827177324106,0.5987573886126053,23.23333333333333,0.0588235294117647,0.2372881355932203,0.8508927294862528,29.69619492059353,11.75255023431679,18.09
1.1760440811879818,167.13586563476352,1.584716136869182,0.3111171151186613,0.5821928143712577,4.833333333333333,0.0,0.0,0.668975324911386,0.0,0.0,16.0
1.951644672272728,153.0159504694344,0.6454224079488439,0.3117291148940032,0.7508169660678642,4.8809523809523805,0.8,0.4,0.9999999999999998,0.0,17.570245178184365,18.9
1.0439404845408715,170.63551974739127,1.7595443632363408,0.3277471768328683,0.5665478260869564,4.0,0.0,0.0,0.673208660801951,0.0,0.0,16.5
1.5842748872960768,160.64989430082358,1.0653153778065043,0.2036380536396556,0.680543935385044,10.966666666666669,0.6521739130434783,0.3953488372093023,0.8102910929525023,5.917906046161393,23.189132008070136,17.5
1.8122811208797904,154.13538994036415,1.2333453497516098,0.2059576803983009,0.7173371423819029,10.866666666666667,0.782608695652174,0.5,0.9381584892908076,5.817862777835028,21.62439887760755,16.8
1.246348512001236,165.38770703214993,1.5118950026047775,0.2201082085772206,0.5952582121471343,9.666666666666668,0.075,0.0,0.4741272358372702,0.0,5.969305287951849,16.4
1.2088649109404377,165.85497769143504,1.591973147910219,0.1922157915750849,0.5983912116942586,12.333333333333332,0.1153846153846153,0.0,0.6388194525099163,0.0,11.9386105759037,16.7
1.5644343573850372,154.4086855536822,0.9197484224909902,0.3487133038026356,0.6618928143712575,3.9,0.8125,0.3529411764705882,0.8740065897889193,0.0,5.687386274683562,19.4
1.7777567543687085,152.43118370857025,0.7613520018358646,0.3481503563361835,0.7400219960079839,4.214285714285714,0.75,0.4,0.8847354891422485,0.0,11.600939890232516,18.8
2.1607073446666667,147.60352438563018,0.5575642751945343,0.2981299924934305,0.8122937791084497,6.333333333333333,0.9545454545454546,0.5555555555555556,0.8833593796433151,0.0,26.70239232687894,20.3
1.3732915,254.0116625592111,0.6839054616747458,0.3489241003091954,0.7431137724550898,3.571428571428571,0.0,0.0,0.5,0.0,23.20187978046503,12.7
1.388170112543625,161.28252218616123,1.27300575982277,0.2964318055436609,0.6606328443113773,5.066666666666666,0.6818181818181818,0.3,0.9218533099827114,0.0,5.969305287951849,16.8
1.5663956382264117,157.7699456180828,1.0126695674260706,0.2979876612516172,0.6644405474764755,5.166666666666666,0.6818181818181818,0.2857142857142857,0.9050844088127902,0.0,5.969305287951849,18.8
0.9109899954547,181.17656057324373,1.6213593389628602,0.4915397730741599,0.569698502994012,1.6666666666666663,0.375,0.0,0.8018796874098554,0.0,5.969305287951849,14.5
1.207579172115773,165.11010975723744,1.514277788780373,0.2641427807463353,0.6253871257485032,6.333333333333332,0.3571428571428571,0.0,0.702836289033558,0.0,11.9386105759037,16.8
1.1667736196532068,164.48932641696655,1.6501408464124032,0.283591887783136,0.5920632485029941,5.666666666666666,0.125,0.0,0.7858458593344351,0.0,5.969305287951849,15.8
1.282550015577262,170.023260810193,1.4231022513499805,0.3132164059718677,0.590126119190191,4.357142857142858,0.0,0.2857142857142857,0.6502045839535273,0.0,0.0,12.5
1.835658868928571,154.3774388272749,0.8594929997005537,0.3140638811743502,0.7325660796054949,4.9,1.0,0.5882352941176471,0.9712175832802088,0.0,10.902924932081056,19.4
3.0402255083333336,172.249502608495,0.5132871422840674,0.43787484030522,1.052574151696607,3.1428571428571432,0.2,0.0,0.8710490642551527,4.491468174157927,34.802819670697545,18.0
1.3378307164164494,160.61048994843176,1.3304620933636195,0.2385649430403589,0.6303001074773533,8.133333333333333,0.4705882352941176,0.1538461538461538,0.7815970500788455,0.0,11.594566004035068,18.5
1.422560887284652,160.0590839294148,1.1581327436737088,0.2848122207574004,0.6343733643823467,5.733333333333333,0.5,0.2222222222222222,0.8888888888888892,0.0,0.0,17.2
1.5035150710655267,155.29114317424853,1.2412217290507008,0.1705095752337745,0.6281168074809284,15.5,0.1666666666666666,0.2328767123287671,0.9153169118111708,5.601050810983688,17.535795180681728,17.8
1.5226563852424728,155.92666973892076,1.1466606474307734,0.204376945438645,0.6722442556746973,10.833333333333332,0.6521739130434783,0.3488372093023256,0.8527209590113086,6.606881964512918,11.9386105759037,19.0
1.0246643772701365,162.38652008795722,1.9293608254125951,0.3281795320190538,0.5739565988023952,4.166666666666666,0.0,0.0,0.6034407773549841,0.0,0.0,15.3
1.664614562200466,152.59246228422023,1.016625808986021,0.2210466178441373,0.6605852010265185,9.666666666666666,0.4,0.4047619047619047,0.884029618758026,11.532756779648844,5.783244946364939,19.6
1.111841118867087,169.7064096976289,1.4975278977646729,0.4001975589407759,0.5821611576846306,2.7333333333333334,0.25,0.0,0.8035987149258059,0.0,5.711685002770702,14.7
1.1182186510663703,168.3749925738196,1.5946104889939965,0.4007138378163934,0.592063248502994,2.833333333333333,0.25,0.0,0.5701597655573916,5.783244946364939,5.783244946364939,15.8
1.5164851145,162.43378312078988,1.1302051865203673,0.3737888247089689,0.6870534567229177,3.1666666666666665,0.7857142857142857,0.4545454545454545,1.0000000000000002,0.0,6.286160523129555,18.6
1.2564051913939518,165.84925487158358,1.4432843669695918,0.2057129786515297,0.5792607584830342,9.666666666666666,0.0,0.2888888888888888,0.833614488153796,48.83173110198641,0.0,17.6
0.7340487096971501,153.15934449658334,2.4829128386277626,0.4411443423144853,0.5503613081529248,2.1666666666666665,0.0,0.0,0.5528644692833689,6.792942306099827,0.0,15.0
1.6559028540909089,159.05449209638513,0.7862913406916849,0.3122218391417172,0.67305249500998,4.4,0.85,0.4,0.9999999999999998,5.749511833283905,5.687386274683562,19.9
1.0690154986792306,172.07196454694952,1.7222256749620146,0.371137049663815,0.5749018780620576,3.4,0.0,0.0,0.6176665730676775,0.0,0.0,15.3
1.3606700206927145,172.8966426850997,1.1046745368465902,0.4963329221831402,0.6937877673224977,1.9,1.0,0.0,0.8982265179691366,0.0,0.0,16.0
1.0304581276532068,171.46968240099972,1.750143243139581,0.346977297244417,0.579638389886893,3.5,0.1875,0.0,0.8466562481426739,6.103966387748303,5.969305287951849,16.0
1.603799892299876,152.36326279741064,1.1172718746822918,0.1933385258377305,0.640388157019295,12.16666666666667,0.2115384615384615,0.3148148148148148,0.917912688885182,17.991177721861547,17.34973483909482,19.1
1.2123118454849,169.1442434105648,1.2213300934224582,0.4414316031646493,0.6175097804391217,2.1666666666666665,0.5,0.0,0.9298966940476158,0.0,5.969305287951849,17.7
1.2310613824698,165.38002775569896,1.55,0.2197604842810773,0.5930587792157622,10.0,0.0,0.0,0.3422563894287149,0.0,0.0,16.8
1.1654913930809585,164.3059838791875,1.4908754457183415,0.3728138981072387,0.6103131337325347,3.1666666666666665,0.4285714285714285,0.0,0.5988322950779538,11.566489892729878,11.566489892729878,17.1
1.869936000230905,158.1766238609975,0.5810972176197613,0.3490279780698468,0.7399810949529512,4.114285714285714,0.875,0.4285714285714285,0.9249572757036592,0.0,17.28832616491608,19.3
1.45098263090188,155.43425842449986,1.1603568407103173,0.3487155784871494,0.6671535928143713,3.833333333333333,0.8125,0.375,0.8514097655573916,5.749511833283905,0.0,17.8
1.1723723686453824,167.98794564599163,1.5371528427241783,0.3484633540007258,0.5875902994011976,3.666666666666667,0.1875,0.0,0.8524398460347836,0.0,5.969305287951849,16.6
1.321609515495478,164.4064566052338,1.331463267456732,0.1995735350699544,0.6234247351450944,11.133333333333336,0.4166666666666667,0.1153846153846153,0.8818594848677014,18.460360185545127,17.377810950400008,18.0
1.018162940238316,163.91255345932765,1.9466579169430085,0.2843183518701416,0.5758207335329342,5.5,0.0,0.0,0.5997556248918265,0.0,0.0,16.0
1.386133857443,161.44480759298776,1.2469616105382426,0.2461222007235882,0.6265723353293413,7.833333333333333,0.40625,0.15,0.7616979455155799,5.749511833283905,0.0,16.6
1.96933825,230.3432105704221,0.5500373619568583,0.3488532154151618,0.8645958083832336,4.0,0.0,0.0,0.8333333333333334,0.0,34.802819670697545,14.7
1.1520480625848917,164.85364375712564,1.6288193170964724,0.3712147757875587,0.5747676646706587,3.333333333333333,0.0,0.0,0.680071532655893,0.0,0.0,15.8
0.4446129048489999,,1.4999999999999998,1.0,0.4262646706586826,0.3333333333333333,0.0,0.0,0.579380164285695,0.0,0.0,15.5
0.5788124260781428,184.91765202424887,2.34384983961695,0.7061452271414603,0.5128914171656688,0.8333333333333333,0.0,0.0,0.6934264036172707,0.0,0.0,15.1
1.1466754459451394,168.02244934263285,1.609800467590584,0.3480013771378706,0.5778614770459082,3.8333333333333335,0.0,0.0,0.7613151824909574,0.0,0.0,15.9
0.9890994999999998,246.7181353029629,1.6428571428571432,0.2060844236764185,0.5363707367872952,8.071428571428571,0.0,0.0,0.56729414595819,0.0,0.0,12.1
1.1139479336163334,164.0246331882635,1.7,0.4403917411876771,0.5759604085945755,2.5,0.0,0.0,0.6508021860865488,0.0,0.0,13.7
0.7065710704999999,185.0509643601995,1.7615362066168128,0.5690468534581413,0.5518067065868264,1.1666666666666663,0.5,0.0,1.0,0.0,6.472220864716464,14.3
1.5945067890225162,157.53020225577433,0.8790192863196334,0.296879745263935,0.6606328443113771,5.066666666666666,0.7272727272727273,0.3,0.9537243573680482,5.749511833283905,5.907179729351506,19.9
0.9885058573207368,173.9054180852375,1.7551305357297482,0.3720791326621031,0.6027986181483187,3.0,0.4285714285714285,0.0,0.5528644692833687,0.0,11.9386105759037,16.0
1.4446107322393158,148.87411703920893,1.2753726000373795,0.2624994145039231,0.6630721057884231,6.333333333333332,0.6428571428571429,0.25,0.6954739270036171,0.0,11.9386105759037,18.6
1.1352369524498422,169.05953606468188,1.5923199444131255,0.3482083221500411,0.5704709308655416,3.6666666666666665,0.0,0.0,0.653441362572838,0.0,0.0,15.8
0.9242003388553334,191.4127035512249,1.1997757562913771,0.4906342563668467,0.5493392215568862,1.6333333333333333,0.375,0.0,0.5833333333333334,0.0,6.031114512338072,20.9
1.7527996688,154.5502015567624,0.9527809608035908,0.1896861809506605,0.7250601996007985,13.0,0.9444444444444444,0.6,0.6813263973996638,34.49707099970343,0.0,19.6
1.1989822663469445,172.97154542756502,1.058879403456309,0.4934088667527432,0.6454845400108873,2.2142857142857144,0.0,0.0,0.7699336331594974,0.0,11.600939890232516,16.0
1.4644536841482716,160.36449891644776,1.1496705057315688,0.1962346105155819,0.6515362851220636,11.9,0.56,0.2884615384615384,0.9043105937737068,18.460360185545124,5.783244946364939,17.9
1.25556372013584,172.695966793898,0.970564017934975,0.3716788930637912,0.6856823952095807,3.7619047619047614,0.0,0.0,0.6245948969456039,0.0,23.20187978046503,18.8
1.5047633553789166,147.0468111845385,1.111111111111111,0.3272578016946822,0.6567298545765612,4.5,0.6666666666666666,0.2857142857142857,0.4845017046935283,0.0,0.0,18.0
1.5796397095194348,152.8871338507321,1.1562964621429066,0.2011798432640538,0.6373895542248837,11.500000000000002,0.1666666666666666,0.3148148148148148,0.885733921686767,6.606881964512918,11.566489892729878,18.4
1.2344218181938431,160.3868052368604,1.55254724351373,0.3110196527195653,0.5952582121471345,4.833333333333334,0.15,0.0,0.5169637308515064,5.783244946364939,5.783244946364939,16.0
1.2739748995004745,162.87810113551868,1.4131267741959568,0.2247679441318481,0.6154848258029397,8.899999999999999,0.3421052631578947,0.1363636363636363,0.8740101008984595,18.460360185545127,0.0,17.7
2.4877893037122503,176.33957740008998,0.5388069391937167,0.4404610697961938,0.8892499251497007,3.1428571428571432,0.0,0.0,0.603759374819711,0.0,34.802819670697545,16.8
1.2395996103663334,155.07048225855544,1.6250000000000002,0.3484790786513634,0.584115016121603,4.0,0.0,0.0,0.5680110578418074,0.0,0.0,14.3
1.59721489707075,160.21560056178438,0.7371197601210361,0.3492434847865239,0.6569739520958084,3.8,0.875,0.375,0.6875,0.0,11.374772549367124,19.5
0.8862896239100001,166.1836414919109,2.1646867262374085,0.3281010449038748,0.5665478260869564,4.0,0.0,0.0,0.5433593235687648,0.0,0.0,15.8
1.05518457399772,170.3139639039546,1.6965599023193287,0.4403200577364988,0.5648674650698601,2.333333333333333,0.0,0.0,0.8035987149258059,0.0,0.0,15.8
1.487053339194611,155.94706951675144,1.2588692866681417,0.1653588179379054,0.6259447585840976,16.5,0.1571428571428571,0.2151898734177215,0.8960349902859924,5.601050810983688,17.535795180681728,17.7
1.0650456378247104,165.00230491841876,1.7959198245738626,0.3477162328038668,0.5704709308655416,3.666666666666667,0.0,0.0,0.6199657092119663,0.0,0.0,15.3
1.09001592103772,164.80435882959804,1.6965599023193283,0.440448910441566,0.5648674650698601,2.333333333333333,0.0,0.0,0.6670877683605712,0.0,0.0,15.1
1.951644672272728,153.0159504694344,0.6454224079488439,0.3110434922073516,0.7508169660678642,4.880952380952381,0.8,0.4,0.9999999999999998,0.0,17.570245178184365,19.0
1.666130047789604,162.03450333903297,0.7523461554691153,0.220197134731294,0.691270883233533,9.395238095238094,0.475,0.1875,0.975,6.103966387748303,34.7964457845001,23.06
0.504716292283,,1.973910791706943,0.7033445431704475,0.569698502994012,0.8333333333333333,0.75,0.0,0.75,6.78907609989417,6.78907609989417,10.7
7.2227471841415,,0.6226634031237925,0.572534339139581,1.6411480239520957,3.7857142857142856,0.0,0.0,0.6554587535412855,0.0,45.181741254136114,17.8
1.6140158738661914,159.80095738687044,1.044151296943035,0.1697463345503211,0.6778157684630739,16.104761904761908,0.6176470588235294,0.492063492063492,0.8419683174733791,11.63444168209179,11.033401435232523,19.3
1.6532815000000003,,0.5537316648557061,0.4397846578053627,0.8555688622754491,2.5,0.0,0.0,0.6554587535412855,0.0,23.20187978046503,12.3
1.9684644880377355,154.7679871001544,0.6435265550885606,0.2154114189731578,0.7703675874058338,10.395238095238096,0.7619047619047619,0.5483870967741935,0.973954956570052,0.0,40.5081307872708,15.9
1.1083433803215652,167.28254971027587,1.7549641832644898,0.3739101287408906,0.6027986181483187,3.0,0.2142857142857142,0.3846153846153846,0.8595824360039367,12.71084835226122,6.155365629538759,20.0
1.58563059627396,155.10825535149314,0.9489330735042038,0.3482653498240946,0.6671535928143713,3.833333333333333,0.75,0.375,0.8944548827786958,0.0,0.0,18.4
1.1887087669698,167.36650497098543,1.5315923036116943,0.3285626048152841,0.5891461077844311,4.166666666666667,0.1666666666666666,0.0,0.8197372116664485,0.0,5.969305287951849,16.6
1.5349662010795937,156.98794926516075,1.081190393967011,0.2728331905463019,0.6721512403763901,5.833333333333332,0.7307692307692307,0.2857142857142857,0.9267672896410716,11.3129633249809,11.9386105759037,18.7
1.5382099256364663,149.46475581176057,1.0625000000000002,0.347983150071202,0.666265136393879,4.0,0.75,0.3333333333333333,0.7667187592866301,0.0,0.0,17.3
1.3902723746710002,164.05968672164605,1.1748090481805862,0.2322241548564327,0.6323760632580995,8.466666666666667,0.4722222222222222,0.2307692307692307,0.8859472337697593,25.0051165914577,10.902924932081056,18.7
1.3848500335730465,155.2842195567587,1.4989084057718611,0.2632576268305802,0.649499251497006,6.266666666666667,0.5714285714285714,0.375,0.7407346569674459,0.0,11.16387793838399,17.3
0.9766465050655264,174.35519011312795,1.7657684285788298,0.4933651473957406,0.5562047904191615,1.8333333333333333,0.0,0.0,0.796490490941855,0.0,0.0,16.0
1.218725662761862,163.34526453125292,1.547480916547498,0.2725428112061854,0.6044249682453275,6.166666666666666,0.1923076923076923,0.0,0.8107123186244569,0.0,5.969305287951849,14.8
1.0004528304330476,175.81856455718275,1.6872860995339949,0.4933094018697408,0.5578598341777982,1.9,0.0,0.0,0.7764322346416844,0.0,0.0,17.0
1.423577403911939,154.55475847792962,1.2274198449212608,0.3291616304800335,0.652536616766467,4.4,0.7222222222222222,0.3,0.7424221086321582,0.0,5.687386274683562,18.0
0.9427872676613334,172.66410479587464,1.9621155447368743,0.3276931133725621,0.5665478260869564,4.0,0.0,0.0,0.7475569342917416,0.0,0.0,16.1
1.2990663817845831,164.43998568555577,1.3475831968188632,0.2252829760400232,0.6257804248645568,8.899999999999999,0.4210526315789473,0.1428571428571428,0.8520391654899722,19.31773031677414,0.0,17.1
1.359018724797591,162.212940187445,1.313143517015146,0.2722151965936843,0.6465294564716721,6.066666666666667,0.5769230769230769,0.2307692307692307,0.9119976972117052,0.0,5.969305287951849,16.7
1.3606428880547743,162.95540218973002,1.2153526661363605,0.2734593992907795,0.5978997433704021,5.333333333333333,0.3461538461538461,0.0,0.7749871238431028,0.0,17.90791586385555,16.2
1.536586500808167,179.243149501584,0.6633886886559036,0.4932522433095517,0.7759859281437127,2.428571428571429,0.0,0.0,0.5,0.0,23.20187978046503,19.0
1.2007834961661088,166.9254825564649,1.5274722960479612,0.3116908824392311,0.5903428834638416,4.666666666666666,0.15,0.0,0.7850883347628148,0.0,5.969305287951849,15.1
1.8953769653333328,149.82866156535513,0.8052631578947368,0.313977832163836,0.7330121091151032,5.0,1.0,0.5555555555555556,0.706895874194506,0.0,10.772448428929591,20.6
1.2123118454849,170.01665324343583,1.3515629239440732,0.3495954640089964,0.5940443969204446,3.333333333333333,0.375,0.0,0.6623077406664655,0.0,11.9386105759037,17.9
2.085314673157894,154.16745633811297,0.5046350288699192,0.3477143467492722,0.7925363887609396,4.666666666666666,0.875,0.4615384615384615,1.0000000000000002,5.749511833283905,15.929943897949348,21.3
0.8919599313116799,174.841516145812,1.9971516184535567,0.4400759398193437,0.5648674650698601,2.333333333333333,0.0,0.0,0.5305768217953362,0.0,0.0,14.5
1.5883797810227918,152.9573424955258,1.0000000000000004,0.3738547969272602,0.6796145309381235,3.5,0.8571428571428571,0.4,0.8377264515671147,0.0,0.0,18.0
1.1941976449574103,162.2216708558779,1.5675673720551395,0.3487339320511026,0.5940964071856286,3.833333333333333,0.1875,0.0,0.7322868926254825,5.783244946364939,5.783244946364939,16.0
1.668803545512875,150.98510608966427,0.939008596427006,0.17463556353123,0.656105988023952,14.466666666666669,0.40625,0.3214285714285714,0.9130884674759128,22.840946106665523,17.473669622081385,24.99
1.421646274111534,158.16622797865733,1.3462456065655728,0.1340427340438118,0.6169225210595757,24.833333333333325,0.0462962962962962,0.3644067796610169,0.811491232309509,24.918781127757825,5.969305287951849,18.7
1.5848423306480384,155.01461145995614,0.9026111950967768,0.3268317138434214,0.6561586474110603,4.166666666666666,0.7222222222222222,0.3529411764705882,0.9712175832802088,5.749511833283905,0.0,19.3
1.7150959608695653,154.1367986680982,0.8116800550323917,0.3119338620720756,0.677273877245509,4.499999999999999,0.8,0.375,0.96875,11.3129633249809,5.969305287951849,16.55
1.320778221492,171.2586483583485,1.15255315653764,0.5722562451879444,0.681354491017964,1.8333333333333333,0.0,0.0,0.7632300273809492,0.0,12.628789148012991,15.8
1.2185063053852083,165.66047500792698,1.5624999999999996,0.2457249653292087,0.5915085269461079,8.0,0.0,0.0,0.3877655625473889,0.0,0.0,16.4
1.1696810056117963,166.8260838999995,1.6111111111111112,0.3278353502230429,0.5857084451786084,4.5,0.0,0.0,0.5209877240611809,0.0,0.0,15.8
1.46886475643369,160.81139002847374,1.1361960223181482,0.2258268740867404,0.6500995958083833,9.066666666666666,0.5526315789473685,0.25,0.8578303672706289,18.460360185545124,10.772448428929591,19.2
1.2394626187262263,164.11955706319512,1.5271434534111406,0.2146709929200327,0.60235894526736,10.166666666666668,0.119047619047619,0.0,0.6756677006402123,0.0,5.969305287951849,14.5
1.6039023629476816,158.55584170835994,0.9091792013876144,0.3295935741386613,0.6795512175648702,4.133333333333333,0.8333333333333334,0.4,0.9658722633586913,0.0,5.907179729351506,20.0
1.4110118805555554,180.7792478660619,1.0661817298075262,0.3291796429463763,0.6507674151696606,3.752380952380952,0.7222222222222222,0.5,1.0,0.0,0.0,19.6
1.27790975147366,162.81634455261042,1.517171361577485,0.1857257114894457,0.5990331463654969,13.666666666666668,0.0535714285714285,0.0,0.4757536231419892,0.0,5.969305287951849,14.5
1.085944392955588,164.35409761379583,1.74968845316556,0.3482208589391641,0.5875902994011976,3.6666666666666665,0.1875,0.0,0.7192842873161823,0.0,5.969305287951849,15.1
1.7150959608695653,154.13837949464303,0.8116800550323918,0.3111274530927774,0.677273877245509,4.5,0.8,0.375,1.0,5.749511833283905,5.969305287951849,17.0
1.5377365960176306,154.69223090321023,1.1799672910651966,0.1709321713616896,0.6322803363860514,15.233333333333338,0.2121212121212121,0.25,0.9238797745028864,5.601050810983688,23.442974910033232,18.3
1.901395548529412,148.50885450846582,0.7758990602360716,0.2737077516759337,0.7216522383803821,6.166666666666666,0.8846153846153846,0.4761904761904761,0.8752174601104243,0.0,16.74175371688144,20.5
1.6082884537951432,155.94690324264454,1.0043478260869565,0.3134005107654803,0.6723330430048993,5.0,0.6,0.4545454545454545,0.6942129669760335,0.0,0.0,19.6
1.6454318354168678,150.0020176860454,1.0196258558014872,0.2376968210985222,0.6784064516129037,7.999999999999999,0.7058823529411765,0.3225806451612903,0.9380793742508172,5.749511833283905,16.74175371688144,18.1
1.6345889587181937,153.51116899793325,1.0144309715626696,0.21548435857161,0.6449638323353295,10.0,0.3095238095238095,0.3777777777777777,0.916017469116473,5.749511833283905,0.0,18.7
1.140237142759733,168.5584876888856,2.163566490895433,0.2945113062675823,0.6186065177337633,5.333333333333333,0.1363636363636363,0.0,0.5229271006057489,0.0,7.822697123132171,16.7
1.415269783646533,161.00749548494,1.3034482758620691,0.3139778321638361,0.6138210863986314,5.0,0.0,0.3571428571428571,0.4948216913570485,0.0,0.0,18.8
2.114213505555556,154.22055188584744,0.5448761274490896,0.3740152119501334,0.8185611277445108,4.333333333333333,0.9285714285714286,0.5,0.8894714728255649,0.0,15.929943897949348,20.5
1.614396101649889,154.3970581722241,0.9979280599242404,0.329042968034977,0.6867327932370553,4.333333333333333,0.8333333333333334,0.3529411764705882,0.8631428464570037,0.0,5.783244946364939,19.6
0.9769806397274444,153.15014530066253,2.032351041524893,0.4416679334353128,0.5778219061876246,2.2333333333333334,0.3,0.0,0.5929809818837098,0.0,6.410095306116121,17.4
1.0684762808355714,173.72890128832694,1.7127619170607875,0.4081947480651417,0.5821611576846306,2.733333333333333,0.0,0.4,0.6587226335869126,0.0,0.0,18.8
1.6294559427285304,152.11097534330654,1.0144836009317617,0.2558113247182076,0.6920731364856497,7.333333333333334,0.8,0.5172413793103449,0.705356699972896,0.0,0.0,17.4
1.163157843275306,167.5187085995253,1.595649943121402,0.3280134334792845,0.5802677755599911,4.333333333333333,0.0,0.0,0.7137067640211529,0.0,0.0,15.9
2.6757269650000004,173.657074765801,0.5000230916240901,0.4021347662947354,1.002513922155689,3.8571428571428577,0.0,0.0,0.5,9.67253938050011,46.40375956093006,18.8
1.4421027999361506,156.24255398512992,1.2921286527285132,0.2316419353751522,0.641127790572701,8.566666666666666,0.4166666666666667,0.3076923076923077,0.8240695593849757,0.0,5.969305287951849,16.9
0.9675086411112293,171.06434691726074,1.9420570216208508,0.2842518406855117,0.5824783575705731,5.333333333333333,0.125,0.0,0.7695528851729823,6.606881964512918,5.969305287951849,16.2
1.500576340590808,160.6489459212589,1.168761836543152,0.1970909724143788,0.659950333295673,12.133333333333333,0.56,0.3962264150943396,0.8410148994246347,0.0,11.594566004035068,18.7
1.0224330142841176,170.07149924742797,1.8474522274952896,0.2961673282240419,0.5733692752426183,5.0,0.0,0.0,0.7851763823294785,0.0,0.0,16.0
1.266974627171889,180.76192704812,0.8357530966077835,0.4916482479500902,0.7119229255774165,2.0476190476190474,0.375,0.0,0.7580392711198944,0.0,16.843366658641784,15.8
1.1429611858385555,147.97299231933502,2.309229914303036,0.3467565521804512,0.6287121169425854,3.8333333333333335,0.1875,0.0,0.452571385828014,0.0,7.822697123132171,16.7
1.545845238733595,153.47889590845094,1.196838551512676,0.1827046532923291,0.6337427701973104,13.500000000000002,0.1896551724137931,0.2786885245901639,0.916343958589978,5.601050810983688,17.535795180681728,18.6
1.1377950955556906,167.65866168005135,1.6428571428571432,0.3719488949815753,0.5821059099192918,3.5,0.0,0.0,0.56729414595819,0.0,0.0,15.3
1.02778809158725,172.24029328039984,1.6378735781611542,0.4027320322868012,0.6130118762475049,2.6666666666666665,0.4166666666666667,0.0,0.8429809818837098,0.0,5.969305287951849,16.0
1.0337705976458462,171.23388042639965,1.854173140553777,0.3700470650602681,0.5749018780620576,3.4,0.0,0.0,0.4541816128454379,0.0,0.0,17.8
1.4746755363920938,165.171194831525,1.1577801450762175,0.2729779653834402,0.6563743460447525,5.6,0.6538461538461539,0.4736842105263157,0.9410872157860573,0.0,11.16387793838399,16.8
1.5269601629798666,156.8351505393775,1.0625000000000002,0.3477921445859084,0.666265136393879,4.0,0.75,0.3333333333333333,0.8466562481426739,0.0,0.0,17.8
1.0716292111401429,168.59739818259257,1.618280117946712,0.4398880894879819,0.5903428834638415,2.333333333333333,0.3,0.0,0.7607399726889995,5.783244946364939,5.783244946364939,16.0
0.9572088400273498,172.79223359196186,1.925894270782159,0.3108752338188772,0.5629516467065869,4.333333333333333,0.0,0.0,0.6001421313598588,0.0,0.0,16.0
1.1783641820754545,161.73551400111648,1.578834283594898,0.3725050034247283,0.5932403403718878,3.333333333333333,0.2142857142857142,0.0,0.6993622192704676,5.783244946364939,5.783244946364939,15.3
0.6432040000000001,,1.5,0.5676230028983724,0.653493013972056,1.1666666666666663,1.0,0.0,0.579380164285695,0.0,6.1514994233331,15.7
1.5128305679878638,155.5158618397278,1.2213653875824702,0.1633166864055139,0.6291184998424203,16.666666666666668,0.1944444444444444,0.2236842105263158,0.904158166413448,5.601050810983688,23.50510046863358,18.3
1.6716032828926182,151.60185583420142,0.931665077786792,0.2324282392242173,0.6851006169479225,8.566666666666666,0.7777777777777778,0.3939393939393939,0.8782647296216898,0.0,17.344077837318974,20.3
1.4836113370348998,158.38712682392958,1.148044692985054,0.2729395001376736,0.6700722395209582,6.166666666666666,0.6538461538461539,0.24,0.8836331320158104,0.0,12.045325394785731,18.4
1.3304857795225755,165.5320048562352,1.3295885149882245,0.3770222409852804,0.6160595280028179,3.333333333333333,0.2142857142857142,0.3529411764705882,0.6833934160822958,5.783244946364939,5.783244946364939,17.8
1.4463283512518077,154.08298945786916,1.2466349999560309,0.3118511841579457,0.6714177879535047,4.566666666666666,0.75,0.3529411764705882,0.9315714232285018,0.0,5.969305287951849,16.8
1.367658966815614,161.7510910175112,1.3686916241889526,0.2531009091110199,0.6176296696928726,6.8,0.3,0.1935483870967742,0.7948316353861009,5.41499046939678,17.845473971041084,16.6
1.422580852099692,158.21331244653825,1.340062725498257,0.1328439214018907,0.6157739244200674,25.16666666666666,0.0454545454545454,0.361344537815126,0.8163187623968395,24.918781127757825,5.969305287951849,20.73
1.533819622918803,154.08915007370138,1.2093044360465712,0.1794437722177584,0.632138491766467,14.0,0.1833333333333333,0.265625,0.915977441389348,5.601050810983688,17.535795180681728,17.9
1.3755925391163333,176.828196653966,0.6563793012899688,0.571648412862235,0.7278416916167665,2.333333333333333,0.0,0.0,0.7185463540765221,0.0,15.929943897949348,16.6
0.9316382856135174,171.7703464699817,2.002256054680538,0.3462687013324807,0.579638389886893,3.5,0.1875,0.0,0.6068437815745426,0.0,6.155365629538759,16.6
1.0596381417363514,204.33571980789355,1.6254001834432867,0.2724477598675575,0.5559835757057313,5.047619047619047,0.0,0.0,0.8400357663279465,0.0,0.0,15.1
1.2142080139957767,165.6058718541822,1.5791546095896531,0.2148554947485698,0.5954748198518218,10.166666666666668,0.0714285714285714,0.0,0.553695703687755,0.0,5.969305287951849,14.3
1.0314218088103158,170.4967122473329,1.7959198245738626,0.347526506053511,0.5704709308655416,3.666666666666667,0.0,0.0,0.8496048909370341,0.0,0.0,16.0
0.8579427074412778,169.81701622292502,2.077036254298245,0.4941390954182683,0.5426319361277444,1.7999999999999998,0.0,0.0,0.546490490941855,0.0,0.0,15.3
1.15573091996225,167.18290294859315,1.6250000000000002,0.3478050876711578,0.584115016121603,4.0,0.0,0.0,0.5457890166997817,0.0,0.0,15.6
1.3056867520893685,172.3504163088898,1.387715250091384,0.3760642916803673,0.6398025040827435,3.0,0.4285714285714285,0.4545454545454545,0.6846565531077587,0.0,11.9386105759037,18.6
0.9746749688441482,177.2284404427728,1.830427623913482,0.4398426778477416,0.5656707709580838,2.4,0.0,0.0,0.5701597655573916,0.0,0.0,14.9
1.4013809914199429,160.55053258124724,1.1945299235537603,0.2975394530254658,0.6644405474764756,5.166666666666667,0.5909090909090909,0.5238095238095238,0.9050844088127902,18.460360185545127,0.0,18.2
0.9302102349352857,197.6411304063,1.3835379206368503,0.5704640390985567,0.6427523952095809,1.4,1.0,0.0,0.6934264036172707,0.0,0.0,15.3
1.2812816908081668,166.5362325874819,1.4166666666666667,0.4082482904638631,0.5995181636726546,3.0,0.0,0.3333333333333333,0.2202187890038466,0.0,0.0,16.8
1.2175438353200372,155.0257447039154,1.4126877971749885,0.371218137558739,0.6160595280028179,3.333333333333333,0.3571428571428571,0.0,0.6795846028063401,0.0,5.783244946364939,16.4
1.629264029754714,159.45473030480787,0.8183166189149873,0.3746480529172555,0.6752588109495293,3.4,0.9285714285714286,0.4285714285714285,0.8732737098805868,0.0,5.687386274683562,19.4
2.0837264904545454,150.89130132604996,0.5336499836692776,0.310869618957666,0.7855475049900199,5.5,0.8,0.4,0.9999999999999998,0.0,21.8992491859012,19.9
0.9548104896131924,167.5433746364702,1.9440730303580591,0.4022820856681271,0.5595782185628743,2.6666666666666665,0.0,0.0,0.8201597655573916,0.0,0.0,15.6
1.291390044330946,166.40775313895242,1.3805433594098389,0.3759727893935679,0.5932403403718878,3.333333333333333,0.0,0.3157894736842105,0.6591554610142468,0.0,0.0,17.4
1.6663719689473684,158.02519387583024,0.8522192004725013,0.3744598626585434,0.6827617687701519,3.333333333333333,0.9285714285714286,0.4615384615384615,0.9011575366850628,5.749511833283905,0.0,18.0
1.4161065428878823,151.98173252052334,2.027098169749317,0.2966308600242249,0.6143769151352471,5.533333333333333,0.1363636363636363,0.0,0.3233792432951281,0.0,7.594071046746365,18.5
1.7139305518687085,153.34576442006534,0.9375,0.3497659808046268,0.6996386227544911,4.0,0.875,0.375,0.8944548827786958,0.0,6.076020106833881,18.6
1.7188533297939603,154.53774837253323,0.9170666277486516,0.3294473646808583,0.7158514595808384,4.4,1.0,0.375,0.8944548827786958,0.0,0.0,19.5
1.5814611894373705,152.90139835098978,1.1430543190888067,0.1972337332938933,0.6345322808927601,11.833333333333336,0.16,0.3090909090909091,0.9009047994819552,12.207932775496603,11.566489892729878,18.8
1.01248867132376,169.83389201112504,1.8765188210559065,0.3106355965286845,0.5766953378956374,4.666666666666667,0.0,0.0,0.7956273292965585,0.0,0.0,15.3
1.6602251,159.49005521714386,0.8468318838843958,0.3300209394593081,0.6868248502994011,4.066666666666666,0.8888888888888888,0.4285714285714285,0.9107950720287574,0.0,5.687386274683562,20.0
1.04603855108725,160.97237979540753,1.6378735781611542,0.4023372721546618,0.6130118762475049,2.6666666666666665,0.4166666666666667,0.0,0.8429809818837098,0.0,5.969305287951849,15.3
1.2810744238385554,174.49703370173333,1.7221754316861515,0.4383038290657851,0.6447881328252585,2.5000000000000004,0.6,0.0,0.4873100251702876,9.837253136417502,9.837253136417502,19.0
1.2478469196046795,165.0956728478158,1.4854906742246734,0.2252758467218086,0.5973494610778445,9.333333333333334,0.0526315789473684,0.0,0.6579763777156653,0.0,0.0,14.3
0.9336502175428636,174.4670769215822,1.8736092023496629,0.4012001225872816,0.5824783575705731,2.6666666666666665,0.25,0.0,0.7840687819093441,0.0,5.969305287951849,15.8
1.0508964131997949,169.45987201625914,1.7595443632363412,0.3280176707537619,0.5665478260869564,4.0,0.0,0.0,0.8124816029083346,0.0,0.0,16.0
1.5281916315934194,156.66540330503665,1.020081689704107,0.3264511951071749,0.6564743145288371,4.333333333333334,0.7222222222222222,0.3157894736842105,0.9163073301685164,5.749511833283905,0.0,18.0
1.3248369106533489,163.67917600238033,1.3395268597239822,0.2257950903364305,0.6200051471525038,9.166666666666666,0.3421052631578947,0.1276595744680851,0.7451624969433783,12.356393797796825,0.0,16.8
1.3416186667863244,161.16501906009807,1.3525936745344929,0.2178941487720559,0.6358347020245225,9.333333333333332,0.45,0.1428571428571428,0.7195755773361371,0.0,11.9386105759037,17.8
1.78961447258188,151.97174648472895,0.7121159979631231,0.3275342045530391,0.7237855913173654,4.547619047619048,0.7777777777777778,0.375,0.9257048827786958,5.749511833283905,11.600939890232516,20.3
1.0970240109640474,170.604101828812,1.618280117946712,0.4417259561904054,0.5903428834638415,2.333333333333333,0.3,0.0,0.8180073353228107,6.286160523129555,6.286160523129555,14.7
1.0105787183697998,173.0925780121497,1.701326818330451,0.4403798381636848,0.5503613081529248,2.1666666666666665,0.0,0.0,0.8595824360039367,0.0,0.0,16.8
1.2080150005662658,166.2253202050599,1.558094908937098,0.2628103930011047,0.5871429141716569,6.833333333333333,0.0,0.0,0.534324158782374,0.0,0.0,14.3
1.0945698027723547,169.72741801161231,1.655711088991783,0.4021566559806667,0.5706425815036593,2.833333333333333,0.0,0.0,0.8300677204059526,0.0,0.0,15.9
1.0628592438497408,172.68486983063582,1.6384046039855795,0.4408585169528217,0.5656707709580839,2.4,0.0,0.0,0.8007048827786958,0.0,0.0,16.2
1.0901379760237828,170.20518392651567,1.550386772759548,0.3478243899911141,0.6021835329341318,3.5,0.3125,0.0,0.90625,6.606881964512918,5.969305287951849,16.0
1.592000090084827,151.96841342510996,1.1432802486399245,0.1795275916548483,0.6469172987358618,14.233333333333334,0.25,0.3174603174603174,0.9176257736022392,11.70501719873199,0.0,19.8
1.6194719432089006,152.35743376566413,1.0804350878720257,0.1934271373392253,0.640388157019295,12.16666666666667,0.1923076923076923,0.3148148148148148,0.930784195764548,12.207932775496603,11.566489892729878,19.0
0.89104306958725,171.75457641983172,1.9970419772853405,0.4411705232668401,0.5778311377245507,2.1666666666666665,0.3,0.0,0.8224908743082042,0.0,6.472220864716464,13.2
1.2592688424622502,155.18160094987817,1.2941538761000888,0.4020987944072807,0.6130118762475049,2.666666666666667,0.4166666666666667,0.0,0.8429809818837098,0.0,5.969305287951849,15.8
1.3367812656937703,163.09264332615533,1.2672156437416673,0.2317442558402553,0.6238527516395781,8.566666666666666,0.4166666666666667,0.1428571428571428,0.8697009772438168,25.005116591457703,0.0,17.1
1.4440547520741998,150.7441243865924,1.2753344842464605,0.3125783598722139,0.6279217065868264,4.833333333333334,0.25,0.25,0.7613151824909574,0.0,5.783244946364939,16.6
1.1490346567533574,168.9289843824296,1.5450600485420751,0.3724124433136265,0.5854853821768229,3.166666666666667,0.2142857142857142,0.0,0.8452241730691281,0.0,5.969305287951849,16.7
